g Combined Mesh (root: scene)
v 92.79546 1.956497 -162.233
v -94.20454 1.956497 -162.233
v 92.79546 1.956497 -392.1927
v -94.20454 1.956497 -392.1927
v -305.8804 -127.5534 -2830.245
v 305.8804 -127.5534 -2830.245
v -305.8804 257.3782 -2830.245
v 305.8804 257.3782 -2830.245
v -305.8804 257.3782 -2991.755
v 305.8804 257.3782 -2991.755
v -305.8804 -127.5534 -2991.755
v 305.8804 -127.5534 -2991.755
v -305.8804 257.3782 -2830.245
v 305.8804 257.3782 -2830.245
v -305.8804 257.3782 -2991.755
v 305.8804 257.3782 -2991.755
v -305.8804 -127.5534 -2991.755
v 305.8804 -127.5534 -2830.245
v 305.8804 -127.5534 -2991.755
v -305.8804 -127.5534 -2830.245
v 305.8804 -127.5534 -2830.245
v 305.8804 257.3782 -2991.755
v 305.8804 -127.5534 -2991.755
v 305.8804 257.3782 -2830.245
v -305.8804 -127.5534 -2991.755
v -305.8804 257.3782 -2830.245
v -305.8804 -127.5534 -2830.245
v -305.8804 257.3782 -2991.755
v -157.2173 -60.02718 -3397.436
v 157.5752 -60.02718 -3397.436
v -157.2173 138.0463 -3397.436
v 157.5752 138.0463 -3397.436
v -157.2173 138.0463 -3676.608
v 157.5752 138.0463 -3676.608
v -157.2173 -60.02718 -3676.608
v 157.5752 -60.02718 -3676.608
v -157.2173 138.0463 -3397.436
v 157.5752 138.0463 -3397.436
v -157.2173 138.0463 -3676.608
v 157.5752 138.0463 -3676.608
v -157.2173 -60.02718 -3676.608
v 157.5752 -60.02718 -3397.436
v 157.5752 -60.02718 -3676.608
v -157.2173 -60.02718 -3397.436
v 157.5752 -60.02718 -3397.436
v 157.5752 138.0463 -3676.608
v 157.5752 -60.02718 -3676.608
v 157.5752 138.0463 -3397.436
v -157.2173 -60.02718 -3676.608
v -157.2173 138.0463 -3397.436
v -157.2173 -60.02718 -3397.436
v -157.2173 138.0463 -3676.608
v -2745.551 -27.70636 -1074.658
v -2431.813 -27.70636 -257.9044
v -1881.04 -27.70636 421.924
v -1147.145 -27.70636 898.2813
v -301.967 -27.70636 1124.538
v 571.7623 -27.70636 1078.547
v 1388.516 -27.70636 764.8086
v 2068.344 -27.70636 214.0359
v 2544.702 -27.70636 -519.8589
v 2770.958 -27.70636 -1365.037
v 2724.967 -27.70636 -2238.766
v 2411.229 -27.70636 -3055.519
v 1860.456 -27.70636 -3735.347
v 1126.562 -27.70636 -4211.705
v 281.3839 -27.70636 -4437.961
v -592.3448 -27.70636 -4391.97
v -1409.098 -27.70636 -4078.232
v -2088.927 -27.70636 -3527.459
v -2565.284 -27.70636 -2793.565
v -2791.54 -27.70636 -1948.387
v -2745.551 2391.418 -1074.658
v -2431.813 2391.418 -257.9044
v -1881.04 2391.418 421.924
v -1147.145 2391.418 898.2813
v -301.967 2391.418 1124.538
v 571.7623 2391.418 1078.547
v 1388.516 2391.418 764.8086
v 2068.344 2391.418 214.0359
v 2544.702 2391.418 -519.8589
v 2770.958 2391.418 -1365.037
v 2724.967 2391.418 -2238.766
v 2411.229 2391.418 -3055.519
v 1860.456 2391.418 -3735.347
v 1126.562 2391.418 -4211.705
v 281.3839 2391.418 -4437.961
v -592.3448 2391.418 -4391.97
v -1409.098 2391.418 -4078.232
v -2088.927 2391.418 -3527.459
v -2565.284 2391.418 -2793.565
v -2791.54 2391.418 -1948.387
v -301.967 -27.70636 1124.538
v -301.967 2391.418 1124.538
v 2544.702 -27.70636 -519.8589
v 2544.702 2391.418 -519.8589
v -2745.551 2391.418 -1074.658
v -2745.551 -27.70636 -1074.658
v -134.901 -0.9482574 -3371.502
v -133.0936 -5.713806 -3371.502
v -130.1983 -9.908348 -3371.502
v -126.3834 -13.28812 -3371.502
v -121.8704 -15.6567 -3371.502
v -116.9218 -16.87643 -3371.502
v -111.825 -16.87643 -3371.502
v -106.8764 -15.6567 -3371.502
v -102.3634 -13.28812 -3371.502
v -98.54846 -9.908348 -3371.502
v -95.65318 -5.713806 -3371.502
v -93.84585 -0.9482651 -3371.502
v -134.9013 -0.9659958 33.16669
v -133.0936 -5.713806 33.16669
v -130.1983 -9.908348 33.16669
v -126.3834 -13.28813 33.16669
v -121.8704 -15.6567 33.16669
v -116.9218 -16.87644 33.16669
v -111.825 -16.87644 33.16669
v -106.8764 -15.6567 33.16669
v -102.3634 -13.28813 33.16669
v -98.54846 -9.908348 33.16669
v -95.65318 -5.713806 33.16669
v -93.84585 -0.9482651 33.16669
v -95.65318 -5.713806 33.16669
v -93.84585 -0.9482651 33.16669
v -134.9013 -0.9659958 33.16669
v -98.54846 -9.908348 33.16669
v -102.3634 -13.28813 33.16669
v -106.8764 -15.6567 33.16669
v -111.825 -16.87644 33.16669
v -116.9218 -16.87644 33.16669
v -121.8704 -15.6567 33.16669
v -126.3834 -13.28813 33.16669
v -130.1983 -9.908348 33.16669
v -133.0936 -5.713806 33.16669
v 134.5754 -0.5982513 -3383.945
v 132.6972 -5.3638 -3383.945
v 129.6884 -9.558342 -3383.944
v 125.7238 -12.93812 -3383.944
v 121.0338 -15.30669 -3383.945
v 115.8911 -16.52643 -3383.945
v 110.5944 -16.52643 -3383.945
v 105.4516 -15.30669 -3383.945
v 100.7617 -12.93812 -3383.944
v 96.79707 -9.558342 -3383.944
v 93.78823 -5.3638 -3383.945
v 91.91 -0.598259 -3383.945
v 134.5758 -0.6159897 20.72407
v 132.6972 -5.3638 20.72407
v 129.6884 -9.558342 20.72407
v 125.7238 -12.93813 20.72407
v 121.0338 -15.30669 20.72407
v 115.8911 -16.52644 20.72407
v 110.5944 -16.52644 20.72407
v 105.4516 -15.30669 20.72407
v 100.7617 -12.93813 20.72407
v 96.79707 -9.558342 20.72407
v 93.78823 -5.3638 20.72407
v 91.91 -0.598259 20.72407
v 93.78823 -5.3638 20.72407
v 91.91 -0.598259 20.72407
v 134.5758 -0.6159897 20.72407
v 96.79707 -9.558342 20.72407
v 100.7617 -12.93813 20.72407
v 105.4516 -15.30669 20.72407
v 110.5944 -16.52644 20.72407
v 115.8911 -16.52644 20.72407
v 121.0338 -15.30669 20.72407
v 125.7238 -12.93813 20.72407
v 129.6884 -9.558342 20.72407
v 132.6972 -5.3638 20.72407
v -3489.164 -14.41171 843.0367
v 3484.423 -14.41171 843.0367
v -3489.164 -14.41171 -4705.423
v 3484.423 -14.41171 -4705.423
v 167.9682 2.565313 843.0367
v 167.9683 2.565313 -4705.423
v -163.156 2.565313 843.0367
v -163.1559 2.565313 -4705.423
v 128.1344 -23.85911 843.0367
v 128.1345 -23.85911 -4705.423
v -123.3221 -23.85911 843.0367
v -123.322 -23.85911 -4705.423
v 167.9682 2.565313 843.0367
v 167.9683 2.565313 -4705.423
v -163.1559 2.565313 -4705.423
v -163.156 2.565313 843.0367
v 136.5019 -14.40466 -1454.779
v 461.8496 -14.38796 -1454.779
v 1385.024 -21.97104 -1454.779
v 136.5019 -40.37748 -1909.493
v 252.5434 7.399663 -1910.177
v 400.6252 27.04203 -1910.825
v 590.5032 60.40985 -1912.833
v 832.9677 77.58365 -1910.898
v 136.5019 -15.27689 -2515.777
v 252.1011 44.6305 -2515.837
v 397.3242 73.04518 -2515.781
v 584.9478 122.8045 -2515.777
v 831.5897 146.7645 -2515.777
v 136.5019 -13.23536 -2970.49
v 260.3662 26.19471 -2970.49
v 396.8116 104.7596 -2970.49
v 584.9478 160.7849 -2970.49
v 831.5897 186.7628 -2970.49
v 136.5019 -13.23536 -3875.426
v 526.8876 160.7849 -3875.425
v 1385.661 133.2782 -2446.38
v 1385.024 186.7628 -3875.426
v -178.8742 0.6522499 755.1829
v 168.6555 0.6522499 755.1829
v -179.0045 0.277103 13.55078
v 168.5257 0.277103 13.55078
v -132.3467 -17.13293 -62.97686
v -457.6945 -17.11623 -62.97686
v -1380.869 -24.69931 -62.97686
v -132.3467 -43.10575 -831.2523
v -248.3882 4.671392 -831.9371
v -396.4701 24.31376 -832.5851
v -586.3481 57.68158 -834.5925
v -828.8125 74.85538 -832.6578
v -132.3467 -18.00516 -1790.083
v -247.946 41.90223 -1790.143
v -393.169 70.31691 -1790.087
v -580.7927 120.0762 -1790.083
v -827.4346 144.0362 -1790.083
v -132.3467 -15.96363 -2544.844
v -256.2111 23.46644 -2544.844
v -392.6565 102.0313 -2544.844
v -580.7927 158.0566 -2544.844
v -827.4346 184.0345 -2544.844
v -132.3467 -15.96363 -3875.426
v -522.7325 158.0566 -3875.425
v -1381.506 130.5499 -1720.686
v -1380.869 184.0345 -3875.426
v -133.3436 -5.00885 158.2616
v 133.2461 -5.00885 158.2616
v -133.3436 -5.00885 -3651.946
v 133.2461 -5.00885 -3651.946
v 91.75284 -0.6670991 -3397.148
v -94.74716 -0.6670991 -3397.148
v 91.75284 -230.6267 -3397.148
v -94.74716 -230.6267 -3397.148
v 1039.777 115.5193 -3871.892
v 1338.895 115.5193 -3772.375
v 1039.777 441.3289 -3871.892
v 1338.895 441.3289 -3772.375
v -1355.102 77.26146 -3613.441
v -1019.673 77.26146 -3801.501
v -1355.102 474.7082 -3613.441
v -1019.673 474.7082 -3801.501
v -662.0599 102.8116 -3961.473
v -984.1735 102.8116 -3793.924
v -662.0599 519.1221 -3961.473
v -984.1735 519.1221 -3793.924
v 1399.585 143.1936 -3819.142
v 1668.68 6.602209 -3614.352
v 1520.255 491.9474 -3745.09
v 1789.35 355.356 -3540.3
v 686.4246 -48.18148 -1455.242
v 673.1969 227.3578 -1384.867
v 647.3016 -38.75192 -1499.515
v 634.074 236.7874 -1429.14
v 650.2192 303.2306 -1388.829
v 480.4738 -31.93201 -1694.832
v 502.8022 191.9457 -1604.125
v 525.0174 -56.5436 -1645.051
v 547.3458 167.3341 -1554.345
v 530.8406 237.4562 -1555.81
v 447.9611 107.9542 -3108.181
v 397.0439 266.2722 -3064.574
v 416.3276 103.4907 -3128.912
v 365.4105 261.8088 -3085.305
v 368.0777 304.9261 -3063.678
v 532.4509 0.3201558 -1933.795
v 545.0585 53.71291 -1938.007
v 592.4506 68.34198 -1629.539
v 605.058 121.7345 -1633.752
v 562.5446 110.5868 -1284.838
v 575.152 163.9794 -1289.05
v 580.8621 105.9129 -1281.94
v 593.4695 159.3055 -1286.153
v 575.152 163.9794 -1289.05
v 562.5446 110.5868 -1284.838
v 394.919 215.1661 -3417.728
v 595.8617 247.8272 -3295.779
v 392.5628 241.8725 -3419.021
v 593.5054 274.5337 -3297.072
v 655.4424 245.0418 -3075.077
v 657.4863 271.6725 -3072.415
v 724.6664 245.0418 -2987.465
v 726.7103 271.6726 -2984.803
v 815.9112 245.0419 -2857.212
v 817.955 271.6725 -2854.55
v 782.8358 245.0418 -2584.429
v 784.8796 271.6725 -2581.767
v 797.0541 245.0418 -2584.429
v 799.0979 271.6725 -2581.767
v 593.5054 274.5337 -3297.072
v 595.8617 247.8272 -3295.779
v 726.7103 271.6726 -2984.803
v 724.6664 245.0418 -2987.465
v 784.8796 271.6725 -2581.767
v 782.8358 245.0418 -2584.429
v -227.0748 19.65336 -3164.02
v -252.5983 23.32873 -3189.457
v -295.1727 35.42415 -3144.991
v -269.6492 31.7488 -3119.554
v -235.6002 23.86339 -3129.068
v -205.5924 34.78087 -3170.2
v -244.1686 40.33581 -3208.647
v -308.5155 58.61681 -3141.441
v -269.9392 53.06186 -3102.995
v -218.4777 41.14389 -3117.375
v -197.4328 58.93118 -3172.711
v -238.1738 64.79784 -3213.315
v -306.1314 84.10468 -3142.338
v -265.3904 78.23801 -3101.734
v -211.0412 65.65128 -3116.921
v -208.3916 107.6117 -3170.057
v -233.9151 111.2871 -3195.495
v -276.4895 123.3825 -3151.029
v -250.966 119.7071 -3125.592
v -216.917 111.8217 -3135.106
v -241.3913 120.437 -3160.882
v -195.0487 84.41904 -3173.608
v -233.625 89.97398 -3212.054
v -297.9718 108.255 -3144.848
v -259.3956 102.7 -3106.402
v -207.9341 90.78207 -3120.782
v -239.2654 121.1055 -3164.131
v -241.7393 137.1149 -3164.083
v -233.6737 134.5132 -3173.925
v -208.3916 107.6117 -3170.057
v -276.4895 123.3825 -3151.029
v -250.966 119.7071 -3125.592
v -216.917 111.8217 -3135.106
v -233.9151 111.2871 -3195.495
v -241.3913 120.437 -3160.882
v -239.2654 121.1055 -3164.131
v -235.6002 23.86339 -3129.068
v -218.4777 41.14389 -3117.375
v -211.0412 65.65128 -3116.921
v -216.917 111.8217 -3135.106
v -207.9341 90.78207 -3120.782
v -239.2654 121.1055 -3164.131
v 353.0344 -52.7707 -743.1806
v 352.7363 24.60358 -743.1708
v 301.489 -52.96631 -766.6631
v 301.1909 24.40798 -766.6534
v 229.7148 -70.42479 -664.157
v 230.1961 6.948586 -664.1409
v 186.8142 -70.14838 -710.2325
v 187.2955 7.22499 -710.2164
v 345.5947 310.9279 28.51969
v 418.4981 41.07636 83.39108
v 157.3758 204.9804 -242.4467
v 230.2792 -64.87114 -187.5753
v -538.5252 365.9053 -651.9926
v -611.8372 75.4094 -603.3094
v -265.6717 266.6809 -833.1818
v -338.9837 -23.81497 -784.4987
v -376.9286 79.05689 -2248.537
v -434.93 89.97968 -2262.647
v -460.4839 85.88443 -2160.775
v -402.4827 74.96168 -2146.665
v -360.705 71.54793 -2190.546
v -350.1238 109.6383 -2268.313
v -437.787 126.1469 -2289.639
v -476.4092 119.9574 -2135.67
v -388.7459 103.4487 -2114.344
v -325.6034 98.28922 -2180.666
v -339.5342 151.2239 -2268.584
v -432.1167 168.6589 -2291.107
v -472.9062 162.1221 -2128.498
v -380.3235 144.687 -2105.975
v -313.6378 139.238 -2176.018
v -351.9564 227.4615 -2236.307
v -409.9578 238.3843 -2250.417
v -435.5118 234.2891 -2148.545
v -377.5105 223.3663 -2134.435
v -335.7328 219.9526 -2178.316
v -392.3316 239.21 -2191.739
v -336.0311 193.3885 -2261.411
v -423.6944 209.8972 -2282.738
v -462.3165 203.7077 -2128.768
v -374.6532 187.199 -2107.442
v -311.5107 182.0395 -2173.764
v -397.7021 238.9584 -2189.086
v -385.6952 265.7299 -2201.12
v -404.3385 266.1656 -2200.236
v -351.9564 227.4615 -2236.307
v -435.5118 234.2891 -2148.545
v -377.5105 223.3663 -2134.435
v -335.7328 219.9526 -2178.316
v -409.9578 238.3843 -2250.417
v -392.3316 239.21 -2191.739
v -397.7021 238.9584 -2189.086
v -360.705 71.54793 -2190.546
v -325.6034 98.28922 -2180.666
v -313.6378 139.238 -2176.018
v -335.7328 219.9526 -2178.316
v -311.5107 182.0395 -2173.764
v -397.7021 238.9584 -2189.086
v 244.4973 17.12114 -3173.091
v 238.8842 11.28024 -3207.439
v 179.9671 -0.171794 -3195.864
v 185.5802 5.669129 -3161.515
v 217.8454 14.3156 -3150.129
v 256.9103 40.06273 -3169.749
v 248.4266 31.23478 -3221.664
v 159.3795 13.92623 -3204.168
v 167.8632 22.75417 -3152.254
v 216.6286 35.82242 -3135.044
v 254.3523 64.78576 -3171.997
v 245.3926 55.46241 -3226.825
v 151.3485 37.1826 -3208.348
v 160.3083 46.50592 -3153.521
v 211.8102 60.3075 -3135.345
v 225.7337 102.1401 -3184.482
v 220.1206 96.29919 -3218.83
v 161.2035 84.84719 -3207.255
v 166.8167 90.6881 -3172.906
v 199.0818 99.33456 -3161.52
v 192.4148 98.26849 -3196.508
v 246.3213 88.04211 -3176.177
v 237.8376 79.21416 -3228.092
v 148.7905 61.9056 -3210.597
v 157.2742 70.73354 -3158.682
v 206.0396 83.80179 -3141.473
v 197.197 99.52292 -3196.406
v 191.2573 118.1371 -3199.698
v 202.3063 119.5614 -3192.272
v 225.7337 102.1401 -3184.482
v 161.2035 84.84719 -3207.255
v 166.8167 90.6881 -3172.906
v 199.0818 99.33456 -3161.52
v 220.1206 96.29919 -3218.83
v 192.4148 98.26849 -3196.508
v 197.197 99.52292 -3196.406
v 217.8454 14.3156 -3150.129
v 216.6286 35.82242 -3135.044
v 211.8102 60.3075 -3135.345
v 199.0818 99.33456 -3161.52
v 206.0396 83.80179 -3141.473
v 197.197 99.52292 -3196.406
v -490.5727 -31.1005 -3446.754
v -376.1268 -31.10051 -3318.325
v -227.1038 -31.10052 -3242.137
v -138.8618 -31.10052 -3213.839
v 145.7573 -31.10052 -3213.839
v 233.9992 -31.10052 -3242.137
v 347.6518 -31.10052 -3274.739
v 432.4307 -31.1005 -3446.754
v -429.3774 69.20135 -3457.551
v -322.5739 88.45198 -3330.573
v -211.7079 99.87205 -3255.246
v -139.9563 22.9418 -3213.839
v 133.9097 22.9418 -3213.839
v 218.6034 99.87205 -3255.246
v 262.0649 125.5895 -3336.203
v 403.7838 69.20135 -3457.551
v -83.31778 122.7589 -3230.094
v 128.2721 104.1137 -3227.268
v -330.1209 154.0248 -3474.222
v -175.8245 206.5354 -3276.458
v -14.88483 191.3719 -3243.154
v 30.00754 209.5836 -3247.99
v 337.0164 154.0248 -3474.222
v -224.7998 322.8144 -3533.761
v -150.1309 377.5488 -3413.997
v 3.447712 335.6397 -3283.536
v 47.04138 412.8019 -3336.861
v 156.814 376.1985 -3416.952
v 231.6952 322.8144 -3533.761
v -177.9086 482.0081 -3646.336
v -128.7352 544.4966 -3554.879
v 40.63984 607.4321 -3462.768
v 156.26 554.4613 -3540.295
v 255.7181 482.0081 -3646.336
v -262.2164 613.3132 -3760.175
v -179.5388 697.7035 -3688.429
v 37.83762 776.6172 -3621.339
v 248.5508 711.1605 -3676.988
v 356.8106 613.3132 -3760.175
v -138.8618 -31.10051 -3340.724
v 145.7573 -31.10051 -3340.724
v -83.31778 103.7396 -3355.546
v 128.2721 85.0945 -3352.719
v -0.9024777 158.303 -3441.121
v -136.3227 -31.10048 -3539.832
v -67.37286 103.7396 -3554.654
v 143.2181 -31.10048 -3539.832
v 105.3331 85.09453 -3551.827
v -0.1030427 158.303 -3561.387
v -139.9563 22.9418 -3213.839
v -138.8618 -31.10052 -3213.839
v 145.7573 -31.10052 -3213.839
v 133.9097 22.9418 -3213.839
v -83.31778 122.7589 -3230.094
v 128.2721 104.1137 -3227.268
v -14.88483 191.3719 -3243.154
v 30.00754 209.5836 -3247.99
v -83.31778 103.7396 -3355.546
v -138.8618 -31.10051 -3340.724
v 145.7573 -31.10051 -3340.724
v 128.2721 85.0945 -3352.719
v -0.9024777 158.303 -3441.121
v -67.37286 103.7396 -3554.654
v 143.2181 -31.10048 -3539.832
v -136.3227 -31.10048 -3539.832
v 105.3331 85.09453 -3551.827
v -0.1030427 158.303 -3561.387
v -0.9024777 158.303 -3441.121
v -0.9024777 158.303 -3441.121
v -0.9024777 158.303 -3441.121
v -0.1030427 158.303 -3561.387
v -0.9024777 158.303 -3441.121
v -905.5512 212.6943 -3051.299
v -328.1653 270.779 -2799.484
v 248.8179 270.779 -2799.484
v 826.204 212.6944 -3051.299
v -905.5512 1207.238 -3280.704
v -328.1653 1165.425 -3005.847
v 248.8179 1165.425 -3005.847
v 826.204 1207.239 -3280.704
v -39.67363 1339.259 -3311.157
v 531.786 242.3126 -2922.895
v 531.786 1176.871 -3138.463
v 531.786 1312.825 -3305.059
v -637.2003 239.6903 -2934.263
v -637.2003 1181.729 -3151.558
v -637.2003 1312.825 -3305.059
v 856.1529 207.5703 -3899.021
v 258.7963 207.5703 -3640.594
v -338.1435 207.5703 -3640.594
v -935.5002 207.5703 -3899.021
v 856.1529 1168.147 -3899.021
v 258.7963 1071.661 -3640.593
v -338.1435 1071.661 -3640.593
v -935.5002 1168.147 -3899.02
v -630.8989 207.5703 -3767.245
v -630.8989 1110.21 -3767.244
v 578.5203 207.5703 -3778.912
v 578.5203 1117.435 -3778.912
v -255.6012 278.5183 -3262.422
v -348.3102 88.63339 -3243.677
v -45.91222 182.3823 -3199.191
v -138.6212 -7.502639 -3180.446
v 725.0279 157.8875 -2859.998
v 724.9749 328.5861 -2839.486
v 691.1388 161.1141 -2886.938
v 691.0858 331.8127 -2866.427
v 708.0164 374.2823 -2847.66
v 635.2851 150.7765 -3025.535
v 588.0949 307.0547 -2971.6
v 668.1315 150.6103 -2996.314
v 620.9413 306.8884 -2942.379
v 592.3315 347.3303 -2943.061
v 781.6111 157.6414 -2717.026
v 742.5128 312.2289 -2652.739
v 810.0555 153.1457 -2688.916
v 770.9572 307.7332 -2624.629
v 746.638 349.9032 -2622.082
v 257.5169 210.1474 11.03157
v 263.0414 -21.55519 15.21703
v 132.2909 203.1987 -208.3512
v 137.8154 -28.50387 -204.1657
v 379.2507 260.7466 -3021.135
v 421.5966 99.472 -3063.041
v 412.968 264.3011 -3000.743
v 455.314 103.0266 -3042.649
v 449.3913 59.60017 -3063.667
v 605.0604 144.1515 -3170.922
v 597.0722 310.5507 -3128.423
v 576.6728 150.9936 -3203.047
v 568.6846 317.3928 -3160.547
v 580.8153 356.9443 -3133.51
v -551.9355 129.1785 -2995.959
v -500.7012 107.8568 -3032.055
v -413.9368 402.8278 -2961.727
v -362.7025 381.5062 -2997.823
v -471.3114 128.575 -3008.395
v -449.969 180.4194 -3001.249
v -529.6825 149.2497 -2972.072
v -508.3401 201.0941 -2964.926
v 371.6479 -12.29451 -1493.78
v 366.2188 98.97664 -1468.084
v 252.8873 -2.724481 -1560.314
v 247.4582 108.5467 -1534.618
v 208.9721 6.820437 -1616.566
v 210.8996 83.79118 -1608.907
v 252.8873 -2.724481 -1560.314
v 247.4582 108.5467 -1534.618
v -105.1455 17.66867 -131.4101
v -94.31824 -3.722626 -131.4101
v -105.1455 17.66867 -1145.945
v -94.31824 -3.722626 -1145.945
v -105.1455 17.66867 -1993.347
v -94.31824 -3.722626 -1993.347
v -105.1455 17.66867 -2825.697
v -94.31824 -3.722626 -2825.697
v -105.1455 17.66867 -3329.331
v -94.31824 -3.722626 -3329.331
v -105.1455 17.66867 -1145.945
v -94.31824 -3.722626 -1145.945
v -105.1455 17.66867 -1993.347
v -94.31824 -3.722626 -1993.347
v -105.1455 17.66867 -2825.697
v -94.31824 -3.722626 -2825.697
v 101.8795 18.17667 -163.4409
v 92.51413 -3.893839 -163.4409
v 101.8798 18.17667 -1145.945
v 92.51445 -3.893839 -1145.945
v 101.8801 18.17667 -1993.347
v 92.51472 -3.893839 -1993.347
v 101.8803 18.17667 -2825.697
v 92.515 -3.893839 -2825.697
v 101.8805 18.17667 -3329.331
v 92.51516 -3.893839 -3329.331
v 101.8798 18.17667 -1145.945
v 92.51445 -3.893839 -1145.945
v 101.8801 18.17667 -1993.347
v 92.51472 -3.893839 -1993.347
v 101.8803 18.17667 -2825.697
v 92.515 -3.893839 -2825.697
v 397.2195 -27.24673 -1554.171
v 432.5833 -30.30128 -1622.263
v 314.5406 -35.10845 -1683.354
v 279.177 -32.05386 -1615.262
v 320.5163 -28.12302 -1550.671
v 417.7869 16.32114 -1523.302
v 471.2359 11.70448 -1626.215
v 292.8264 4.438985 -1718.547
v 239.3775 9.055636 -1615.634
v 301.8579 14.99671 -1518.011
v 420.5502 70.48638 -1520.624
v 476.9984 65.61064 -1629.313
v 288.5775 57.93749 -1726.826
v 232.1294 62.81316 -1618.137
v 298.1158 69.08763 -1515.037
v 394.587 163.5322 -1564.097
v 429.9508 160.4776 -1632.189
v 311.9082 155.6705 -1693.279
v 276.5445 158.7251 -1625.188
v 317.8838 162.6559 -1560.596
v 353.0997 170.3159 -1629.245
v 416.3013 123.9848 -1528.903
v 469.7503 119.3682 -1631.817
v 291.3408 112.1027 -1724.149
v 237.8919 116.7193 -1621.235
v 300.3723 122.6604 -1523.612
v 361.343 171.1777 -1622.384
v 358.7035 213.8029 -1628.286
v 367.8891 211.1225 -1600.772
v 394.587 163.5322 -1564.097
v 311.9082 155.6705 -1693.279
v 276.5445 158.7251 -1625.188
v 317.8838 162.6559 -1560.596
v 429.9508 160.4776 -1632.189
v 353.0997 170.3159 -1629.245
v 361.343 171.1777 -1622.384
v 320.5163 -28.12302 -1550.671
v 301.8579 14.99671 -1518.011
v 298.1158 69.08763 -1515.037
v 317.8838 162.6559 -1560.596
v 300.3723 122.6604 -1523.612
v 361.343 171.1777 -1622.384
v 783.0005 122.0305 -2034.778
v 685.8796 85.77948 -1935.427
v 790.1096 159.0233 -1944.268
v 720.1019 111.1161 -1909.251
v 834.2536 234.7711 -1877.449
v 786.2833 205.8158 -1846.297
v 744.933 116.0603 -1833.711
v 695.179 50.00255 -1761.208
v 858.2034 271.2807 -1787.544
v 799.3836 158.1387 -1750.786
v 902.5038 211.9242 -1732.366
v 954.8882 115.2723 -1706.024
v 890.6724 112.7017 -1671.223
v 831.8657 59.9461 -1674.036
v 823.3864 26.63333 -1640.4
v 966.8284 37.83992 -1644.102
v 774.6849 202.4646 -1953.224
v 822.1664 281.7442 -1882.538
v 849.4539 321.7856 -1788.767
v 699.2269 155.0573 -1898.119
v 722.429 157.7989 -1822.005
v 762.145 243.3663 -1830.502
v 779.3313 197.2112 -1732.597
v 857.8123 316.7012 -1762.71
v 908.2357 252.4089 -1705.887
v 966.1199 153.9497 -1679.785
v 878.7868 152.8327 -1644.728
v 977.4371 79.64565 -1619.749
v 790.1096 159.0233 -1944.268
v 834.2536 234.7711 -1877.449
v 834.2536 234.7711 -1877.449
v 858.2034 271.2807 -1787.544
v 822.1664 281.7442 -1882.538
v 720.1019 111.1161 -1909.251
v 744.933 116.0603 -1833.711
v 786.2833 205.8158 -1846.297
v 799.3836 158.1387 -1750.786
v 779.3313 197.2112 -1732.597
v 799.3836 158.1387 -1750.786
v 858.2034 271.2807 -1787.544
v 902.5038 211.9242 -1732.366
v 902.5038 211.9242 -1732.366
v 954.8882 115.2723 -1706.024
v 908.2357 252.4089 -1705.887
v 890.6724 112.7017 -1671.223
v 954.8882 115.2723 -1706.024
v 966.8284 37.83992 -1644.102
v 966.1199 153.9497 -1679.785
v 720.1019 111.1161 -1909.251
v 744.933 116.0603 -1833.711
v 695.179 50.00255 -1761.208
v 799.3836 158.1387 -1750.786
v 799.3836 158.1387 -1750.786
v 799.3836 158.1387 -1750.786
v 744.933 116.0603 -1833.711
v 722.429 157.7989 -1822.005
v 799.3836 158.1387 -1750.786
v 779.3313 197.2112 -1732.597
v 82.65435 190.375 -3194.881
v 102.9908 -4.254155 -3188.645
v 294.8566 210.7104 -3252.219
v 315.193 16.08122 -3245.983
v 558.2004 153.8563 -3193.456
v 546.78 228.1586 -3190.236
v 598.7368 156.6355 -3113.802
v 587.3163 230.9379 -3110.583
v 605.8802 160.0401 -3027.652
v 595.6841 234.3786 -3022.043
v 646.875 159.6671 -2948.186
v 636.6789 234.0055 -2942.577
v 441.3663 115.5834 -3059.442
v 413.789 187.8344 -3061.921
v 378.6974 90.59619 -3090.55
v 351.1201 162.8473 -3093.029
v 715.9805 158.2867 -2837.754
v 715.6824 235.661 -2837.744
v 659.0566 158.0734 -2885.493
v 658.7585 235.4477 -2885.484
v 527.5625 -0.692659 -1562.413
v 514.3457 112.1346 -1549.516
v 450.6299 3.172219 -1675.058
v 437.4132 115.9995 -1662.16
v 800.8492 149.2963 -2622.745
v 792.1508 223.5521 -2614.257
v 759.1871 153.4986 -2702.198
v 750.4886 227.7543 -2693.709
v 314.9413 -2.951272 -1442.65
v 323.1919 162.6075 -1467.107
v 126.911 -15.21933 -1589.129
v 135.1616 150.3394 -1613.586
v -221.0664 43.14126 -2129.788
v -228.8669 249.2486 -2139.399
v -324.1771 48.00701 -1941.763
v -331.9776 254.1144 -1951.374
v -163.026 52.18061 74.51196
v -130.2255 -7.413661 74.51196
v -163.026 52.18061 -968.255
v -130.2255 -7.413661 -968.255
v -163.026 52.18061 -1839.238
v -130.2255 -7.413661 -1839.238
v -163.026 52.18061 -2694.751
v -130.2255 -7.413661 -2694.751
v -163.026 52.18061 -3212.4
v -130.2255 -7.413661 -3212.4
v -163.026 52.18061 -968.255
v -130.2255 -7.413661 -968.255
v -163.026 52.18061 -1839.238
v -130.2255 -7.413661 -1839.238
v -163.026 52.18061 -2694.751
v -130.2255 -7.413661 -2694.751
v -421.4636 614.5839 -724.1392
v -426.9973 608.2031 -723.0034
v -538.8531 574.2624 -2426.109
v -541.8287 566.3456 -2425.063
v -474.8083 541.9116 -976.9364
v -480.3228 535.5567 -975.2844
v -509.7189 484.0094 -1271.894
v -515.3499 477.7392 -1270.462
v -533.6734 454.0425 -1581.569
v -539.3128 447.7604 -1580.369
v -553.8724 474.4611 -1898.645
v -556.8578 466.5381 -1897.775
v -553.3544 507.7336 -2177.144
v -556.3514 499.8037 -2176.479
v -499.0671 483.6335 -817.1471
v -466.9272 587.4413 -799.8187
v -455.7221 568.7084 -871.8534
v -522.0372 456.18 -921.0679
v -493.3939 560.3329 -900.0677
v -473.4632 541.8038 -970.2453
v -539.5292 436.5733 -1010.928
v -521.7106 544.6065 -999.9451
v -483.4723 518.0935 -1059.109
v -547.5305 414.5119 -1113.66
v -548.6295 523.9786 -1102.473
v -491.1715 503.1685 -1146.416
v -562.3259 397.5709 -1210.091
v -547.2162 502.5069 -1180.604
v -502.1342 485.2484 -1238.356
v -560.9412 381.4105 -1311.29
v -560.8463 482.7791 -1268.468
v -509.0794 477.7709 -1322.88
v -569.9443 373.1982 -1389.002
v -551.8287 474.4906 -1350.002
v -521.9318 467.6429 -1418.739
v -573.6772 362.3164 -1494.17
v -582.5021 463.5244 -1451.88
v -522.4797 459.6783 -1497.135
v -578.872 355.3023 -1581.29
v -578.1907 455.1537 -1535.046
v -528.7164 452.6932 -1591.718
v -577.301 358.6716 -1662.359
v -575.5732 454.2138 -1607.788
v -539.0917 461.2916 -1673.244
v -577.5344 363.8167 -1748.274
v -589.5062 457.9953 -1692.629
v -542.3546 468.0619 -1750.429
v -583.0662 368.5454 -1834.251
v -601.5355 464.5226 -1783.688
v -546.1972 472.2275 -1834.124
v -589.9907 374.7769 -1946.851
v -594.0029 466.5791 -1886.307
v -553.6629 478.6335 -1948.7
v -586.3519 386.7506 -2038.302
v -599.1862 479.0207 -1979.729
v -550.0195 490.5852 -2035.535
v -584.7473 395.4272 -2133.629
v -603.9348 490.8224 -2082.24
v -550.3862 499.9648 -2134.34
v -576.8393 417.3294 -2241.991
v -600.4917 501.9477 -2175.737
v -548.8097 522.5956 -2226.414
v -565.3218 437.494 -2319.117
v -600.337 524.6936 -2261.85
v -543.1022 544.5319 -2306.528
v -485.7046 607.6786 -728.4371
v -539.0301 535.0321 -980.7181
v -574.0572 477.2146 -1275.896
v -598.0201 447.2359 -1585.803
v -615.5651 466.0136 -1903.209
v -615.0587 499.2791 -2181.912
v -600.5359 565.821 -2430.497
v -480.3228 535.5567 -975.2844
v -426.9973 608.2031 -723.0034
v -515.3499 477.7392 -1270.462
v -539.0301 535.0321 -980.7181
v -480.3228 535.5567 -975.2844
v -539.3128 447.7604 -1580.369
v -574.0572 477.2146 -1275.896
v -515.3499 477.7392 -1270.462
v -556.8578 466.5381 -1897.775
v -598.0201 447.2359 -1585.803
v -539.3128 447.7604 -1580.369
v -556.3514 499.8037 -2176.479
v -615.5651 466.0136 -1903.209
v -556.8578 466.5381 -1897.775
v -541.8287 566.3456 -2425.063
v -615.0587 499.2791 -2181.912
v -556.3514 499.8037 -2176.479
v -561.8428 124.7954 -2381.126
v -551.1863 238.6262 -2380.99
v -488.3701 118.0015 -2451.397
v -477.7136 231.8323 -2451.26
v -234.758 32.5954 -3107.465
v -216.2932 85.49345 -3101.944
v -298.2247 54.35406 -3103.678
v -279.7599 107.2521 -3098.157
v 161.2996 47.50397 73.8088
v 127.7062 -11.64701 73.80879
v 161.2999 47.50397 -936.0361
v 127.7066 -11.64701 -936.0361
v 161.3002 47.50397 -1807.019
v 127.7068 -11.64701 -1807.019
v 161.3005 47.50397 -2662.532
v 127.7071 -11.64701 -2662.532
v 161.3007 47.50397 -3180.181
v 127.7073 -11.64701 -3180.181
v 161.2999 47.50397 -936.0361
v 127.7066 -11.64701 -936.0361
v 161.3002 47.50397 -1807.019
v 127.7068 -11.64701 -1807.019
v 161.3005 47.50397 -2662.532
v 127.7071 -11.64701 -2662.532
v -551.5013 62.43846 -694.1693
v -501.75 55.45658 -714.7172
v -482.916 685.6979 -739.8823
v -433.1647 678.716 -760.4302
v -280.6451 69.11486 -2206.094
v -254.3372 178.7147 -2186.942
v -377.9809 73.6827 -2110.683
v -351.673 185.4062 -2091.531
v -444.1191 77.17532 -2084.003
v -433.9911 162.2469 -2079.059
v -377.9809 73.6827 -2110.683
v -351.673 185.4062 -2091.531
v 283.688 43.70273 -3117.856
v 251.1519 122.4083 -3110.845
v 191.3319 7.659565 -3141.834
v 158.7957 86.36512 -3134.823
v 150.7396 -7.298174 -3173.843
v 130.5529 46.78426 -3177.342
v 191.3319 7.659565 -3141.834
v 158.7957 86.36512 -3134.823
v -514.8461 111.4987 -2445.99
v -558.2015 112.2717 -2413.381
v -504.8481 740.1031 -2447.597
v -548.2036 740.876 -2414.988
vt 0 0
vt 1 0
vt 0 1
vt 1 1
vt 0 0
vt 1 0
vt 0 1
vt 1 1
vt 0 1
vt 1 1
vt 0 1
vt 1 1
vt 0 0
vt 1 0
vt 0 0
vt 1 0
vt 0 0
vt 1 1
vt 1 0
vt 0 1
vt 0 0
vt 1 1
vt 1 0
vt 0 1
vt 0 0
vt 1 1
vt 1 0
vt 0 1
vt 0 0
vt 1 0
vt 0 1
vt 1 1
vt 0 1
vt 1 1
vt 0 1
vt 1 1
vt 0 0
vt 1 0
vt 0 0
vt 1 0
vt 0 0
vt 1 1
vt 1 0
vt 0 1
vt 0 0
vt 1 1
vt 1 0
vt 0 1
vt 0 0
vt 1 1
vt 1 0
vt 0 1
vt 0.7984943 0
vt 0.8482381 0
vt 0.8979819 0
vt 0.9477257 0
vt 0.9974693 0
vt 0.05233788 0
vt 0.1020817 0
vt 0.1518254 0
vt 0.2015692 0
vt 0.251313 0
vt 0.3010567 0
vt 0.3508005 0
vt 0.4005443 0
vt 0.450288 0
vt 0.5000318 0
vt 0.5497756 0
vt 0.5995193 0
vt 0.6492631 0
vt 0.6990068 0
vt 0.7487506 0
vt 0.7984943 1
vt 0.8482381 1
vt 0.8979819 1
vt 0.9477257 1
vt 0.9974693 1
vt 0.05233788 1
vt 0.1020817 1
vt 0.1518254 1
vt 0.2015692 1
vt 0.251313 1
vt 0.3010567 1
vt 0.3508005 1
vt 0.4005443 1
vt 0.450288 1
vt 0.5000318 1
vt 0.5497756 1
vt 0.5995193 1
vt 0.6492631 1
vt 0.6990068 1
vt 0.7487506 1
vt 0.002594113 0
vt 0.002594113 1
vt 0.2015692 0
vt 0.2015692 1
vt 0.7984943 1
vt 0.7984943 0
vt 0.671249 0.0005435413
vt 0.7008342 0.0005435413
vt 0.7304194 0.0005435413
vt 0.7600042 0.0005435413
vt 0.7895891 0.0005435413
vt 0.8191744 0.0005435413
vt 0.8487592 0.0005435413
vt 0.8783445 0.0005435413
vt 0.9079294 0.0005435413
vt 0.9375143 0.0005435413
vt 0.9670996 0.0005435413
vt 0.9966844 0.0005435413
vt 0.6710022 0.006197529
vt 0.7008342 0.006197699
vt 0.7304194 0.006197699
vt 0.7600042 0.006197699
vt 0.7895891 0.006197699
vt 0.8191744 0.006197699
vt 0.8487592 0.006197699
vt 0.8783445 0.006197699
vt 0.9079294 0.006197699
vt 0.9375143 0.006197699
vt 0.9670996 0.006197699
vt 0.9966844 0.006197699
vt 0.9670996 0.006197699
vt 0.9966844 0.006197699
vt 0.6710022 0.006197529
vt 0.9375143 0.006197699
vt 0.9079294 0.006197699
vt 0.8783445 0.006197699
vt 0.8487592 0.006197699
vt 0.8191744 0.006197699
vt 0.7895891 0.006197699
vt 0.7600042 0.006197699
vt 0.7304194 0.006197699
vt 0.7008342 0.006197699
vt 0.671249 0.0005435413
vt 0.7008342 0.0005435413
vt 0.7304194 0.0005435413
vt 0.7600042 0.0005435413
vt 0.7895891 0.0005435413
vt 0.8191744 0.0005435413
vt 0.8487592 0.0005435413
vt 0.8783445 0.0005435413
vt 0.9079294 0.0005435413
vt 0.9375143 0.0005435413
vt 0.9670996 0.0005435413
vt 0.9966844 0.0005435413
vt 0.6710022 0.006197529
vt 0.7008342 0.006197699
vt 0.7304194 0.006197699
vt 0.7600042 0.006197699
vt 0.7895891 0.006197699
vt 0.8191744 0.006197699
vt 0.8487592 0.006197699
vt 0.8783445 0.006197699
vt 0.9079294 0.006197699
vt 0.9375143 0.006197699
vt 0.9670996 0.006197699
vt 0.9966844 0.006197699
vt 0.9670996 0.006197699
vt 0.9966844 0.006197699
vt 0.6710022 0.006197529
vt 0.9375143 0.006197699
vt 0.9079294 0.006197699
vt 0.8783445 0.006197699
vt 0.8487592 0.006197699
vt 0.8191744 0.006197699
vt 0.7895891 0.006197699
vt 0.7600042 0.006197699
vt 0.7304194 0.006197699
vt 0.7008342 0.006197699
vt 0 5.960464E-08
vt 1 5.960464E-08
vt 0 1
vt 1 1
vt 0.5244263 5.960464E-08
vt 0.5244263 1
vt 0.478483 5.960464E-08
vt 0.478483 1
vt 0.5187142 5.960464E-08
vt 0.5187142 1
vt 0.4841951 5.960464E-08
vt 0.4841951 1
vt 0.5244263 5.960464E-08
vt 0.5244263 1
vt 0.478483 1
vt 0.478483 5.960464E-08
vt 0.3627131 0.3172993
vt 0.4342268 0.3172993
vt 0.6371469 0.3172993
vt 0.3627131 0.3859392
vt 0.3882198 0.3860425
vt 0.4207692 0.3861404
vt 0.4625057 0.3864434
vt 0.5158011 0.3861513
vt 0.3627131 0.477459
vt 0.3881226 0.477468
vt 0.4200436 0.4774596
vt 0.4612846 0.477459
vt 0.5154982 0.477459
vt 0.3627131 0.5460989
vt 0.3899393 0.5460989
vt 0.419931 0.5460989
vt 0.4612846 0.5460989
vt 0.5154982 0.5460989
vt 0.3627131 0.6827006
vt 0.4485226 0.6827006
vt 0.6372869 0.4669834
vt 0.6371469 0.6827006
vt 0.0003747344 5.960464E-08
vt 1 5.960464E-08
vt 1.192093E-07 1
vt 0.9996257 1
vt 0.6337202 0.2242661
vt 0.5640644 0.2242661
vt 0.3664164 0.2242661
vt 0.6337202 0.3353966
vt 0.6088761 0.3354957
vt 0.5771724 0.3355893
vt 0.5365202 0.3358797
vt 0.4846096 0.3355999
vt 0.6337202 0.4740907
vt 0.6089708 0.4740994
vt 0.5778791 0.4740913
vt 0.5377097 0.4740907
vt 0.4849046 0.4740907
vt 0.6337202 0.5832663
vt 0.6072013 0.5832663
vt 0.5779889 0.5832663
vt 0.5377097 0.5832663
vt 0.4849046 0.5832663
vt 0.6337202 0.7757339
vt 0.5501401 0.7757339
vt 0.3662801 0.4640525
vt 0.3664164 0.7757339
vt 0 0
vt 0.09594183 0
vt 0 1
vt 0.09594183 1
vt 0 0
vt 1 0
vt 0 1
vt 1 1
vt 0.5251212 0.01936823
vt 0.9981847 0.01936823
vt 0.5251212 0.5169077
vt 0.9981847 0.5169077
vt 0.003464393 0.5428227
vt 0.5626581 0.5428227
vt 0.003464393 0.9978023
vt 0.5626581 0.9978023
vt 0.02460173 0.009008716
vt 0.5169044 0.009008716
vt 0.02460173 0.5257873
vt 0.5169044 0.5257873
vt 0.003464393 0.5428227
vt 0.5626581 0.5428227
vt 0.003464393 0.9978023
vt 0.5626581 0.9978023
vt 0.2885428 0.2234595
vt 0.2877323 0.4039079
vt 0.232124 0.2234595
vt 0.232124 0.4178296
vt 0.2630136 0.4645288
vt 0.2885428 0.2234595
vt 0.2877323 0.4039079
vt 0.232124 0.2234595
vt 0.232124 0.4178296
vt 0.2630136 0.4645288
vt 0.2238848 0.2234595
vt 0.2238848 0.4209298
vt 0.167466 0.2234595
vt 0.167466 0.4149926
vt 0.1995714 0.4730397
vt 0.002393067 0.1677219
vt 0.002393241 0.2160865
vt 0.255259 0.1677219
vt 0.2552593 0.2160865
vt 0.5020189 0.1677241
vt 0.5020189 0.2164645
vt 0.5021819 0.1676863
vt 0.5021819 0.2162009
vt 0.45364 0.2162008
vt 0.45364 0.1676863
vt 0.002583027 0.1677241
vt 0.5020189 0.1677241
vt 0.002583027 0.2164645
vt 0.5020189 0.2164645
vt 0.255259 0.1677219
vt 0.2552593 0.2160865
vt 0.5020189 0.1677241
vt 0.5020189 0.2164645
vt 0.255259 0.1677219
vt 0.2552593 0.2160865
vt 0.5020189 0.1677241
vt 0.5020189 0.2164645
vt 0.5021819 0.1676863
vt 0.5021819 0.2162009
vt 0.002393241 0.2160865
vt 0.002393067 0.1677219
vt 0.002393241 0.2160865
vt 0.002393067 0.1677219
vt 0.45364 0.2162008
vt 0.45364 0.1676863
vt 0.4698503 0.2232372
vt 0.520957 0.2232372
vt 0.2972558 0.2232372
vt 0.3483628 0.2232372
vt 0.4091064 0.2232372
vt 0.4698503 0.2444211
vt 0.520957 0.2444211
vt 0.2972558 0.2444211
vt 0.3483628 0.2444211
vt 0.4091065 0.2444211
vt 0.4698503 0.2726743
vt 0.5209572 0.2726743
vt 0.2972558 0.2726743
vt 0.3483628 0.2726743
vt 0.4091065 0.2726743
vt 0.4263912 0.3149797
vt 0.520957 0.3227386
vt 0.5228277 0.2903829
vt 0.5056909 0.3149797
vt 0.4660409 0.3228675
vt 0.4660408 0.3012111
vt 0.4698503 0.3009275
vt 0.520957 0.3009275
vt 0.2972558 0.3009275
vt 0.3483628 0.3009275
vt 0.4091065 0.3009275
vt 0.4498944 0.2981323
vt 0.3772816 0.2534054
vt 0.4054726 0.2534054
vt 0.4698503 0.3227386
vt 0.2972558 0.3227386
vt 0.3483628 0.3227386
vt 0.4091064 0.3227386
vt 0.4092541 0.2903829
vt 0.3772816 0.2252145
vt 0.4054726 0.2252145
vt 0.4091064 0.2232372
vt 0.4091065 0.2444211
vt 0.4091065 0.2726743
vt 0.4091064 0.3227386
vt 0.4091065 0.3009275
vt 0.4498944 0.2981323
vt 0.1606776 0.2268733
vt 0.1606776 0.2840739
vt 0.1254667 0.2268733
vt 0.1254667 0.2840739
vt 0.1203219 0.2265113
vt 0.1203219 0.277559
vt 0.07352915 0.2265113
vt 0.07352912 0.2775591
vt 0.7529602 0.01165573
vt 0.9985469 0.01165573
vt 0.7529602 0.3426403
vt 0.9985469 0.3426403
vt 0.7537945 0.01082148
vt 0.9985469 0.01082148
vt 0.7537945 0.3426403
vt 0.9985469 0.3426403
vt 0.3502332 0.2232372
vt 0.2991265 0.2232372
vt 0.5228277 0.2232372
vt 0.4717207 0.2232372
vt 0.4109771 0.2232372
vt 0.3502332 0.2444211
vt 0.2991265 0.2444211
vt 0.5228277 0.2444211
vt 0.4717207 0.2444211
vt 0.410977 0.2444211
vt 0.3502332 0.2726743
vt 0.2991263 0.2726743
vt 0.5228277 0.2726743
vt 0.4717207 0.2726743
vt 0.410977 0.2726743
vt 0.3936923 0.3149797
vt 0.2991265 0.3227386
vt 0.2972558 0.2903829
vt 0.3143926 0.3149797
vt 0.3540426 0.3228675
vt 0.3540426 0.3012111
vt 0.3502332 0.3009275
vt 0.2991265 0.3009275
vt 0.5228277 0.3009275
vt 0.4717207 0.3009275
vt 0.410977 0.3009275
vt 0.3713448 0.2979119
vt 0.3832343 0.2420036
vt 0.399951 0.2420036
vt 0.3502332 0.3227386
vt 0.5228277 0.3227386
vt 0.4717207 0.3227386
vt 0.4109771 0.3227386
vt 0.4108294 0.2903829
vt 0.3832343 0.2252868
vt 0.399951 0.2252868
vt 0.4109771 0.2232372
vt 0.410977 0.2444211
vt 0.410977 0.2726743
vt 0.4109771 0.3227386
vt 0.410977 0.3009275
vt 0.3713448 0.2979119
vt 0.4698503 0.2232372
vt 0.520957 0.2232372
vt 0.2972558 0.2232372
vt 0.3483628 0.2232372
vt 0.4091064 0.2232372
vt 0.4698503 0.2444211
vt 0.520957 0.2444211
vt 0.2972558 0.2444211
vt 0.3483628 0.2444211
vt 0.4091065 0.2444211
vt 0.4698503 0.2726743
vt 0.5209572 0.2726743
vt 0.2972558 0.2726743
vt 0.3483628 0.2726743
vt 0.4091065 0.2726743
vt 0.4263912 0.3149797
vt 0.520957 0.3227386
vt 0.5228277 0.2903829
vt 0.5056909 0.3149797
vt 0.4660409 0.3228675
vt 0.4660408 0.3012111
vt 0.4698503 0.3009275
vt 0.520957 0.3009275
vt 0.2972558 0.3009275
vt 0.3483628 0.3009275
vt 0.4091065 0.3009275
vt 0.452297 0.2985904
vt 0.4485852 0.2532323
vt 0.4654714 0.2532323
vt 0.4698503 0.3227386
vt 0.2972558 0.3227386
vt 0.3483628 0.3227386
vt 0.4091064 0.3227386
vt 0.4092541 0.2903829
vt 0.4485852 0.2253381
vt 0.4654714 0.2253381
vt 0.4091064 0.2232372
vt 0.4091065 0.2444211
vt 0.4091065 0.2726743
vt 0.4091064 0.3227386
vt 0.4091065 0.3009275
vt 0.452297 0.2985904
vt 0.004429162 0.5002683
vt 0.08612329 0.5002683
vt 0.1551399 0.5002683
vt 0.2035524 0.5002683
vt 0.3072359 0.5002683
vt 0.3509381 0.5002683
vt 0.4085128 0.5002683
vt 0.4910405 0.5002683
vt 0.02138072 0.6075635
vt 0.1016939 0.6094122
vt 0.1579222 0.6125245
vt 0.2030307 0.5574691
vt 0.3022767 0.5519531
vt 0.3408132 0.6002439
vt 0.3912764 0.6325952
vt 0.4879481 0.6137602
vt 0.2160873 0.6240036
vt 0.2998537 0.6069564
vt 0.03931671 0.665786
vt 0.1644064 0.6680584
vt 0.2389572 0.6547712
vt 0.2520172 0.6645832
vt 0.4639028 0.6732336
vt 0.05834824 0.7782774
vt 0.1343977 0.7786949
vt 0.2290002 0.7232602
vt 0.2452877 0.7795985
vt 0.3295918 0.7769377
vt 0.4112396 0.7900059
vt 0.06682163 0.8882897
vt 0.1283294 0.8880624
vt 0.2442532 0.8880969
vt 0.3207535 0.8867423
vt 0.4168721 0.8968101
vt 0.05158693 0.9965983
vt 0.1191494 0.9965983
vt 0.2489689 0.9965983
vt 0.3673245 0.9965982
vt 0.4582888 0.9965983
vt 0.3609562 0.4851501
vt 0.4926963 0.4851426
vt 0.4036711 0.4851486
vt 0.4586521 0.485143
vt 0.4262035 0.4807001
vt 0.1294776 0.3228469
vt 0.08476055 0.3228469
vt 0.1294776 0.3228469
vt 0.08476055 0.3228469
vt 0.04469794 0.3228469
vt 0.3744999 0.5256928
vt 0.3609548 0.5256928
vt 0.492695 0.5256857
vt 0.4800227 0.5256859
vt 0.4036735 0.5256916
vt 0.4586533 0.525686
vt 0.4232494 0.52569
vt 0.4316305 0.5256886
vt 0.08476058 0.3545857
vt 0.1294776 0.3545857
vt 0.1294776 0.3545857
vt 0.08476055 0.3545857
vt 0.04469794 0.3545857
vt 0.03249951 0.4317603
vt 0.1597615 0.3050887
vt 0.001642166 0.3050887
vt 0.1500477 0.4161948
vt 0.07828513 0.4773114
vt 0.4262035 0.4807001
vt 0.4262035 0.4807001
vt 0.04469794 0.3545857
vt 0.04469794 0.3228469
vt 0.04469794 0.3545857
vt 0.4952378 0.4787106
vt 0.6621038 0.4787106
vt 0.8288534 0.4787106
vt 0.9957194 0.4787106
vt 0.4952378 0.9288118
vt 0.6621038 0.875178
vt 0.8288534 0.875178
vt 0.9957194 0.9288118
vt 0.7454786 0.9996922
vt 0.9106319 0.4787106
vt 0.9106319 0.8966063
vt 0.9106319 0.9854997
vt 0.5727919 0.4787106
vt 0.5727919 0.9006226
vt 0.5727919 0.9854997
vt 0.4952378 0.4787106
vt 0.6621038 0.4787106
vt 0.8288534 0.4787106
vt 0.9957194 0.4787106
vt 0.4952378 0.9288118
vt 0.6621038 0.875178
vt 0.8288534 0.875178
vt 0.9957194 0.9288118
vt 0.9106319 0.4787106
vt 0.9106319 0.8966063
vt 0.5727919 0.4787106
vt 0.5727919 0.9006226
vt 0.7537945 0.01082148
vt 0.9985469 0.01082148
vt 0.7537945 0.3426403
vt 0.9985469 0.3426403
vt 0.2238848 0.2234595
vt 0.2238848 0.4209298
vt 0.167466 0.2234595
vt 0.167466 0.4149926
vt 0.1995714 0.4730397
vt 0.2885428 0.2234595
vt 0.2877323 0.4039079
vt 0.232124 0.2234595
vt 0.232124 0.4178296
vt 0.2630136 0.4645288
vt 0.2238848 0.2234595
vt 0.2238848 0.4209298
vt 0.167466 0.2234595
vt 0.167466 0.4149926
vt 0.1995714 0.4730397
vt 0.7529602 0.01165573
vt 0.9985469 0.01165573
vt 0.7529602 0.3426403
vt 0.9985469 0.3426403
vt 0.2238848 0.2234595
vt 0.2238848 0.4209298
vt 0.167466 0.2234595
vt 0.167466 0.4149926
vt 0.1995714 0.4730397
vt 0.2885428 0.2234595
vt 0.2877323 0.4039079
vt 0.232124 0.2234595
vt 0.232124 0.4178296
vt 0.2630136 0.4645288
vt 0.4972619 0.06737242
vt 0.4972619 0.1124983
vt 0.2837223 0.0673725
vt 0.2837223 0.1124983
vt 0.1203219 0.2265113
vt 0.1203219 0.277559
vt 0.07352915 0.2265113
vt 0.07352912 0.2775591
vt 0.1203219 0.2265113
vt 0.1203219 0.277559
vt 0.07352915 0.2265113
vt 0.07352912 0.2775591
vt 0.1254667 0.2268733
vt 0.1254667 0.2840739
vt 0.1606776 0.2268733
vt 0.1606776 0.2840739
vt 0.295701 0.3779205
vt 0.2957011 0.3241344
vt 0.7327983 0.3779205
vt 0.7327983 0.3241343
vt 0.7327983 0.3779205
vt 0.7327983 0.3241343
vt 0.7327983 0.3779205
vt 0.7327983 0.3241343
vt 0.5594801 0.3779205
vt 0.5594801 0.3241343
vt 0.295701 0.3779205
vt 0.2957011 0.3241344
vt 0.295701 0.3779205
vt 0.2957011 0.3241344
vt 0.295701 0.3779205
vt 0.2957011 0.3241344
vt 0.295701 0.3779205
vt 0.2957011 0.3241344
vt 0.7327983 0.3779205
vt 0.7327983 0.3241343
vt 0.7327983 0.3779205
vt 0.7327983 0.3241343
vt 0.7327983 0.3779205
vt 0.7327983 0.3241343
vt 0.5594801 0.3779205
vt 0.5594801 0.3241343
vt 0.295701 0.3779205
vt 0.2957011 0.3241344
vt 0.295701 0.3779205
vt 0.2957011 0.3241344
vt 0.295701 0.3779205
vt 0.2957011 0.3241344
vt 0.4698503 0.2232372
vt 0.520957 0.2232372
vt 0.2972558 0.2232372
vt 0.3483628 0.2232372
vt 0.4091064 0.2232372
vt 0.4698503 0.2444211
vt 0.520957 0.2444211
vt 0.2972558 0.2444211
vt 0.3483628 0.2444211
vt 0.4091065 0.2444211
vt 0.4698503 0.2726743
vt 0.5209572 0.2726743
vt 0.2972558 0.2726743
vt 0.3483628 0.2726743
vt 0.4091065 0.2726743
vt 0.4263912 0.3149797
vt 0.520957 0.3227386
vt 0.5228277 0.2903829
vt 0.5056909 0.3149797
vt 0.4660409 0.3228675
vt 0.4660408 0.3012111
vt 0.4698503 0.3009275
vt 0.520957 0.3009275
vt 0.2972558 0.3009275
vt 0.3483628 0.3009275
vt 0.4091065 0.3009275
vt 0.452297 0.2985904
vt 0.4485852 0.2532323
vt 0.4654714 0.2532323
vt 0.4698503 0.3227386
vt 0.2972558 0.3227386
vt 0.3483628 0.3227386
vt 0.4091064 0.3227386
vt 0.4092541 0.2903829
vt 0.4485852 0.2253381
vt 0.4654714 0.2253381
vt 0.4091064 0.2232372
vt 0.4091065 0.2444211
vt 0.4091065 0.2726743
vt 0.4091064 0.3227386
vt 0.4091065 0.3009275
vt 0.452297 0.2985904
vt 0.6388569 0.07338224
vt 0.7300295 0.09649298
vt 0.6528835 0.1196037
vt 0.7089897 0.1196037
vt 0.6388569 0.1658252
vt 0.6669102 0.1658252
vt 0.7089897 0.1658252
vt 0.7510693 0.1966395
vt 0.6388569 0.1966395
vt 0.68795 0.2120467
vt 0.6388569 0.2274539
vt 0.6248304 0.2736753
vt 0.6669102 0.2736753
vt 0.7089897 0.2736753
vt 0.7300295 0.2967861
vt 0.6388569 0.3198968
vt 0.5339029 0.07130706
vt 0.5339029 0.001211762
vt 0.5914689 0.07161599
vt 0.5914689 0.07161599
vt 0.591469 0.001148999
vt 0.5339029 0.07130694
vt 0.5339029 0.001211643
vt 0.5339029 0.07130694
vt 0.5339029 0.001211643
vt 0.591469 0.001148999
vt 0.5339029 0.07130706
vt 0.5339029 0.07130694
vt 0.5891491 0.07130707
vt 0.589149 0.001211636
vt 0.6502553 0.001148989
vt 0.6502553 0.071616
vt 0.591469 0.001148999
vt 0.6502553 0.071616
vt 0.6502553 0.001148989
vt 0.589149 0.07130707
vt 0.589149 0.001211636
vt 0.591469 0.07161599
vt 0.6502553 0.07161601
vt 0.589149 0.07130707
vt 0.5891491 0.001211636
vt 0.6502553 0.071616
vt 0.6502553 0.001148989
vt 0.5914689 0.07161599
vt 0.589149 0.07130707
vt 0.589149 0.001211636
vt 0.589149 0.07130707
vt 0.5339029 0.001211643
vt 0.7089897 0.1196037
vt 0.7089897 0.1658252
vt 0.7510693 0.1966395
vt 0.68795 0.2120467
vt 0.68795 0.2120467
vt 0.68795 0.2120467
vt 0.6502553 0.001148991
vt 0.5914689 0.001148999
vt 0.589149 0.001211636
vt 0.5339029 0.001211762
vt 0.7537945 0.01082148
vt 0.9985469 0.01082148
vt 0.7537945 0.3426403
vt 0.9985469 0.3426403
vt 0.1203219 0.2265113
vt 0.1203219 0.277559
vt 0.07352915 0.2265113
vt 0.07352912 0.2775591
vt 0.1203219 0.2265113
vt 0.1203219 0.277559
vt 0.07352915 0.2265113
vt 0.07352912 0.2775591
vt 0.1606776 0.2268733
vt 0.1606776 0.2840739
vt 0.1254667 0.2268733
vt 0.1254667 0.2840739
vt 0.1606776 0.2268733
vt 0.1606776 0.2840739
vt 0.1254667 0.2268733
vt 0.1254667 0.2840739
vt 0.1203219 0.2265113
vt 0.1203219 0.277559
vt 0.07352915 0.2265113
vt 0.07352912 0.2775591
vt 0.1203219 0.2265113
vt 0.1203219 0.277559
vt 0.07352915 0.2265113
vt 0.07352912 0.2775591
vt 0.07353747 0.224347
vt 0.07353743 0.2916527
vt 0.002986879 0.224347
vt 0.002986823 0.2916528
vt 0.07353747 0.224347
vt 0.07353743 0.2916527
vt 0.002986879 0.224347
vt 0.002986823 0.2916528
vt 0.295701 0.3779205
vt 0.2957011 0.3241344
vt 0.7327983 0.3779205
vt 0.7327983 0.3241343
vt 0.7327983 0.3779205
vt 0.7327983 0.3241343
vt 0.7327983 0.3779205
vt 0.7327983 0.3241343
vt 0.5594801 0.3779205
vt 0.5594801 0.3241343
vt 0.295701 0.3779205
vt 0.2957011 0.3241344
vt 0.295701 0.3779205
vt 0.2957011 0.3241344
vt 0.295701 0.3779205
vt 0.2957011 0.3241344
vt 0.6706468 0.00390625
vt 0.6706468 0.008382244
vt 0.9969144 0.00390631
vt 0.9969144 0.00838232
vt 0.722993 0.00390626
vt 0.7228948 0.008382256
vt 0.7792037 0.00390627
vt 0.7791474 0.008382269
vt 0.8385504 0.003906281
vt 0.8385384 0.008382283
vt 0.8995695 0.003906292
vt 0.899603 0.008382297
vt 0.9514529 0.003906301
vt 0.951525 0.008382309
vt 0.3444636 0.3798809
vt 0.2961171 0.4633652
vt 0.3707128 0.4633652
vt 0.4061636 0.3762867
vt 0.3748895 0.4633652
vt 0.4530794 0.4633652
vt 0.4881771 0.3798809
vt 0.4441413 0.4633652
vt 0.5144264 0.4633652
vt 0.5656736 0.3798809
vt 0.5167971 0.4633652
vt 0.5874175 0.4633652
vt 0.6301899 0.3798809
vt 0.5892259 0.4633652
vt 0.6588016 0.4633652
vt 0.3444636 0.3798809
vt 0.2961171 0.4633652
vt 0.3707128 0.4633652
vt 0.4055848 0.3760846
vt 0.3750812 0.4633652
vt 0.4515751 0.4633652
vt 0.4890047 0.3798809
vt 0.4433683 0.4633652
vt 0.515254 0.4633652
vt 0.5657575 0.3798809
vt 0.5142866 0.4633652
vt 0.5876326 0.4633652
vt 0.6301882 0.3798809
vt 0.589508 0.4633652
vt 0.6589016 0.4633652
vt 0.3444636 0.3798809
vt 0.2961171 0.4633652
vt 0.3707128 0.4633652
vt 0.4065435 0.3772273
vt 0.3751138 0.4633652
vt 0.4497095 0.4633652
vt 0.4891392 0.3798809
vt 0.442755 0.4633652
vt 0.5153884 0.4633652
vt 0.566026 0.3798809
vt 0.515723 0.4633652
vt 0.5869393 0.4633652
vt 0.6304371 0.3798809
vt 0.5898551 0.4633652
vt 0.6593377 0.4633652
vt 0.3444636 0.3798809
vt 0.2961171 0.4633652
vt 0.3707128 0.4633652
vt 0.4057752 0.3772136
vt 0.3755281 0.4633652
vt 0.452029 0.4633652
vt 0.996635 0.006808996
vt 0.6727712 0.006808996
vt 0.6727712 0.006808996
vt 0.6727712 0.006808996
vt 0.6727712 0.006808996
vt 0.6727712 0.006808996
vt 0.6727712 0.006808996
vt 0.6727712 0.001541306
vt 0.996635 0.001541306
vt 0.6727712 0.001541306
vt 0.996635 0.006808996
vt 0.996635 0.001541306
vt 0.6727712 0.001541306
vt 0.996635 0.006808996
vt 0.996635 0.001541306
vt 0.6727712 0.001541306
vt 0.996635 0.006808996
vt 0.996635 0.001541306
vt 0.6727712 0.001541306
vt 0.996635 0.006808996
vt 0.996635 0.001541306
vt 0.6727712 0.001541306
vt 0.996635 0.006808996
vt 0.996635 0.001541306
vt 0.1203219 0.2265113
vt 0.1203219 0.277559
vt 0.07352915 0.2265113
vt 0.07352912 0.2775591
vt 0.1203219 0.2265113
vt 0.1203219 0.277559
vt 0.07352915 0.2265113
vt 0.07352912 0.2775591
vt 0.295701 0.3779205
vt 0.2957011 0.3241344
vt 0.7327983 0.3779205
vt 0.7327983 0.3241343
vt 0.7327983 0.3779205
vt 0.7327983 0.3241343
vt 0.7327983 0.3779205
vt 0.7327983 0.3241343
vt 0.5594801 0.3779205
vt 0.5594801 0.3241343
vt 0.295701 0.3779205
vt 0.2957011 0.3241344
vt 0.295701 0.3779205
vt 0.2957011 0.3241344
vt 0.295701 0.3779205
vt 0.2957011 0.3241344
vt 0.002327723 0.158155
vt 0.002327725 0.1174137
vt 0.5019114 0.158155
vt 0.5019114 0.1174136
vt 0.1203219 0.2265113
vt 0.1203219 0.277559
vt 0.07352915 0.2265113
vt 0.07352912 0.2775591
vt 0.1254667 0.2268733
vt 0.1254667 0.2840739
vt 0.1606776 0.2268733
vt 0.1606776 0.2840739
vt 0.1203219 0.2265113
vt 0.1203219 0.277559
vt 0.07352915 0.2265113
vt 0.07352912 0.2775591
vt 0.1254667 0.2268733
vt 0.1254667 0.2840739
vt 0.1606776 0.2268733
vt 0.1606776 0.2840739
vt 0.002327723 0.158155
vt 0.002327725 0.1174137
vt 0.5019114 0.158155
vt 0.5019114 0.1174136
vn 0 1 0
vn 0 1 0
vn 0 1 0
vn 0 1 0
vn 0 0 1
vn 0 0 1
vn 0 0 1
vn 0 0 1
vn 0 1 0
vn 0 1 0
vn 0 0 -1
vn 0 0 -1
vn 0 1 0
vn 0 1 0
vn 0 0 -1
vn 0 0 -1
vn 0 -1 0
vn 0 -1 0
vn 0 -1 0
vn 0 -1 0
vn 1 0 0
vn 1 0 0
vn 1 0 0
vn 1 0 0
vn -1 0 0
vn -1 0 0
vn -1 0 0
vn -1 0 0
vn 0 0 1
vn 0 0 1
vn 0 0 1
vn 0 0 1
vn 0 1 0
vn 0 1 0
vn 0 0 -1
vn 0 0 -1
vn 0 1 0
vn 0 1 0
vn 0 0 -1
vn 0 0 -1
vn 0 -1 0
vn 0 -1 0
vn 0 -1 0
vn 0 -1 0
vn 1 0 0
vn 1 0 0
vn 1 0 0
vn 1 0 0
vn -1 0 0
vn -1 0 0
vn -1 0 0
vn -1 0 0
vn 0.9781001 0 -0.2081354
vn 0.8659105 0 -0.5001991
vn 0.6689599 0 -0.7432986
vn 0.4065267 0 -0.9136389
vn 0.1043001 0 -0.9945459
vn -0.2081366 0 -0.9780998
vn -0.5001993 0 -0.8659104
vn -0.7432986 0 -0.6689599
vn -0.9136389 0 -0.4065267
vn -0.9945459 0 -0.1043001
vn -0.9780999 0 0.2081362
vn -0.8659105 0 0.5001991
vn -0.6689599 0 0.7432986
vn -0.4065268 0 0.9136389
vn -0.1043001 0 0.9945459
vn 0.2081363 0 0.9780998
vn 0.5001988 0 0.8659105
vn 0.7432986 0 0.6689599
vn 0.9136389 0 0.4065268
vn 0.9945459 0 0.1043001
vn 0.9781001 0 -0.2081354
vn 0.8659105 0 -0.5001991
vn 0.6689599 0 -0.7432986
vn 0.4065267 0 -0.9136389
vn 0.1043001 0 -0.9945459
vn -0.2081366 0 -0.9780998
vn -0.5001993 0 -0.8659104
vn -0.7432986 0 -0.6689599
vn -0.9136389 0 -0.4065267
vn -0.9945459 0 -0.1043001
vn -0.9780999 0 0.2081362
vn -0.8659105 0 0.5001991
vn -0.6689599 0 0.7432986
vn -0.4065268 0 0.9136389
vn -0.1043001 0 0.9945459
vn 0.2081363 0 0.9780998
vn 0.5001988 0 0.8659105
vn 0.7432986 0 0.6689599
vn 0.9136389 0 0.4065268
vn 0.9945459 0 0.1043001
vn 0.1043001 0 -0.9945459
vn 0.1043001 0 -0.9945459
vn -0.9136389 0 -0.4065267
vn -0.9136389 0 -0.4065267
vn 0.9781001 0 -0.2081354
vn 0.9781001 0 -0.2081354
vn 0.9347867 0.3552096 0
vn 0.8853058 0.4650093 0
vn 0.7485113 0.6631221 0
vn 0.5680652 0.8229836 0
vn 0.3546051 0.9350162 0
vn 0.1205368 0.9927089 0
vn -0.1205373 0.9927088 0
vn -0.3546049 0.9350163 0
vn -0.5680647 0.8229839 0
vn -0.7485116 0.6631218 0
vn -0.8854562 0.4647229 0
vn -0.9350161 0.3546054 0
vn 0.9347867 0.3552096 0
vn 0.8853058 0.4650093 0
vn 0.7485113 0.6631221 0
vn 0.5680652 0.8229836 0
vn 0.3546051 0.9350162 0
vn 0.1205368 0.9927089 0
vn -0.1205373 0.9927088 0
vn -0.3546049 0.9350163 0
vn -0.5680647 0.8229839 0
vn -0.7485116 0.6631218 0
vn -0.8854562 0.4647229 0
vn -0.9350161 0.3546054 0
vn 0 0 -1
vn 0 0 -1
vn 0 0 -1
vn 0 0 -1
vn 0 0 -1
vn 0 0 -1
vn 0 0 -1
vn 0 0 -1
vn 0 0 -1
vn 0 0 -1
vn 0 0 -1
vn 0 0 -1
vn -0.9301052 0.3672933 4.498046E-17
vn -0.8777478 0.4791229 5.867563E-17
vn -0.7356853 0.6773235 8.29482E-17
vn -0.5532762 0.8329978 1.020128E-16
vn -0.3428213 0.9394006 1.150434E-16
vn -0.1160499 0.9932434 1.216372E-16
vn 0.1160503 0.9932433 1.216372E-16
vn 0.3428212 0.9394007 1.150434E-16
vn 0.5532758 0.8329982 1.020128E-16
vn 0.7356856 0.6773232 8.294817E-17
vn 0.8779061 0.4788328 5.864011E-17
vn 0.9303492 0.3666748 4.490472E-17
vn -0.9301052 0.3672933 4.498046E-17
vn -0.8777478 0.4791229 5.867563E-17
vn -0.7356853 0.6773235 8.29482E-17
vn -0.5532762 0.8329978 1.020128E-16
vn -0.3428213 0.9394006 1.150434E-16
vn -0.1160499 0.9932434 1.216372E-16
vn 0.1160503 0.9932433 1.216372E-16
vn 0.3428212 0.9394007 1.150434E-16
vn 0.5532758 0.8329982 1.020128E-16
vn 0.7356856 0.6773232 8.294817E-17
vn 0.8779061 0.4788328 5.864011E-17
vn 0.9303492 0.3666748 4.490472E-17
vn 0 1.224647E-16 -1
vn 0 1.224647E-16 -1
vn 0 1.224647E-16 -1
vn 0 1.224647E-16 -1
vn 0 1.224647E-16 -1
vn 0 1.224647E-16 -1
vn 0 1.224647E-16 -1
vn 0 1.224647E-16 -1
vn 0 1.224647E-16 -1
vn 0 1.224647E-16 -1
vn 0 1.224647E-16 -1
vn 0 1.224647E-16 -1
vn -0.005104259 0.999987 0
vn 0.005118962 0.9999869 0
vn -0.005104259 0.999987 0
vn 0.005118962 0.9999869 0
vn 0.005118962 0.9999869 0
vn 0.005118962 0.9999869 0
vn -0.005104259 0.999987 0
vn -0.005104259 0.999987 0
vn -0.5527949 0.8333174 0
vn -0.5527949 0.8333174 0
vn 0.5527948 0.8333175 0
vn 0.5527948 0.8333175 0
vn -0.5527949 0.8333174 0
vn -0.5527949 0.8333174 0
vn 0.5527948 0.8333175 0
vn 0.5527948 0.8333175 0
vn -0.214523 0.9766932 0.007091577
vn -0.07379709 0.9895738 0.1236843
vn 0.02095299 0.9847155 0.1729057
vn -0.4013058 0.9159392 -0.003001659
vn -0.2546196 0.9664887 0.03268671
vn -0.1471033 0.98554 0.08409235
vn -0.1196527 0.9848456 0.1255482
vn -0.007989624 0.9898131 0.1421487
vn -0.4023462 0.9153908 0.01331667
vn -0.3320796 0.9428785 0.0265169
vn -0.2508581 0.9661286 0.06054472
vn -0.1675593 0.981811 0.0892806
vn -0.04027538 0.9942924 0.09879515
vn -0.3832648 0.9236301 -0.003951567
vn -0.4059104 0.9139048 -0.003844947
vn -0.3542944 0.9348923 0.02125977
vn -0.1910532 0.9804942 0.04614883
vn -0.0440994 0.997903 0.0473791
vn -0.3833306 0.9235302 0.01222866
vn -0.2560956 0.9666335 0.005889309
vn 0.02237681 0.9955535 0.09150169
vn 0.01587191 0.999827 0.009706846
vn 0 1 0
vn 0 1 0
vn 0 1 0
vn 0 1 0
vn 0.2144407 0.9767279 0.004223648
vn 0.0741493 0.9945106 0.07382777
vn -0.02055732 0.9943692 0.1039583
vn 0.4012741 0.9159577 -0.0008373749
vn 0.254656 0.9668136 0.02053693
vn 0.1476435 0.987699 0.05149866
vn 0.1200858 0.9897875 0.07681338
vn 0.006891808 0.9961623 0.08725418
vn 0.4023937 0.9154251 0.008724055
vn 0.3321309 0.9430829 0.01684437
vn 0.2511505 0.9672143 0.03768305
vn 0.1679363 0.9842421 0.05536247
vn 0.0379428 0.9973959 0.06133448
vn 0.3832662 0.923636 -0.001906161
vn 0.4059123 0.9139088 -0.002430356
vn 0.3543111 0.9350396 0.0128278
vn 0.1911651 0.981149 0.02832975
vn 0.0430857 0.9986536 0.02889155
vn 0.383346 0.9235674 0.008317105
vn 0.2561406 0.9666313 0.003988194
vn -0.0245293 0.9981188 0.05618945
vn -0.01567102 0.9998559 0.006518117
vn 0 1 0
vn 0 1 0
vn 0 1 0
vn 0 1 0
vn 0 -3.576278E-07 -1
vn 0 -3.576278E-07 -1
vn 0 -3.576278E-07 -1
vn 0 -3.576278E-07 -1
vn -0.3156871 1.502286E-08 0.9488634
vn -0.3156871 1.502286E-08 0.9488634
vn -0.3156871 1.502286E-08 0.9488634
vn -0.3156871 1.502286E-08 0.9488634
vn 0.4890381 -5.199089E-08 0.8722624
vn 0.4890381 -5.199089E-08 0.8722624
vn 0.4890381 -5.199089E-08 0.8722624
vn 0.4890381 -5.199089E-08 0.8722624
vn 0.4614598 7.601344E-08 0.8871611
vn 0.4614598 7.601344E-08 0.8871611
vn 0.4614598 7.601344E-08 0.8871611
vn 0.4614598 7.601344E-08 0.8871611
vn -0.5939713 0.03485744 0.8037307
vn -0.5939713 0.03485744 0.8037307
vn -0.5939713 0.03485744 0.8037307
vn -0.5939713 0.03485744 0.8037307
vn -0.7551529 -0.196024 0.6255548
vn -0.7551529 -0.196024 0.6255548
vn -0.7551529 -0.196024 0.6255548
vn -0.7551529 -0.196024 0.6255548
vn -0.7551529 -0.196024 0.6255548
vn -0.7746109 -0.1695976 0.6092738
vn -0.7746109 -0.1695976 0.6092738
vn -0.7746109 -0.1695976 0.6092738
vn -0.7746109 -0.1695976 0.6092738
vn -0.7746109 -0.1695976 0.6092738
vn -0.4715511 -0.3718931 0.7995844
vn -0.4715511 -0.3718931 0.7995844
vn -0.4715511 -0.3718931 0.7995844
vn -0.4715511 -0.3718931 0.7995844
vn -0.4715511 -0.3718931 0.7995844
vn -0.9616686 0.2378448 0.1364676
vn -0.9616686 0.2378448 0.1364676
vn -0.9726243 0.2313723 0.02165276
vn -0.9726243 0.2313723 0.02165276
vn -0.9691402 0.2200783 -0.1110537
vn -0.9691402 0.2200783 -0.1110537
vn -0.1283662 0.1080913 0.9858186
vn -0.1283662 0.1080913 0.9858186
vn -0.1283662 0.1080913 0.9858186
vn -0.1283662 0.1080913 0.9858186
vn -0.5182973 -0.00433207 0.8551895
vn -0.7390125 -0.008014513 0.6736441
vn -0.5182973 -0.00433207 0.8551895
vn -0.7390125 -0.008014513 0.6736441
vn -0.8774129 -0.006429452 0.4796931
vn -0.8774129 -0.006429452 0.4796931
vn -0.8017792 0.001802114 0.5976177
vn -0.8017792 0.001802114 0.5976177
vn -0.9453255 0.04020226 0.3236409
vn -0.9453255 0.04020226 0.3236409
vn -0.9888884 0.08787899 -0.1199044
vn -0.9888884 0.08787899 -0.1199044
vn 2.994848E-06 -0.09946086 0.9950414
vn 2.994848E-06 -0.09946086 0.9950414
vn -0.7390125 -0.008014513 0.6736441
vn -0.7390125 -0.008014513 0.6736441
vn -0.8017792 0.001802114 0.5976177
vn -0.8017792 0.001802114 0.5976177
vn 2.994848E-06 -0.09946086 0.9950414
vn 2.994848E-06 -0.09946086 0.9950414
vn 0.5414258 -0.8281391 -0.1450652
vn 0.394297 -0.7668509 -0.5064281
vn -0.6566506 -0.4682739 0.5912102
vn -0.3134618 -0.5852644 0.7478015
vn 0.3702371 -0.7436013 0.55676
vn 0.7572632 -0.6192145 -0.2076678
vn 0.5467206 -0.5532448 -0.6285036
vn -0.7061446 -0.197304 0.6800227
vn -0.3019634 -0.3182878 0.8986161
vn 0.545155 -0.5144714 0.6619102
vn 0.9400091 -0.2176967 -0.2626614
vn 0.6786034 -0.1927919 -0.7087516
vn -0.6786034 0.1927919 0.7087516
vn -0.2353659 0.1162286 0.964932
vn 0.7046425 -0.1014679 0.70227
vn 0.5965908 0.8006822 -0.05465788
vn 0.5340977 0.7274281 -0.4307992
vn -0.1592356 0.9418657 0.2958597
vn 0.08037791 0.9251581 0.3709742
vn 0.5001643 0.8279398 0.2536758
vn 0.2903933 0.9463601 0.1416838
vn 0.9369746 0.2268461 -0.265743
vn 0.7061446 0.1973042 -0.6800227
vn -0.5467208 0.5532445 0.6285037
vn -0.1222518 0.5277748 0.8405405
vn 0.7248664 0.3315899 0.603835
vn 0.4290924 0.7872857 0.4427878
vn 0.7918515 0.1205743 0.5986927
vn 0.7918515 0.1205743 0.5986927
vn 0.5965908 0.8006822 -0.05465788
vn -0.1592356 0.9418657 0.2958597
vn 0.08037791 0.9251581 0.3709742
vn 0.5001643 0.8279398 0.2536758
vn 0.5340977 0.7274281 -0.4307992
vn 0.7918515 0.1205743 0.5986927
vn 0.7918515 0.1205743 0.5986927
vn 0.3702371 -0.7436013 0.55676
vn 0.545155 -0.5144714 0.6619102
vn 0.7046425 -0.1014679 0.70227
vn 0.5001643 0.8279398 0.2536758
vn 0.7248664 0.3315899 0.603835
vn 0.3539108 0.9080833 -0.2239015
vn -0.4145701 -0.001711868 0.9100157
vn -0.4145701 -0.001711868 0.9100157
vn -0.4145701 -0.001711868 0.9100157
vn -0.4145701 -0.001711868 0.9100157
vn -0.7318518 0.004410575 0.6814494
vn -0.7318518 0.004410575 0.6814494
vn -0.7318518 0.004410575 0.6814494
vn -0.7318518 0.004410575 0.6814494
vn 0.799665 0.09549817 -0.5928035
vn 0.799665 0.09549817 -0.5928035
vn 0.799665 0.09549817 -0.5928035
vn 0.799665 0.09549817 -0.5928035
vn 0.553192 3.866079E-09 0.8330538
vn 0.553192 3.866079E-09 0.8330538
vn 0.553192 3.866079E-09 0.8330538
vn 0.553192 3.866079E-09 0.8330538
vn 0.3872189 -0.7154656 -0.5815243
vn 0.08360557 -0.5917689 -0.8017604
vn -0.2929142 -0.6521085 0.6992537
vn 0.0809423 -0.7645484 0.6394639
vn 0.5816681 -0.8054648 0.1135283
vn 0.5487251 -0.4767246 -0.6867564
vn 0.1608346 -0.3419675 -0.9258458
vn -0.2880253 -0.4139002 0.8635555
vn 0.16924 -0.5375404 0.82608
vn 0.7896529 -0.588236 0.1744325
vn 0.6884449 -0.05625469 -0.7231038
vn 0.243121 0.03896216 -0.9692131
vn -0.243121 -0.03896216 0.9692131
vn 0.2673477 -0.1237392 0.9556223
vn 0.9557915 -0.1799937 0.2325186
vn 0.3133239 0.8985277 -0.3073696
vn 0.2629543 0.8770999 -0.4019336
vn 0.02189993 0.8321363 0.5541387
vn 0.2673752 0.8241826 0.4992328
vn 0.5748179 0.7990611 0.1763115
vn 0.1194732 0.992835 -0.002169836
vn 0.6921017 0.3753332 -0.6165389
vn 0.2880253 0.4139008 -0.8635552
vn -0.1608348 0.3419668 0.925846
vn 0.3126166 0.3145178 0.8962976
vn 0.9330295 0.2638223 0.2446502
vn -0.2698817 0.8423322 -0.4665194
vn 0.1389378 0.3535026 0.9250579
vn 0.1389378 0.3535026 0.9250579
vn 0.3133239 0.8985277 -0.3073696
vn 0.02189993 0.8321363 0.5541387
vn 0.2673752 0.8241826 0.4992328
vn 0.5748179 0.7990611 0.1763115
vn 0.2629543 0.8770999 -0.4019336
vn 0.1389378 0.3535026 0.9250579
vn 0.1389378 0.3535026 0.9250579
vn 0.5816681 -0.8054648 0.1135283
vn 0.7896529 -0.588236 0.1744325
vn 0.9557915 -0.1799937 0.2325186
vn 0.5748179 0.7990611 0.1763115
vn 0.9330295 0.2638223 0.2446502
vn 0.1962025 0.9793693 -0.04837608
vn 0.8116228 -0.4862962 0.3237041
vn 0.881582 -0.4675963 -0.06455164
vn -0.6111512 -0.757746 0.2287254
vn -0.4026317 -0.7223173 0.562268
vn 0.2623378 -0.5441167 0.7969416
vn 0.9165361 -0.1988861 0.3469957
vn 0.9719313 -0.1993543 -0.1249302
vn -0.8075984 -0.5452501 0.2246937
vn -0.5879548 -0.4913216 0.6425826
vn 0.2359586 -0.2705272 0.9333481
vn 0.914259 0.245005 0.32265
vn 0.9638662 0.1873517 -0.1893707
vn -0.9638662 -0.1873517 0.1893707
vn -0.7552055 -0.07949757 0.6506495
vn 0.1590533 0.1655072 0.9732983
vn 0.1291534 0.9858663 0.1067105
vn 0.3130737 0.9265117 -0.2087128
vn -0.6664336 0.745351 -0.0178388
vn -0.5284567 0.8308346 0.1744918
vn -0.1201697 0.9402481 0.3185794
vn -0.2516337 0.9648225 0.07614443
vn 0.7312896 0.640475 0.2345361
vn 0.8075979 0.5452508 -0.2246938
vn -0.9719313 0.1993538 0.1249303
vn -0.7731999 0.3480381 0.530124
vn 0.05071303 0.5688322 0.8208886
vn -0.2419564 0.8913161 0.3834225
vn -0.432242 0.02147356 0.901502
vn -0.432242 0.02147356 0.901502
vn 0.1291534 0.9858663 0.1067105
vn -0.6664336 0.745351 -0.0178388
vn -0.5284567 0.8308346 0.1744918
vn -0.1201697 0.9402481 0.3185794
vn 0.3130737 0.9265117 -0.2087128
vn -0.432242 0.02147356 0.901502
vn -0.432242 0.02147356 0.901502
vn 0.2623378 -0.5441167 0.7969416
vn 0.2359586 -0.2705272 0.9333481
vn 0.1590533 0.1655072 0.9732983
vn -0.1201697 0.9402481 0.3185794
vn 0.05071303 0.5688322 0.8208886
vn -0.02186201 0.9861968 -0.164128
vn -0.6996779 0.4253528 0.5740433
vn -0.6090523 0.3283181 0.7219852
vn -0.4307209 0.1581124 0.8885269
vn -0.3595018 0.09357049 0.9284412
vn 0.3270911 0.1146238 0.9380154
vn 0.4197635 0.2487648 0.8728772
vn 0.631097 0.429018 0.6462664
vn 0.7415898 0.4654752 0.4830916
vn -0.646078 0.5946512 0.4785114
vn -0.6258735 0.5091313 0.5908195
vn -0.4004271 0.3062931 0.8636218
vn -0.2977527 0.1903319 0.935477
vn 0.3130936 0.145394 0.938527
vn 0.3986169 0.3329685 0.8545388
vn 0.6684112 0.4963571 0.553946
vn 0.6949937 0.5353467 0.4799873
vn -0.2147267 0.2916407 0.9321148
vn 0.2946627 0.307667 0.9047182
vn -0.6665662 0.6178203 0.417118
vn -0.5081697 0.5008438 0.7006562
vn -0.178767 0.3614468 0.9150949
vn 0.1889118 0.3603097 0.9135038
vn 0.7041035 0.559693 0.4370149
vn -0.8212684 0.4623831 0.3342455
vn -0.5810288 0.5511847 0.598833
vn -0.1108441 0.4730648 0.8740271
vn 0.1588769 0.5752804 0.8023781
vn 0.7225555 0.4375074 0.5352577
vn 0.7997856 0.4027311 0.445141
vn -0.8618145 0.258913 0.4361649
vn -0.6860268 0.421269 0.5932114
vn 0.04077427 0.5953913 0.8024006
vn 0.6755377 0.3491439 0.6494208
vn 0.7797608 0.1996684 0.593385
vn -0.817441 0.1043694 0.5664778
vn -0.67243 0.3438357 0.6554501
vn -0.002541512 0.6026288 0.7980176
vn 0.6126829 0.3272099 0.7194117
vn 0.7185853 0.114235 0.6859924
vn 0.9587939 -0.2783 0.05712564
vn -0.982372 -0.186193 0.01665824
vn 0.7901509 -0.6065856 0.08783764
vn -0.8475311 -0.5239031 0.08495108
vn 0.1148409 -0.9817762 0.1514163
vn 0.9088743 -0.4149309 0.04218728
vn 0.7744128 -0.6315465 0.03786516
vn -0.9723139 -0.2252456 0.06220948
vn -0.8066361 -0.5886466 0.05322962
vn 0.6014376 -0.7982972 0.0315325
vn 0.9766228 -0.2050885 0.0643937
vn 0.9997949 0.02024988 2.413973E-09
vn -0.9768024 -0.2141425 -2.552777E-08
vn -0.9860508 -0.1663281 -0.006232699
vn 0.8031446 -0.5797798 0.1371644
vn -0.882776 -0.4551828 0.1162547
vn 0.5388635 -0.8261453 0.1646515
vn -0.1531112 -0.959518 0.2363944
vn 0.7901509 -0.6065856 0.08783764
vn 0.9587939 -0.2783 0.05712564
vn -0.982372 -0.186193 0.01665824
vn -0.8475311 -0.5239031 0.08495108
vn 0.1148409 -0.9817762 0.1514163
vn -0.002246718 0.1160792 0.9932375
vn -0.001826606 0.1064419 0.9943172
vn -0.001826606 0.1064419 0.9943172
vn -0.002246718 0.1160792 0.9932375
vn -0.002666618 0.1257057 0.9920639
vn 0.1148409 -0.9817762 0.1514163
vn 0.1148409 -0.9817762 0.1514163
vn 0.1148409 -0.9817762 0.1514163
vn -0.5402774 -0.8406531 0.03745293
vn 0.1148409 -0.9817762 0.1514163
vn -0.4085279 0.2051508 0.889392
vn -0.2054136 0.2199693 0.9536345
vn 0.2054133 0.2199693 0.9536346
vn 0.4085276 0.2051509 0.8893921
vn -0.3375563 0.496799 0.7995289
vn -0.136055 0.5913594 0.7948478
vn 0.1366102 0.5923705 0.7939993
vn 0.3318178 0.5075405 0.7951727
vn 0.000572719 0.8624316 0.5061733
vn 0.4085276 0.2051509 0.8893921
vn 0.3035695 0.5447478 0.7817258
vn 0.1559266 0.8102787 0.5649207
vn -0.408528 0.2051508 0.8893919
vn -0.3060381 0.5384289 0.7851337
vn -0.162072 0.8016701 0.5753761
vn 0.3970545 -1.123975E-16 0.917795
vn 0.1988222 -1.200198E-16 0.9800356
vn -0.1988219 -1.200198E-16 0.9800356
vn -0.3970542 -1.123975E-16 0.9177951
vn 0.3970545 -1.123975E-16 0.917795
vn 0.1988222 -1.200198E-16 0.9800356
vn -0.1988219 -1.200198E-16 0.9800356
vn -0.3970542 -1.123975E-16 0.9177951
vn -0.3970543 -1.123975E-16 0.9177951
vn -0.3970543 -1.123975E-16 0.9177951
vn 0.3970546 -1.123975E-16 0.9177949
vn 0.3970546 -1.123975E-16 0.9177949
vn -0.2011138 0.1929956 0.9603677
vn -0.2011138 0.1929956 0.9603677
vn -0.2011138 0.1929956 0.9603677
vn -0.2011138 0.1929956 0.9603677
vn -0.6250008 -0.09332218 0.7750257
vn -0.6250008 -0.09332218 0.7750257
vn -0.6250008 -0.09332218 0.7750257
vn -0.6250008 -0.09332218 0.7750257
vn -0.6250008 -0.09332218 0.7750257
vn -0.6053503 -0.4168183 0.6780956
vn -0.6053503 -0.4168183 0.6780956
vn -0.6053503 -0.4168183 0.6780956
vn -0.6053503 -0.4168183 0.6780956
vn -0.6053503 -0.4168183 0.6780956
vn -0.6698404 -0.4231457 0.6101324
vn -0.6698404 -0.4231457 0.6101324
vn -0.6698404 -0.4231457 0.6101324
vn -0.6698404 -0.4231457 0.6101324
vn -0.6698404 -0.4231457 0.6101324
vn -0.8682541 -0.01174245 0.4959807
vn -0.8682541 -0.01174245 0.4959807
vn -0.8682541 -0.01174245 0.4959807
vn -0.8682541 -0.01174245 0.4959807
vn 0.4615829 0.3346679 -0.8215465
vn 0.4615829 0.3346679 -0.8215465
vn 0.4615829 0.3346679 -0.8215465
vn 0.4615829 0.3346679 -0.8215465
vn 0.4615829 0.3346679 -0.8215465
vn -0.7551528 -0.196024 0.6255548
vn -0.7551528 -0.196024 0.6255548
vn -0.7551528 -0.196024 0.6255548
vn -0.7551528 -0.196024 0.6255548
vn -0.7551528 -0.196024 0.6255548
vn 0.4480845 -0.329905 0.8308929
vn 0.4480845 -0.329905 0.8308929
vn 0.4480845 -0.329905 0.8308929
vn 0.4480845 -0.329905 0.8308929
vn 0.4277923 -0.2939161 0.8547556
vn 0.4277923 -0.2939161 0.8547556
vn 0.4277923 -0.2939161 0.8547556
vn 0.4277923 -0.2939161 0.8547556
vn -0.4902781 -0.2187493 0.8436683
vn -0.4902781 -0.2187493 0.8436683
vn -0.4902781 -0.2187493 0.8436683
vn -0.4902781 -0.2187493 0.8436683
vn -0.8403502 -0.1096901 0.5308293
vn -0.8403502 -0.1096901 0.5308293
vn -0.8403502 -0.1096901 0.5308293
vn -0.8403502 -0.1096901 0.5308293
vn 0.8922206 0.4515998 0
vn 0.8922206 0.4515998 0
vn 0.8922206 0.4515998 0
vn 0.8922206 0.4515998 0
vn 0.8922207 0.4515997 0
vn 0.8922207 0.4515997 0
vn 0.8922206 0.4515997 0
vn 0.8922206 0.4515997 0
vn 0.8922207 0.4515997 0
vn 0.8922207 0.4515997 0
vn 0.8922207 0.4515997 0
vn 0.8922207 0.4515997 0
vn 0.8922206 0.4515997 0
vn 0.8922206 0.4515997 0
vn 0.8922207 0.4515997 0
vn 0.8922207 0.4515997 0
vn -0.9205505 0.3906237 -2.999534E-07
vn -0.9205505 0.3906237 -2.999534E-07
vn -0.9205505 0.3906237 -2.999534E-07
vn -0.9205505 0.3906237 -2.999534E-07
vn -0.9205505 0.3906237 -2.999534E-07
vn -0.9205505 0.3906237 -2.999534E-07
vn -0.9205505 0.3906237 -2.999534E-07
vn -0.9205505 0.3906237 -2.999534E-07
vn -0.9205505 0.3906237 -2.999534E-07
vn -0.9205505 0.3906237 -2.999534E-07
vn -0.9205505 0.3906237 -2.999534E-07
vn -0.9205505 0.3906237 -2.999534E-07
vn -0.9205505 0.3906237 -2.999534E-07
vn -0.9205505 0.3906237 -2.999534E-07
vn -0.9205505 0.3906237 -2.999534E-07
vn -0.9205505 0.3906237 -2.999534E-07
vn 0.4010199 -0.6480614 0.6474562
vn 0.6959768 -0.6038597 0.3885485
vn -0.6785398 -0.6598345 -0.3228038
vn -0.7170717 -0.6935945 0.06881056
vn -0.3255079 -0.6563608 0.6806137
vn 0.4911293 -0.3866833 0.7805563
vn 0.824598 -0.3505902 0.4439872
vn -0.814002 -0.4173195 -0.4040361
vn -0.8942136 -0.4430994 0.06360071
vn -0.4090562 -0.3969667 0.8216389
vn 0.5383565 0.05119089 0.841161
vn 0.8875331 0.03614368 0.4593242
vn -0.8875331 -0.03614368 -0.4593242
vn -0.9988951 -0.01141177 0.04558845
vn -0.460538 0.03977907 0.8867483
vn 0.1114621 0.9336864 0.3403026
vn 0.4451509 0.8746392 0.1919559
vn -0.4551117 0.8471107 -0.2743659
vn -0.4584123 0.8883556 -0.02612396
vn -0.2179943 0.9112163 0.3495188
vn -0.1703464 0.9816229 0.08601552
vn 0.4791843 0.4789491 0.7355203
vn 0.8140018 0.4173202 0.4040359
vn -0.8245981 0.3505898 -0.4439873
vn -0.9061582 0.4225313 0.01856604
vn -0.4210006 0.468664 0.7766032
vn -0.3572178 0.8778936 0.3189017
vn -0.8917271 0.007440352 0.4525124
vn -0.8917271 0.007440352 0.4525124
vn 0.1114621 0.9336864 0.3403026
vn -0.4551117 0.8471107 -0.2743659
vn -0.4584123 0.8883556 -0.02612396
vn -0.2179943 0.9112163 0.3495188
vn 0.4451509 0.8746392 0.1919559
vn -0.8917271 0.007440352 0.4525124
vn -0.8917271 0.007440352 0.4525124
vn -0.3255079 -0.6563608 0.6806137
vn -0.4090562 -0.3969667 0.8216389
vn -0.460538 0.03977907 0.8867483
vn -0.2179943 0.9112163 0.3495188
vn -0.4210006 0.468664 0.7766032
vn 0.1593539 0.9864702 0.03850887
vn -0.5733858 0.7895676 -0.2186589
vn -0.6390605 0.7688779 -0.02069894
vn -0.6786317 0.7003381 -0.2213268
vn -0.6967159 0.7159824 -0.04423
vn -0.7166063 0.6913289 -0.09241074
vn -0.7869401 0.6166239 0.02236773
vn -0.8361516 0.5328614 0.1300359
vn -0.6570495 0.6621999 0.3602462
vn -0.600592 0.5924351 0.536945
vn -0.4443705 0.5951669 0.6695604
vn -0.2447531 0.4998884 0.8307873
vn 0.1318916 0.5904738 0.7962067
vn -0.08897997 0.5290276 0.8439268
vn -0.3591072 0.4688367 0.8069908
vn -0.3135718 0.474169 0.8227008
vn 0.1093968 0.5376854 0.8360184
vn -0.7522784 -0.1285287 0.6461869
vn -0.8535965 -0.1551217 0.4973029
vn -0.9265865 -0.1765611 0.3320595
vn -0.8222638 -0.4923768 0.2853896
vn -0.7133325 -0.5242086 0.4651475
vn -0.8794129 -0.4676363 -0.08915889
vn -0.8794129 -0.4676363 -0.08915889
vn -0.8528365 -0.2276773 0.4699286
vn -0.8014154 -0.2415855 0.5471471
vn -0.742959 -0.2533646 0.6195307
vn -0.6825156 -0.5480319 0.4835634
vn -0.9555862 0.08123248 0.2832956
vn -0.7522784 -0.1285287 0.6461869
vn -0.8535965 -0.1551217 0.4973029
vn -0.8535965 -0.1551217 0.4973029
vn -0.9265865 -0.1765611 0.3320595
vn -0.8535965 -0.1551217 0.4973029
vn -0.8222638 -0.4923768 0.2853896
vn -0.7133325 -0.5242086 0.4651475
vn -0.8794129 -0.4676363 -0.08915889
vn -0.8794129 -0.4676363 -0.08915889
vn -0.5736974 -0.5323877 0.6224426
vn -0.5736974 -0.5323877 0.6224426
vn -0.8528365 -0.2276773 0.4699286
vn -0.8014154 -0.2415855 0.5471471
vn -0.8014154 -0.2415855 0.5471471
vn -0.742959 -0.2533646 0.6195307
vn -0.8014154 -0.2415855 0.5471471
vn -0.6825156 -0.5480319 0.4835634
vn -0.9555862 0.08123248 0.2832956
vn -0.9555862 0.08123248 0.2832956
vn -0.9555862 0.08123248 0.2832956
vn -0.6967159 0.7159824 -0.04423
vn -0.69939 0.6980439 0.1535849
vn -0.6570495 0.6621999 0.3602462
vn -0.8385451 0.432737 0.3310298
vn -0.58135 0.5777375 0.5729325
vn -0.58135 0.5777375 0.5729325
vn -0.7133325 -0.5242086 0.4651475
vn -0.7133325 -0.5242086 0.4651475
vn -0.6825156 -0.5480319 0.4835634
vn -0.6825156 -0.5480319 0.4835634
vn 0.2552703 0.05759912 0.9651526
vn 0.2552703 0.05759912 0.9651526
vn 0.2552703 0.05759912 0.9651526
vn 0.2552703 0.05759912 0.9651526
vn -0.8783214 -0.1546014 0.4523825
vn -0.8783214 -0.1546014 0.4523825
vn -0.8783214 -0.1546014 0.4523825
vn -0.8783214 -0.1546014 0.4523825
vn -0.8783214 -0.1546015 0.4523824
vn -0.8783214 -0.1546015 0.4523824
vn -0.8783214 -0.1546015 0.4523824
vn -0.8783214 -0.1546015 0.4523824
vn -0.4017665 -0.1222104 0.9075507
vn -0.4017665 -0.1222104 0.9075507
vn -0.4017665 -0.1222104 0.9075507
vn -0.4017665 -0.1222104 0.9075507
vn -0.6425814 -0.002572127 0.7662131
vn -0.6425814 -0.002572127 0.7662131
vn -0.6425814 -0.002572127 0.7662131
vn -0.6425814 -0.002572127 0.7662131
vn -0.8178099 -0.1590243 0.5530807
vn -0.8178099 -0.1590243 0.5530807
vn -0.8178099 -0.1590243 0.5530807
vn -0.8178099 -0.1590243 0.5530807
vn -0.8783214 -0.1546014 0.4523825
vn -0.8783214 -0.1546014 0.4523825
vn -0.8783214 -0.1546014 0.4523825
vn -0.8783214 -0.1546014 0.4523825
vn -0.613916 0.1452136 0.7758996
vn -0.613916 0.1452136 0.7758996
vn -0.613916 0.1452136 0.7758996
vn -0.613916 0.1452136 0.7758996
vn 0.8760656 0.05549306 0.4789881
vn 0.8760656 0.05549306 0.4789881
vn 0.8760656 0.05549306 0.4789881
vn 0.8760656 0.05549306 0.4789881
vn 0.8760689 0.4821859 0
vn 0.8760689 0.4821859 0
vn 0.8760689 0.4821859 0
vn 0.8760689 0.4821859 0
vn 0.8760689 0.4821859 0
vn 0.8760689 0.4821859 0
vn 0.876069 0.4821858 0
vn 0.876069 0.4821858 0
vn 0.8760689 0.4821859 0
vn 0.8760689 0.4821859 0
vn 0.8760689 0.4821859 0
vn 0.8760689 0.4821859 0
vn 0.876069 0.4821858 0
vn 0.876069 0.4821858 0
vn 0.8760689 0.4821859 0
vn 0.8760689 0.4821859 0
vn 0.7580525 -0.6516185 0.0273818
vn 0.7580525 -0.6516185 0.0273818
vn 0.9335008 -0.3562442 -0.04082161
vn 0.9335008 -0.3562442 -0.04082161
vn 0.7559586 -0.6537703 0.0333289
vn 0.7559586 -0.6537703 0.0333289
vn 0.749424 -0.6616865 0.02312144
vn 0.749424 -0.6616865 0.02312144
vn 0.7994507 -0.5995206 -0.0381258
vn 0.7994507 -0.5995206 -0.0381258
vn 0.8942462 -0.4432419 -0.06213189
vn 0.8942462 -0.4432419 -0.06213189
vn 0.933502 -0.3562409 -0.04082242
vn 0.933502 -0.3562409 -0.04082242
vn 0.919032 -0.3224013 0.2267983
vn 0.919032 -0.3224013 0.2267983
vn 0.919032 -0.3224013 0.2267983
vn 0.8890906 -0.3120343 0.3348918
vn 0.8890906 -0.3120343 0.3348918
vn 0.8890906 -0.3120343 0.3348918
vn 0.7837838 -0.1894033 0.5914467
vn 0.7837838 -0.1894033 0.5914467
vn 0.7837838 -0.1894033 0.5914467
vn 0.588116 -0.07637842 0.8051621
vn 0.588116 -0.07637842 0.8051621
vn 0.588116 -0.07637842 0.8051621
vn 0.7132289 -0.2829009 0.6413044
vn 0.7132289 -0.2829009 0.6413044
vn 0.7132289 -0.2829009 0.6413044
vn 0.6810875 -0.285469 0.6742605
vn 0.6810875 -0.285469 0.6742605
vn 0.6810875 -0.285469 0.6742605
vn 0.86023 -0.3097868 0.4050142
vn 0.86023 -0.3097868 0.4050142
vn 0.86023 -0.3097868 0.4050142
vn 0.5675562 -0.2748093 0.7761183
vn 0.5675562 -0.2748093 0.7761183
vn 0.5675562 -0.2748093 0.7761183
vn 0.7124169 -0.2989106 0.634913
vn 0.7124169 -0.2989106 0.634913
vn 0.7124169 -0.2989106 0.634913
vn 0.85311 -0.2703111 0.4462458
vn 0.85311 -0.2703111 0.4462458
vn 0.85311 -0.2703111 0.4462458
vn 0.7713506 -0.248196 0.586018
vn 0.7713506 -0.248196 0.586018
vn 0.7713506 -0.248196 0.586018
vn 0.6719822 -0.2398109 0.7006645
vn 0.6719822 -0.2398109 0.7006645
vn 0.6719822 -0.2398109 0.7006645
vn 0.8296695 -0.2816278 0.4820106
vn 0.8296695 -0.2816278 0.4820106
vn 0.8296695 -0.2816278 0.4820106
vn 0.7486038 -0.2779804 0.6019294
vn 0.7486038 -0.2779804 0.6019294
vn 0.7486038 -0.2779804 0.6019294
vn 0.6989201 -0.2251191 0.6788461
vn 0.6989201 -0.2251191 0.6788461
vn 0.6989201 -0.2251191 0.6788461
vn 0.7267005 -0.2859354 0.6246177
vn 0.7267005 -0.2859354 0.6246177
vn 0.7267005 -0.2859354 0.6246177
vn 0.6465027 -0.2201187 0.730467
vn 0.6465027 -0.2201187 0.730467
vn 0.6465027 -0.2201187 0.730467
vn -0.01734488 -0.9598268 0.2800567
vn -0.01734488 -0.9598268 0.2800567
vn -0.009120729 -0.9811062 0.1932551
vn -1.825873E-05 -0.9953536 0.09628654
vn 0.01445755 -0.9981029 -0.05984704
vn 0.01983461 -0.9927609 -0.1184581
vn 0.03238842 -0.9659544 -0.2566769
vn -0.01734488 -0.9598268 0.2800567
vn -0.01734488 -0.9598268 0.2800567
vn -0.009120729 -0.9811062 0.1932551
vn -0.009120729 -0.9811062 0.1932551
vn -0.009120729 -0.9811062 0.1932551
vn -1.825873E-05 -0.9953536 0.09628654
vn -1.825873E-05 -0.9953536 0.09628654
vn -1.825873E-05 -0.9953536 0.09628654
vn 0.01445755 -0.9981029 -0.05984704
vn 0.01445755 -0.9981029 -0.05984704
vn 0.01445755 -0.9981029 -0.05984704
vn 0.01983461 -0.9927609 -0.1184581
vn 0.01983461 -0.9927609 -0.1184581
vn 0.01983461 -0.9927609 -0.1184581
vn 0.03238842 -0.9659544 -0.2566769
vn 0.03238842 -0.9659544 -0.2566769
vn 0.03238842 -0.9659544 -0.2566769
vn 0.6865621 -0.06514388 0.724147
vn 0.6865621 -0.06514388 0.724147
vn 0.6865621 -0.06514388 0.724147
vn 0.6865621 -0.06514388 0.724147
vn 0.02119703 -0.1110974 0.9935834
vn 0.02119703 -0.1110974 0.9935834
vn 0.02119703 -0.1110974 0.9935834
vn 0.02119703 -0.1110974 0.9935834
vn -0.8695521 0.4938411 -2.83336E-07
vn -0.8695521 0.4938411 -2.83336E-07
vn -0.8695521 0.4938411 -2.83336E-07
vn -0.8695521 0.4938411 -2.83336E-07
vn -0.8695521 0.4938412 -2.83336E-07
vn -0.8695521 0.4938412 -2.83336E-07
vn -0.8695521 0.4938411 -2.83336E-07
vn -0.8695521 0.4938411 -2.83336E-07
vn -0.8695521 0.4938412 -2.83336E-07
vn -0.8695521 0.4938412 -2.83336E-07
vn -0.8695521 0.4938412 -2.83336E-07
vn -0.8695521 0.4938412 -2.83336E-07
vn -0.8695521 0.4938411 -2.83336E-07
vn -0.8695521 0.4938411 -2.83336E-07
vn -0.8695521 0.4938412 -2.83336E-07
vn -0.8695521 0.4938412 -2.83336E-07
vn 0.3846506 0.02534851 0.9227142
vn 0.3846506 0.02534851 0.9227142
vn 0.3846506 0.02534851 0.9227142
vn 0.3846506 0.02534851 0.9227142
vn 0.664171 -0.2779986 0.6939694
vn 0.664171 -0.2779986 0.6939694
vn 0.664171 -0.2779986 0.6939694
vn 0.664171 -0.2779986 0.6939694
vn 0.2720056 -0.1664108 0.9477977
vn 0.2720056 -0.1664108 0.9477977
vn 0.2720056 -0.1664108 0.9477977
vn 0.2720056 -0.1664108 0.9477977
vn -0.187519 -0.1637958 0.9685079
vn -0.187519 -0.1637958 0.9685079
vn -0.187519 -0.1637958 0.9685079
vn -0.187519 -0.1637958 0.9685079
vn -0.6065992 -0.260715 0.7510427
vn -0.6065992 -0.260715 0.7510427
vn -0.6065992 -0.260715 0.7510427
vn -0.6065992 -0.260715 0.7510427
vn 0.6009902 -0.007515694 0.7992211
vn 0.6009902 -0.007515694 0.7992211
vn 0.6009902 -0.007515694 0.7992211
vn 0.6009902 -0.007515694 0.7992211
g Combined Mesh (root: scene)_0
f 3/3/3 4/4/4 2/2/2
f 1/1/1 3/3/3 2/2/2
g Combined Mesh (root: scene)_1
f 8/8/8 5/5/5 6/6/6
f 7/7/7 5/5/5 8/8/8
f 10/10/10 13/13/13 14/14/14
f 9/9/9 13/13/13 10/10/10
f 12/12/12 15/15/15 16/16/16
f 11/11/11 15/15/15 12/12/12
f 18/18/18 17/17/17 19/19/19
f 20/20/20 17/17/17 18/18/18
f 22/22/22 21/21/21 23/23/23
f 24/24/24 21/21/21 22/22/22
f 26/26/26 25/25/25 27/27/27
f 28/28/28 25/25/25 26/26/26
g Combined Mesh (root: scene)_2
f 32/32/32 29/29/29 30/30/30
f 31/31/31 29/29/29 32/32/32
f 34/34/34 37/37/37 38/38/38
f 33/33/33 37/37/37 34/34/34
f 36/36/36 39/39/39 40/40/40
f 35/35/35 39/39/39 36/36/36
f 42/42/42 41/41/41 43/43/43
f 44/44/44 41/41/41 42/42/42
f 46/46/46 45/45/45 47/47/47
f 48/48/48 45/45/45 46/46/46
f 50/50/50 49/49/49 51/51/51
f 52/52/52 49/49/49 50/50/50
g Combined Mesh (root: scene)_3
f 56/56/56 77/77/77 57/57/57
f 76/76/76 77/77/77 56/56/56
f 55/55/55 76/76/76 56/56/56
f 75/75/75 76/76/76 55/55/55
f 54/54/54 75/75/75 55/55/55
f 74/74/74 75/75/75 54/54/54
f 53/53/53 74/74/74 54/54/54
f 73/73/73 74/74/74 53/53/53
f 60/60/60 81/81/81 61/61/61
f 80/80/80 81/81/81 60/60/60
f 59/59/59 80/80/80 60/60/60
f 79/79/79 80/80/80 59/59/59
f 58/58/58 79/79/79 59/59/59
f 78/78/78 79/79/79 58/58/58
f 93/93/93 78/78/78 58/58/58
f 94/94/94 78/78/78 93/93/93
f 72/72/72 97/97/97 98/98/98
f 92/92/92 97/97/97 72/72/72
f 71/71/71 92/92/92 72/72/72
f 91/91/91 92/92/92 71/71/71
f 70/70/70 91/91/91 71/71/71
f 90/90/90 91/91/91 70/70/70
f 69/69/69 90/90/90 70/70/70
f 89/89/89 90/90/90 69/69/69
f 68/68/68 89/89/89 69/69/69
f 88/88/88 89/89/89 68/68/68
f 67/67/67 88/88/88 68/68/68
f 87/87/87 88/88/88 67/67/67
f 66/66/66 87/87/87 67/67/67
f 86/86/86 87/87/87 66/66/66
f 65/65/65 86/86/86 66/66/66
f 85/85/85 86/86/86 65/65/65
f 64/64/64 85/85/85 65/65/65
f 84/84/84 85/85/85 64/64/64
f 63/63/63 84/84/84 64/64/64
f 83/83/83 84/84/84 63/63/63
f 62/62/62 83/83/83 63/63/63
f 82/82/82 83/83/83 62/62/62
f 95/95/95 82/82/82 62/62/62
f 96/96/96 82/82/82 95/95/95
g Combined Mesh (root: scene)_4
f 109/109/109 122/122/122 110/110/110
f 121/121/121 122/122/122 109/109/109
f 108/108/108 121/121/121 109/109/109
f 120/120/120 121/121/121 108/108/108
f 107/107/107 120/120/120 108/108/108
f 119/119/119 120/120/120 107/107/107
f 106/106/106 119/119/119 107/107/107
f 118/118/118 119/119/119 106/106/106
f 105/105/105 118/118/118 106/106/106
f 117/117/117 118/118/118 105/105/105
f 104/104/104 117/117/117 105/105/105
f 116/116/116 117/117/117 104/104/104
f 103/103/103 116/116/116 104/104/104
f 115/115/115 116/116/116 103/103/103
f 102/102/102 115/115/115 103/103/103
f 114/114/114 115/115/115 102/102/102
f 101/101/101 114/114/114 102/102/102
f 113/113/113 114/114/114 101/101/101
f 100/100/100 113/113/113 101/101/101
f 112/112/112 113/113/113 100/100/100
f 99/99/99 112/112/112 100/100/100
f 111/111/111 112/112/112 99/99/99
f 125/125/125 126/126/126 127/127/127
f 123/123/123 126/126/126 125/125/125
f 124/124/124 123/123/123 125/125/125
f 125/125/125 133/133/133 134/134/134
f 132/132/132 133/133/133 125/125/125
f 131/131/131 132/132/132 125/125/125
f 125/125/125 129/129/129 130/130/130
f 128/128/128 129/129/129 125/125/125
f 127/127/127 128/128/128 125/125/125
f 131/131/131 125/125/125 130/130/130
g Combined Mesh (root: scene)_5
f 166/166/166 161/161/161 167/167/167
f 161/161/161 164/164/164 163/163/163
f 161/161/161 165/165/165 164/164/164
f 166/166/166 165/165/165 161/161/161
f 161/161/161 168/168/168 167/167/167
f 161/161/161 169/169/169 168/168/168
f 170/170/170 169/169/169 161/161/161
f 161/161/161 159/159/159 160/160/160
f 161/161/161 162/162/162 159/159/159
f 163/163/163 162/162/162 161/161/161
f 135/135/135 148/148/148 147/147/147
f 136/136/136 148/148/148 135/135/135
f 136/136/136 149/149/149 148/148/148
f 137/137/137 149/149/149 136/136/136
f 137/137/137 150/150/150 149/149/149
f 138/138/138 150/150/150 137/137/137
f 138/138/138 151/151/151 150/150/150
f 139/139/139 151/151/151 138/138/138
f 139/139/139 152/152/152 151/151/151
f 140/140/140 152/152/152 139/139/139
f 140/140/140 153/153/153 152/152/152
f 141/141/141 153/153/153 140/140/140
f 141/141/141 154/154/154 153/153/153
f 142/142/142 154/154/154 141/141/141
f 142/142/142 155/155/155 154/154/154
f 143/143/143 155/155/155 142/142/142
f 143/143/143 156/156/156 155/155/155
f 144/144/144 156/156/156 143/143/143
f 144/144/144 157/157/157 156/156/156
f 145/145/145 157/157/157 144/144/144
f 145/145/145 158/158/158 157/157/157
f 146/146/146 158/158/158 145/145/145
g Combined Mesh (root: scene)_6
f 178/178/178 171/171/171 177/177/177
f 173/173/173 171/171/171 178/178/178
f 172/172/172 176/176/176 175/175/175
f 174/174/174 176/176/176 172/172/172
f 180/180/180 183/183/183 184/184/184
f 179/179/179 183/183/183 180/180/180
f 181/181/181 185/185/185 186/186/186
f 182/182/182 185/185/185 181/181/181
g Combined Mesh (root: scene)_7
f 197/197/197 196/196/196 191/191/191
f 202/202/202 196/196/196 197/197/197
f 203/203/203 202/202/202 197/197/197
f 206/206/206 202/202/202 203/203/203
f 204/204/204 206/206/206 203/203/203
f 207/207/207 206/206/206 204/204/204
f 199/199/199 207/207/207 204/204/204
f 194/194/194 207/207/207 199/199/199
f 193/193/193 194/194/194 199/199/199
f 188/188/188 194/194/194 193/193/193
f 192/192/192 188/188/188 193/193/193
f 187/187/187 188/188/188 192/192/192
f 191/191/191 187/187/187 192/192/192
f 190/190/190 187/187/187 191/191/191
f 196/196/196 190/190/190 191/191/191
f 195/195/195 190/190/190 196/196/196
f 201/201/201 195/195/195 196/196/196
f 200/200/200 195/195/195 201/201/201
f 206/206/206 200/200/200 201/201/201
f 205/205/205 200/200/200 206/206/206
f 208/208/208 206/206/206 207/207/207
f 194/194/194 189/189/189 207/207/207
f 188/188/188 189/189/189 194/194/194
f 198/198/198 193/193/193 199/199/199
f 192/192/192 193/193/193 198/198/198
f 197/197/197 192/192/192 198/198/198
f 191/191/191 192/192/192 197/197/197
f 201/201/201 202/202/202 206/206/206
f 196/196/196 202/202/202 201/201/201
f 198/198/198 203/203/203 197/197/197
f 204/204/204 203/203/203 198/198/198
f 199/199/199 204/204/204 198/198/198
g Combined Mesh (root: scene)_8
f 212/212/212 209/209/209 210/210/210
f 211/211/211 209/209/209 212/212/212
g Combined Mesh (root: scene)_9
f 224/224/224 230/230/230 225/225/225
f 224/224/224 229/229/229 230/230/230
f 223/223/223 229/229/229 224/224/224
f 227/227/227 228/228/228 222/222/222
f 232/232/232 228/228/228 227/227/227
f 223/223/223 218/218/218 217/217/217
f 224/224/224 218/218/218 223/223/223
f 224/224/224 219/219/219 218/218/218
f 225/225/225 219/219/219 224/224/224
f 220/220/220 215/215/215 214/214/214
f 233/233/233 215/215/215 220/220/220
f 233/233/233 232/232/232 234/234/234
f 232/232/232 226/226/226 231/231/231
f 227/227/227 226/226/226 232/232/232
f 227/227/227 221/221/221 226/226/226
f 222/222/222 221/221/221 227/227/227
f 222/222/222 216/216/216 221/221/221
f 217/217/217 216/216/216 222/222/222
f 217/217/217 213/213/213 216/216/216
f 218/218/218 213/213/213 217/217/217
f 218/218/218 214/214/214 213/213/213
f 219/219/219 214/214/214 218/218/218
f 219/219/219 220/220/220 214/214/214
f 225/225/225 220/220/220 219/219/219
f 225/225/225 233/233/233 220/220/220
f 230/230/230 233/233/233 225/225/225
f 230/230/230 232/232/232 233/233/233
f 229/229/229 232/232/232 230/230/230
f 229/229/229 228/228/228 232/232/232
f 223/223/223 228/228/228 229/229/229
f 223/223/223 222/222/222 228/228/228
f 217/217/217 222/222/222 223/223/223
g Combined Mesh (root: scene)_10
f 238/238/238 235/235/235 236/236/236
f 237/237/237 235/235/235 238/238/238
g Combined Mesh (root: scene)_11
f 241/241/241 242/242/242 240/240/240
f 239/239/239 241/241/241 240/240/240
g Combined Mesh (root: scene)_12
f 246/246/246 243/243/243 244/244/244
f 245/245/245 243/243/243 246/246/246
g Combined Mesh (root: scene)_13
f 250/250/250 247/247/247 248/248/248
f 249/249/249 247/247/247 250/250/250
g Combined Mesh (root: scene)_14
f 254/254/254 251/251/251 253/253/253
f 252/252/252 251/251/251 254/254/254
g Combined Mesh (root: scene)_15
f 258/258/258 255/255/255 256/256/256
f 257/257/257 255/255/255 258/258/258
g Combined Mesh (root: scene)_16
f 262/262/262 260/260/260 263/263/263
f 259/259/259 260/260/260 262/262/262
f 261/261/261 259/259/259 262/262/262
g Combined Mesh (root: scene)_17
f 267/267/267 264/264/264 266/266/266
f 267/267/267 265/265/265 264/264/264
f 268/268/268 265/265/265 267/267/267
g Combined Mesh (root: scene)_18
f 272/272/272 270/270/270 273/273/273
f 269/269/269 270/270/270 272/272/272
f 271/271/271 269/269/269 272/272/272
g Combined Mesh (root: scene)_19
f 277/277/277 278/278/278 279/279/279
f 276/276/276 278/278/278 277/277/277
f 275/275/275 276/276/276 277/277/277
f 274/274/274 276/276/276 275/275/275
f 280/280/280 282/282/282 283/283/283
f 281/281/281 282/282/282 280/280/280
g Combined Mesh (root: scene)_20
f 287/287/287 284/284/284 285/285/285
f 286/286/286 284/284/284 287/287/287
f 289/289/289 290/290/290 291/291/291
f 288/288/288 290/290/290 289/289/289
f 298/298/298 288/288/288 289/289/289
f 299/299/299 288/288/288 298/298/298
f 293/293/293 294/294/294 295/295/295
f 292/292/292 294/294/294 293/293/293
f 300/300/300 292/292/292 293/293/293
f 301/301/301 292/292/292 300/300/300
f 296/296/296 302/302/302 303/303/303
f 297/297/297 302/302/302 296/296/296
g Combined Mesh (root: scene)_21
f 319/319/319 337/337/337 345/345/345
f 310/310/310 304/304/304 305/305/305
f 309/309/309 304/304/304 310/310/310
f 315/315/315 309/309/309 310/310/310
f 314/314/314 309/309/309 315/315/315
f 325/325/325 314/314/314 315/315/315
f 344/344/344 314/314/314 325/325/325
f 343/343/343 344/344/344 325/325/325
f 313/313/313 307/307/307 308/308/308
f 312/312/312 307/307/307 313/313/313
f 318/318/318 312/312/312 313/313/313
f 317/317/317 312/312/312 318/318/318
f 328/328/328 317/317/317 318/318/318
f 327/327/327 317/317/317 328/328/328
f 334/334/334 327/327/327 328/328/328
f 324/324/324 319/319/319 330/330/330
f 323/323/323 319/319/319 324/324/324
f 322/322/322 323/323/323 324/324/324
f 321/321/321 322/322/322 324/324/324
f 326/326/326 325/325/325 315/315/315
f 333/333/333 325/325/325 326/326/326
f 320/320/320 333/333/333 326/326/326
f 329/329/329 328/328/328 318/318/318
f 335/335/335 328/328/328 329/329/329
f 336/336/336 335/335/335 329/329/329
f 332/332/332 338/338/338 339/339/339
f 331/331/331 338/338/338 332/332/332
f 312/312/312 306/306/306 307/307/307
f 311/311/311 306/306/306 312/312/312
f 317/317/317 311/311/311 312/312/312
f 316/316/316 311/311/311 317/317/317
f 327/327/327 316/316/316 317/317/317
f 309/309/309 340/340/340 304/304/304
f 341/341/341 340/340/340 309/309/309
f 314/314/314 341/341/341 309/309/309
f 342/342/342 341/341/341 314/314/314
f 344/344/344 342/342/342 314/314/314
f 335/335/335 334/334/334 328/328/328
f 333/333/333 343/343/343 325/325/325
g Combined Mesh (root: scene)_22
f 349/349/349 346/346/346 347/347/347
f 348/348/348 346/346/346 349/349/349
g Combined Mesh (root: scene)_23
f 353/353/353 350/350/350 351/351/351
f 352/352/352 350/350/350 353/353/353
g Combined Mesh (root: scene)_24
f 357/357/357 354/354/354 355/355/355
f 356/356/356 354/354/354 357/357/357
g Combined Mesh (root: scene)_25
f 361/361/361 358/358/358 359/359/359
f 360/360/360 358/358/358 361/361/361
g Combined Mesh (root: scene)_26
f 377/377/377 395/395/395 403/403/403
f 368/368/368 362/362/362 363/363/363
f 367/367/367 362/362/362 368/368/368
f 373/373/373 367/367/367 368/368/368
f 372/372/372 367/367/367 373/373/373
f 383/383/383 372/372/372 373/373/373
f 402/402/402 372/372/372 383/383/383
f 401/401/401 402/402/402 383/383/383
f 371/371/371 365/365/365 366/366/366
f 370/370/370 365/365/365 371/371/371
f 376/376/376 370/370/370 371/371/371
f 375/375/375 370/370/370 376/376/376
f 386/386/386 375/375/375 376/376/376
f 385/385/385 375/375/375 386/386/386
f 392/392/392 385/385/385 386/386/386
f 382/382/382 377/377/377 388/388/388
f 381/381/381 377/377/377 382/382/382
f 380/380/380 381/381/381 382/382/382
f 379/379/379 380/380/380 382/382/382
f 384/384/384 383/383/383 373/373/373
f 391/391/391 383/383/383 384/384/384
f 378/378/378 391/391/391 384/384/384
f 387/387/387 386/386/386 376/376/376
f 393/393/393 386/386/386 387/387/387
f 394/394/394 393/393/393 387/387/387
f 390/390/390 396/396/396 389/389/389
f 397/397/397 396/396/396 390/390/390
f 370/370/370 364/364/364 365/365/365
f 369/369/369 364/364/364 370/370/370
f 375/375/375 369/369/369 370/370/370
f 374/374/374 369/369/369 375/375/375
f 385/385/385 374/374/374 375/375/375
f 367/367/367 398/398/398 362/362/362
f 399/399/399 398/398/398 367/367/367
f 372/372/372 399/399/399 367/367/367
f 400/400/400 399/399/399 372/372/372
f 402/402/402 400/400/400 372/372/372
f 393/393/393 392/392/392 386/386/386
f 391/391/391 401/401/401 383/383/383
g Combined Mesh (root: scene)_27
f 419/419/419 437/437/437 445/445/445
f 410/410/410 404/404/404 405/405/405
f 409/409/409 404/404/404 410/410/410
f 415/415/415 409/409/409 410/410/410
f 414/414/414 409/409/409 415/415/415
f 425/425/425 414/414/414 415/415/415
f 444/444/444 414/414/414 425/425/425
f 443/443/443 444/444/444 425/425/425
f 413/413/413 407/407/407 408/408/408
f 412/412/412 407/407/407 413/413/413
f 418/418/418 412/412/412 413/413/413
f 417/417/417 412/412/412 418/418/418
f 428/428/428 417/417/417 418/418/418
f 427/427/427 417/417/417 428/428/428
f 434/434/434 427/427/427 428/428/428
f 424/424/424 419/419/419 430/430/430
f 423/423/423 419/419/419 424/424/424
f 422/422/422 423/423/423 424/424/424
f 421/421/421 422/422/422 424/424/424
f 426/426/426 425/425/425 415/415/415
f 433/433/433 425/425/425 426/426/426
f 420/420/420 433/433/433 426/426/426
f 429/429/429 428/428/428 418/418/418
f 435/435/435 428/428/428 429/429/429
f 436/436/436 435/435/435 429/429/429
f 432/432/432 438/438/438 439/439/439
f 431/431/431 438/438/438 432/432/432
f 412/412/412 406/406/406 407/407/407
f 411/411/411 406/406/406 412/412/412
f 417/417/417 411/411/411 412/412/412
f 416/416/416 411/411/411 417/417/417
f 427/427/427 416/416/416 417/417/417
f 409/409/409 440/440/440 404/404/404
f 441/441/441 440/440/440 409/409/409
f 414/414/414 441/441/441 409/409/409
f 442/442/442 441/441/441 414/414/414
f 444/444/444 442/442/442 414/414/414
f 435/435/435 434/434/434 428/428/428
f 433/433/433 443/443/443 425/425/425
g Combined Mesh (root: scene)_28
f 514/514/514 502/502/502 501/501/501
f 494/494/494 515/515/515 491/491/491
f 455/455/455 454/454/454 446/446/446
f 447/447/447 455/455/455 446/446/446
f 456/456/456 455/455/455 447/447/447
f 448/448/448 456/456/456 447/447/447
f 457/457/457 456/456/456 448/448/448
f 449/449/449 457/457/457 448/448/448
f 459/459/459 458/458/458 450/450/450
f 451/451/451 459/459/459 450/450/450
f 460/460/460 459/459/459 451/451/451
f 452/452/452 460/460/460 451/451/451
f 461/461/461 460/460/460 452/452/452
f 453/453/453 461/461/461 452/452/452
f 478/478/478 479/479/479 484/484/484
f 483/483/483 478/478/478 484/484/484
f 477/477/477 478/478/478 483/483/483
f 482/482/482 477/477/477 483/483/483
f 476/476/476 477/477/477 482/482/482
f 481/481/481 476/476/476 482/482/482
f 475/475/475 476/476/476 481/481/481
f 480/480/480 475/475/475 481/481/481
f 485/485/485 495/495/495 496/496/496
f 499/499/499 495/495/495 485/485/485
f 487/487/487 499/499/499 485/485/485
f 501/501/501 499/499/499 487/487/487
f 489/489/489 501/501/501 487/487/487
f 498/498/498 486/486/486 497/497/497
f 488/488/488 486/486/486 498/498/498
f 500/500/500 488/488/488 498/498/498
f 513/513/513 488/488/488 500/500/500
f 502/502/502 513/513/513 500/500/500
f 503/503/503 491/491/491 507/507/507
f 490/490/490 491/491/491 503/503/503
f 504/504/504 490/490/490 503/503/503
f 506/506/506 517/517/517 516/516/516
f 493/493/493 506/506/506 516/516/516
f 505/505/505 506/506/506 493/493/493
f 492/492/492 505/505/505 493/493/493
f 508/508/508 511/511/511 512/512/512
f 509/509/509 511/511/511 508/508/508
f 510/510/510 509/509/509 508/508/508
f 472/472/472 478/478/478 477/477/477
f 470/470/470 472/472/472 477/477/477
f 471/471/471 472/472/472 470/470/470
f 465/465/465 471/471/471 470/470/470
f 466/466/466 471/471/471 465/465/465
f 456/456/456 466/466/466 465/465/465
f 462/462/462 466/466/466 456/456/456
f 457/457/457 462/462/462 456/456/456
f 467/467/467 472/472/472 471/471/471
f 459/459/459 472/472/472 467/467/467
f 463/463/463 459/459/459 467/467/467
f 458/458/458 459/459/459 463/463/463
f 455/455/455 464/464/464 454/454/454
f 465/465/465 464/464/464 455/455/455
f 456/456/456 465/465/465 455/455/455
f 473/473/473 479/479/479 478/478/478
f 474/474/474 479/479/479 473/473/473
f 460/460/460 474/474/474 473/473/473
f 468/468/468 474/474/474 460/460/460
f 461/461/461 468/468/468 460/460/460
f 470/470/470 464/464/464 465/465/465
f 469/469/469 464/464/464 470/470/470
f 476/476/476 469/469/469 470/470/470
f 475/475/475 469/469/469 476/476/476
f 471/471/471 466/466/466 467/467/467
f 473/473/473 459/459/459 460/460/460
f 472/472/472 459/459/459 473/473/473
f 478/478/478 472/472/472 473/473/473
f 476/476/476 470/470/470 477/477/477
g Combined Mesh (root: scene)_29
f 524/524/524 529/529/529 526/526/526
f 523/523/523 524/524/524 526/526/526
f 519/519/519 524/524/524 523/523/523
f 531/531/531 519/519/519 523/523/523
f 530/530/530 519/519/519 531/531/531
f 518/518/518 530/530/530 531/531/531
f 532/532/532 523/523/523 526/526/526
f 531/531/531 523/523/523 532/532/532
f 522/522/522 531/531/531 532/532/532
f 518/518/518 531/531/531 522/522/522
f 528/528/528 527/527/527 521/521/521
f 520/520/520 527/527/527 528/528/528
f 524/524/524 520/520/520 528/528/528
f 519/519/519 520/520/520 524/524/524
f 528/528/528 529/529/529 524/524/524
f 525/525/525 529/529/529 528/528/528
f 521/521/521 525/525/525 528/528/528
g Combined Mesh (root: scene)_30
f 538/538/538 534/534/534 544/544/544
f 539/539/539 534/534/534 538/538/538
f 539/539/539 535/535/535 534/534/534
f 542/542/542 535/535/535 539/539/539
f 542/542/542 541/541/541 535/535/535
f 542/542/542 536/536/536 541/541/541
f 540/540/540 536/536/536 542/542/542
f 544/544/544 533/533/533 537/537/537
f 544/544/544 543/543/543 533/533/533
f 534/534/534 543/543/543 544/544/544
g Combined Mesh (root: scene)_31
f 548/548/548 545/545/545 546/546/546
f 547/547/547 545/545/545 548/548/548
g Combined Mesh (root: scene)_32
f 552/552/552 550/550/550 553/553/553
f 549/549/549 550/550/550 552/552/552
f 551/551/551 549/549/549 552/552/552
g Combined Mesh (root: scene)_33
f 557/557/557 554/554/554 556/556/556
f 557/557/557 555/555/555 554/554/554
f 558/558/558 555/555/555 557/557/557
g Combined Mesh (root: scene)_34
f 562/562/562 559/559/559 561/561/561
f 562/562/562 560/560/560 559/559/559
f 563/563/563 560/560/560 562/562/562
g Combined Mesh (root: scene)_35
f 567/567/567 564/564/564 566/566/566
f 565/565/565 564/564/564 567/567/567
g Combined Mesh (root: scene)_36
f 571/571/571 568/568/568 570/570/570
f 571/571/571 569/569/569 568/568/568
f 572/572/572 569/569/569 571/571/571
g Combined Mesh (root: scene)_37
f 576/576/576 574/574/574 577/577/577
f 573/573/573 574/574/574 576/576/576
f 575/575/575 573/573/573 576/576/576
g Combined Mesh (root: scene)_38
f 581/581/581 578/578/578 579/579/579
f 580/580/580 578/578/578 581/581/581
g Combined Mesh (root: scene)_39
f 585/585/585 582/582/582 583/583/583
f 584/584/584 582/582/582 585/585/585
g Combined Mesh (root: scene)_40
f 589/589/589 586/586/586 587/587/587
f 588/588/588 586/586/586 589/589/589
f 591/591/591 592/592/592 593/593/593
f 590/590/590 592/592/592 591/591/591
g Combined Mesh (root: scene)_41
f 597/597/597 594/594/594 595/595/595
f 596/596/596 594/594/594 597/597/597
f 599/599/599 604/604/604 605/605/605
f 598/598/598 604/604/604 599/599/599
f 601/601/601 606/606/606 607/607/607
f 600/600/600 606/606/606 601/601/601
f 603/603/603 608/608/608 609/609/609
f 602/602/602 608/608/608 603/603/603
g Combined Mesh (root: scene)_42
f 619/619/619 624/624/624 618/618/618
f 625/625/625 624/624/624 619/619/619
f 617/617/617 622/622/622 616/616/616
f 623/623/623 622/622/622 617/617/617
f 615/615/615 620/620/620 614/614/614
f 621/621/621 620/620/620 615/615/615
f 613/613/613 610/610/610 612/612/612
f 611/611/611 610/610/610 613/613/613
g Combined Mesh (root: scene)_43
f 641/641/641 659/659/659 667/667/667
f 632/632/632 626/626/626 627/627/627
f 631/631/631 626/626/626 632/632/632
f 637/637/637 631/631/631 632/632/632
f 636/636/636 631/631/631 637/637/637
f 647/647/647 636/636/636 637/637/637
f 666/666/666 636/636/636 647/647/647
f 665/665/665 666/666/666 647/647/647
f 635/635/635 629/629/629 630/630/630
f 634/634/634 629/629/629 635/635/635
f 640/640/640 634/634/634 635/635/635
f 639/639/639 634/634/634 640/640/640
f 650/650/650 639/639/639 640/640/640
f 649/649/649 639/639/639 650/650/650
f 656/656/656 649/649/649 650/650/650
f 646/646/646 641/641/641 652/652/652
f 645/645/645 641/641/641 646/646/646
f 644/644/644 645/645/645 646/646/646
f 643/643/643 644/644/644 646/646/646
f 648/648/648 647/647/647 637/637/637
f 655/655/655 647/647/647 648/648/648
f 642/642/642 655/655/655 648/648/648
f 651/651/651 650/650/650 640/640/640
f 657/657/657 650/650/650 651/651/651
f 658/658/658 657/657/657 651/651/651
f 654/654/654 660/660/660 661/661/661
f 653/653/653 660/660/660 654/654/654
f 634/634/634 628/628/628 629/629/629
f 633/633/633 628/628/628 634/634/634
f 639/639/639 633/633/633 634/634/634
f 638/638/638 633/633/633 639/639/639
f 649/649/649 638/638/638 639/639/639
f 631/631/631 662/662/662 626/626/626
f 663/663/663 662/662/662 631/631/631
f 636/636/636 663/663/663 631/631/631
f 664/664/664 663/663/663 636/636/636
f 666/666/666 664/664/664 636/636/636
f 657/657/657 656/656/656 650/650/650
f 655/655/655 665/665/665 647/647/647
g Combined Mesh (root: scene)_44
f 671/671/671 669/669/669 675/675/675
f 668/668/668 669/669/669 671/671/671
f 670/670/670 668/668/668 671/671/671
f 717/717/717 718/718/718 720/720/720
f 716/716/716 718/718/718 717/717/717
f 674/674/674 670/670/670 671/671/671
f 673/673/673 670/670/670 674/674/674
f 719/719/719 673/673/673 674/674/674
f 680/680/680 682/682/682 683/683/683
f 681/681/681 682/682/682 680/680/680
f 721/721/721 681/681/681 680/680/680
f 682/682/682 681/681/681 721/721/721
f 675/675/675 682/682/682 721/721/721
f 685/685/685 696/696/696 697/697/697
f 684/684/684 696/696/696 685/685/685
f 686/686/686 698/698/698 699/699/699
f 700/700/700 698/698/698 686/686/686
f 688/688/688 701/701/701 702/702/702
f 687/687/687 701/701/701 688/688/688
f 690/690/690 703/703/703 704/704/704
f 689/689/689 703/703/703 690/690/690
f 705/705/705 722/722/722 706/706/706
f 723/723/723 722/722/722 705/705/705
f 692/692/692 707/707/707 708/708/708
f 691/691/691 707/707/707 692/692/692
f 693/693/693 709/709/709 710/710/710
f 711/711/711 709/709/709 693/693/693
f 694/694/694 724/724/724 712/712/712
f 725/725/725 724/724/724 694/694/694
f 695/695/695 713/713/713 714/714/714
f 715/715/715 713/713/713 695/695/695
f 677/677/677 678/678/678 676/676/676
f 672/672/672 677/677/677 676/676/676
f 673/673/673 677/677/677 672/672/672
f 670/670/670 673/673/673 672/672/672
f 680/680/680 678/678/678 677/677/677
f 679/679/679 678/678/678 680/680/680
f 683/683/683 679/679/679 680/680/680
g Combined Mesh (root: scene)_45
f 729/729/729 726/726/726 727/727/727
f 728/728/728 726/726/726 729/729/729
g Combined Mesh (root: scene)_46
f 733/733/733 730/730/730 732/732/732
f 731/731/731 730/730/730 733/733/733
g Combined Mesh (root: scene)_47
f 737/737/737 734/734/734 736/736/736
f 735/735/735 734/734/734 737/737/737
g Combined Mesh (root: scene)_48
f 741/741/741 738/738/738 739/739/739
f 740/740/740 738/738/738 741/741/741
g Combined Mesh (root: scene)_49
f 745/745/745 742/742/742 743/743/743
f 744/744/744 742/742/742 745/745/745
g Combined Mesh (root: scene)_50
f 749/749/749 746/746/746 747/747/747
f 748/748/748 746/746/746 749/749/749
g Combined Mesh (root: scene)_51
f 753/753/753 750/750/750 751/751/751
f 752/752/752 750/750/750 753/753/753
g Combined Mesh (root: scene)_52
f 757/757/757 754/754/754 755/755/755
f 756/756/756 754/754/754 757/757/757
g Combined Mesh (root: scene)_53
f 761/761/761 758/758/758 759/759/759
f 760/760/760 758/758/758 761/761/761
g Combined Mesh (root: scene)_54
f 765/765/765 762/762/762 763/763/763
f 764/764/764 762/762/762 765/765/765
f 767/767/767 772/772/772 773/773/773
f 766/766/766 772/772/772 767/767/767
f 769/769/769 774/774/774 775/775/775
f 768/768/768 774/774/774 769/769/769
f 771/771/771 776/776/776 777/777/777
f 770/770/770 776/776/776 771/771/771
g Combined Mesh (root: scene)_55
f 793/793/793 792/792/792 794/794/794
f 796/796/796 795/795/795 797/797/797
f 799/799/799 798/798/798 800/800/800
f 802/802/802 801/801/801 803/803/803
f 805/805/805 804/804/804 806/806/806
f 808/808/808 807/807/807 809/809/809
f 811/811/811 810/810/810 812/812/812
f 814/814/814 813/813/813 815/815/815
f 817/817/817 816/816/816 818/818/818
f 820/820/820 819/819/819 821/821/821
f 823/823/823 822/822/822 824/824/824
f 826/826/826 825/825/825 827/827/827
f 829/829/829 828/828/828 830/830/830
f 832/832/832 831/831/831 833/833/833
f 835/835/835 834/834/834 836/836/836
f 838/838/838 837/837/837 839/839/839
f 841/841/841 840/840/840 842/842/842
f 790/790/790 781/781/781 780/780/780
f 791/791/791 781/781/781 790/790/790
f 788/788/788 791/791/791 790/790/790
f 789/789/789 791/791/791 788/788/788
f 786/786/786 789/789/789 788/788/788
f 787/787/787 789/789/789 786/786/786
f 784/784/784 787/787/787 786/786/786
f 785/785/785 787/787/787 784/784/784
f 782/782/782 785/785/785 784/784/784
f 783/783/783 785/785/785 782/782/782
f 778/778/778 783/783/783 782/782/782
f 779/779/779 783/783/783 778/778/778
f 843/843/843 850/850/850 851/851/851
f 844/844/844 850/850/850 843/843/843
f 853/853/853 852/852/852 854/854/854
f 845/845/845 852/852/852 853/853/853
f 856/856/856 855/855/855 857/857/857
f 846/846/846 855/855/855 856/856/856
f 859/859/859 858/858/858 860/860/860
f 847/847/847 858/858/858 859/859/859
f 862/862/862 861/861/861 863/863/863
f 848/848/848 861/861/861 862/862/862
f 865/865/865 864/864/864 866/866/866
f 849/849/849 864/864/864 865/865/865
g Combined Mesh (root: scene)_56
f 870/870/870 867/867/867 869/869/869
f 868/868/868 867/867/867 870/870/870
g Combined Mesh (root: scene)_57
f 874/874/874 871/871/871 872/872/872
f 873/873/873 871/871/871 874/874/874
g Combined Mesh (root: scene)_58
f 884/884/884 889/889/889 883/883/883
f 890/890/890 889/889/889 884/884/884
f 882/882/882 887/887/887 881/881/881
f 888/888/888 887/887/887 882/882/882
f 880/880/880 885/885/885 879/879/879
f 886/886/886 885/885/885 880/880/880
f 878/878/878 875/875/875 877/877/877
f 876/876/876 875/875/875 878/878/878
g Combined Mesh (root: scene)_59
f 894/894/894 891/891/891 892/892/892
f 893/893/893 891/891/891 894/894/894
g Combined Mesh (root: scene)_60
f 898/898/898 895/895/895 896/896/896
f 897/897/897 895/895/895 898/898/898
f 900/900/900 901/901/901 902/902/902
f 899/899/899 901/901/901 900/900/900
g Combined Mesh (root: scene)_61
f 906/906/906 903/903/903 904/904/904
f 905/905/905 903/903/903 906/906/906
f 908/908/908 909/909/909 910/910/910
f 907/907/907 909/909/909 908/908/908
g Combined Mesh (root: scene)_62
f 914/914/914 911/911/911 913/913/913
f 912/912/912 911/911/911 914/914/914
