g Combined Mesh (root: scene)
v -1685.038 -86.96143 -128.5217
v 1690.603 -86.96143 -128.5217
v -1685.038 -86.96143 -3949.929
v 1690.603 -86.96143 -3949.929
v -247.7269 -7.735476 -2912.459
v -180.7534 -15.60205 -2906.197
v -200.6863 -22.86701 -2849.189
v -162.7221 -37.16251 -2867.873
v -204.9913 -9.795666 -2872.429
v -250.675 -7.776571 -2835.191
v -234.0218 -26.24597 -2816.961
v -272.587 1.76178 -2870.836
v -269.6813 -47.74647 -2792.593
v -316.1783 -9.740686 -2886.561
v -309.4112 -28.77454 -2800.303
v -198.9013 -107.5801 -2870.969
v -246.4152 -106.7905 -2860.255
v -312.8853 -93.25352 -2843.232
v -151.9652 -40.76396 -2911.315
v -208.743 -27.89495 -2935.369
v -143.1504 -52.69479 -2877.063
v -146.9316 -75.29636 -2882.073
v -168.9827 -89.79982 -2853.378
v -226.7721 -54.33273 -2803.565
v -309.607 -44.25629 -2794.935
v -183.2582 -77.7564 -2826.247
v -245.927 -81.9128 -2803.077
v -219.8698 -96.19506 -2827.554
v -279.4466 -86.54152 -2814.209
v -336.9081 -36.61934 -2835.661
v -330.8275 -33.88663 -2892.956
v -339.7028 -60.52487 -2813.309
v -330.1461 -79.36925 -2811.859
v -334.0388 -70.22628 -2868.819
v -286.5718 -17.26841 -2927.592
v -291.0637 -38.52787 -2932.41
v -247.7269 -7.735476 -2912.459
v -204.9913 -9.795666 -2872.429
v -151.9652 -40.76396 -2911.315
v -336.9081 -36.61934 -2835.661
v -330.8275 -33.88663 -2892.956
v -208.743 -27.89495 -2935.369
v -286.5718 -17.26841 -2927.592
v 425.0084 -42.40409 -2460.55
v 428.5949 17.62835 -2461.128
v 402.7973 4.689095 -2500.962
v 404.5524 38.89236 -2481.984
v 418.4739 -2.417126 -2488.162
v 401.0378 -40.40939 -2517.044
v 385.0736 -22.00224 -2524.218
v 415.0364 -63.08674 -2494.487
v 356.4063 -48.44831 -2536.136
v 404.3641 -100.3361 -2480.42
v 365.7097 -86.45827 -2537.335
v 349.1928 17.76322 -2458.604
v 382.4985 -48.06367 -2431.171
v 351.2849 -43.21916 -2444.17
v 338.6256 -23.20746 -2467.771
v 374.7784 -73.74162 -2441.05
v 360.6727 -93.30415 -2458.552
v 332.1055 -82.28241 -2485.957
v 416.949 46.26326 -2448.882
v 424.0266 -6.673906 -2436.633
v 399.4925 57.78479 -2469.978
v 397.9753 39.41913 -2438.085
v 384.2416 57.60312 -2459.36
v 407.5411 -7.936941 -2427.694
v 366.1528 12.00009 -2439.776
v 361.5155 42.23658 -2476.306
v 362.1477 -10.63725 -2525.079
v 352.9893 -83.97275 -2536.434
v 359.5162 29.55475 -2500.207
v 339.1224 -23.16455 -2517.279
v 340.6706 0.29879 -2494.348
v 333.6362 -52.38795 -2508.478
v 366.2779 -111.3678 -2509.697
v 386.6283 -109.8549 -2468.559
v 341.9543 -108.8755 -2518.635
v 329.6385 -97.59828 -2513.599
v 352.8121 -105.742 -2474.934
v 416.3503 -75.77211 -2447.42
v 401.8819 -76.76572 -2437.377
v 425.0084 -42.40409 -2460.55
v 418.4739 -2.417126 -2488.162
v 382.4985 -48.06367 -2431.171
v 351.2849 -43.21916 -2444.17
v 416.949 46.26326 -2448.882
v 424.0266 -6.673906 -2436.633
v 366.2779 -111.3678 -2509.697
v 386.6283 -109.8549 -2468.559
v 424.0266 -6.673906 -2436.633
v 416.3503 -75.77211 -2447.42
v 424.0266 -6.673906 -2436.633
v 407.5411 -7.936941 -2427.694
v 304.9676 -30.26552 -2863.816
v 321.7515 28.99141 -2876.598
v 359.7762 13.15746 -2837.932
v 362.2388 43.27784 -2866.347
v 335.9724 10.48027 -2845.38
v 352.5169 -27.95921 -2810.043
v 378.2938 -15.57145 -2811.546
v 321.4624 -48.06804 -2824.875
v 404.0579 -50.65921 -2800.918
v 314.6766 -90.83035 -2834.463
v 381.8571 -83.10556 -2787.586
v 404.3445 -4.18096 -2903.624
v 405.0962 -46.23663 -2886.958
v 398.917 -102.3645 -2854.851
v 339.0045 49.448 -2900.421
v 308.9324 -0.711132 -2898.818
v 369.3568 57.1435 -2885.542
v 381.2648 48.72429 -2901.727
v 406.461 27.65429 -2886.482
v 406.5871 -13.9794 -2820.354
v 395.7328 -86.14356 -2793.052
v 413.4323 19.0045 -2857.978
v 423.5711 -36.9595 -2832.857
v 421.098 -17.9626 -2863.047
v 416.0682 -68.90648 -2837.062
v 362.2248 -111.8402 -2811.515
v 325.5591 -109.4735 -2850.505
v 392.0798 -117.8761 -2809.802
v 406.9226 -113.0556 -2821.776
v 364.9648 -118.3463 -2854.874
v 297.7372 -68.29533 -2872.706
v 308.7678 -77.06593 -2887.829
v 304.9676 -30.26552 -2863.816
v 335.9724 10.48027 -2845.38
v 339.0045 49.448 -2900.421
v 362.2248 -111.8402 -2811.515
v 325.5591 -109.4735 -2850.505
v 308.9324 -0.711132 -2898.818
v 297.7372 -68.29533 -2872.706
v -385.871 -32.76123 -2500.093
v -339.5371 -41.57233 -2519.186
v -332.7357 -44.53007 -2474.091
v -314.6212 -57.50729 -2499.179
v -343.4567 -35.17497 -2488.559
v -360.4478 -30.5315 -2447.903
v -343.4776 -44.63899 -2440.855
v -387.3171 -23.35327 -2464.217
v -359.0454 -58.4371 -2411.171
v -422.0626 -30.39556 -2458.737
v -387.5504 -42.59971 -2403.147
v -341.6197 -108.6948 -2485.243
v -369.2539 -105.6177 -2461.445
v -406.8475 -91.94012 -2427.376
v -322.9917 -61.89669 -2531.561
v -368.7413 -50.2961 -2528.069
v -305.3522 -70.30223 -2511.445
v -310.257 -87.20314 -2512.39
v -315.0894 -96.26619 -2484.958
v -334.7116 -65.65304 -2433.251
v -386.2075 -54.04502 -2398.813
v -314.5929 -85.83667 -2462.522
v -347.9831 -85.42477 -2424.911
v -339.8023 -98.0023 -2449.638
v -374.2437 -87.65399 -2420.255
v -418.4965 -48.18289 -2416.503
v -434.6951 -47.99079 -2456.698
v -413.0902 -65.35411 -2399.623
v -406.7729 -79.87679 -2401.164
v -429.2769 -74.41178 -2437.918
v -417.2103 -38.53013 -2495.984
v -422.4802 -54.38721 -2496.614
v -385.871 -32.76123 -2500.093
v -343.4567 -35.17497 -2488.559
v -322.9917 -61.89669 -2531.561
v -418.4965 -48.18289 -2416.503
v -434.6951 -47.99079 -2456.698
v -368.7413 -50.2961 -2528.069
v -417.2103 -38.53013 -2495.984
v -427.5047 -26.2725 -2861.641
v -423.6155 15.02562 -2882.659
v -384.122 1.508173 -2881.256
v -396.9001 22.15105 -2899.992
v -400.3838 1.44981 -2872.341
v -374.468 -26.76277 -2859.223
v -361.6096 -20.15018 -2874.689
v -398.9798 -39.21906 -2848.624
v -343.9708 -47.79462 -2879.388
v -409.0463 -70.30022 -2845.891
v -349.4116 -68.93457 -2857.814
v -396.7544 -18.06636 -2936.626
v -388.9842 -48.23692 -2924.454
v -377.0594 -87.42436 -2899.389
v -426.7036 27.40898 -2905.869
v -443.0305 -6.458075 -2884.487
v -402.9602 30.84292 -2914.888
v -405.7415 22.89709 -2928.619
v -385.4525 5.762163 -2931.995
v -351.7165 -21.98079 -2894.185
v -345.3022 -72.67641 -2867.598
v -367.038 -0.03209114 -2920.212
v -350.4462 -40.9071 -2907.296
v -367.0878 -28.02456 -2923.291
v -357.644 -63.77794 -2902.462
v -373.1967 -89.1476 -2857.04
v -412.6344 -85.63116 -2858.032
v -357.1803 -96.27058 -2871.232
v -355.7572 -94.61904 -2885.61
v -395.0481 -95.97244 -2880.076
v -437.2632 -53.81791 -2858.769
v -439.9429 -61.89525 -2871.462
v -427.5047 -26.2725 -2861.641
v -400.3838 1.44981 -2872.341
v -426.7036 27.40898 -2905.869
v -373.1967 -89.1476 -2857.04
v -412.6344 -85.63116 -2858.032
v -443.0305 -6.458075 -2884.487
v -437.2632 -53.81791 -2858.769
v -322.9646 -31.85215 -1413.26
v -338.0133 26.09867 -1418.945
v -379.6002 0.2401085 -1423.591
v -374.1392 37.91023 -1414.411
v -358.5273 -1.174278 -1427.339
v -379.8765 -47.17418 -1430.476
v -400.1535 -33.59659 -1423.431
v -348.2891 -61.39277 -1426.101
v -419.1721 -66.03812 -1407.648
v -334.0649 -95.24979 -1407.375
v -403.6649 -101.4216 -1413.996
v -385.1099 15.2555 -1355.895
v -325.941 -36.33871 -1361.556
v -356.0975 -39.40855 -1345.811
v -386.8799 -27.8043 -1351.769
v -330.7683 -64.49098 -1360.732
v -346.8567 -89.56465 -1360.04
v -387.7194 -89.82774 -1355.706
v -344.2025 54.83652 -1403.409
v -315.9825 8.083706 -1398.906
v -373.7163 58.20809 -1403.711
v -346.0255 48.12991 -1381.612
v -375.2449 58.3904 -1385.191
v -319.205 6.640442 -1380.445
v -359.1863 16.78193 -1356.885
v -397.4113 36.21777 -1377.653
v -418.098 -26.25287 -1406.711
v -411.5352 -100.6751 -1403.685
v -412.6803 17.95314 -1390.666
v -423.029 -39.72912 -1383.43
v -411.7745 -11.42713 -1371.137
v -411.7363 -66.41332 -1372.384
v -375.9862 -118.5052 -1395.921
v -333.5914 -104.0818 -1385.751
v -398.2496 -121.838 -1382.845
v -405.292 -111.5963 -1370.609
v -360.2708 -106.6224 -1363.777
v -309.2775 -61.9211 -1396.849
v -310.5197 -62.54306 -1379.263
v -322.9646 -31.85215 -1413.26
v -358.5273 -1.174278 -1427.339
v -325.941 -36.33871 -1361.556
v -356.0975 -39.40855 -1345.811
v -344.2025 54.83652 -1403.409
v -315.9825 8.083706 -1398.906
v -375.9862 -118.5052 -1395.921
v -333.5914 -104.0818 -1385.751
v -315.9825 8.083706 -1398.906
v -309.2775 -61.9211 -1396.849
v -315.9825 8.083706 -1398.906
v -319.205 6.640442 -1380.445
v -348.1697 -94.13988 -1299.925
v -361.4686 -102.1623 -1339.215
v -393.0742 -106.1102 -1318.59
v -390.3421 -100.6363 -1345.772
v -376.3488 -108.1452 -1318.52
v -391.549 -109.0816 -1285.032
v -408.1652 -105.0557 -1293.846
v -366.5544 -103.6813 -1277.105
v -422.7877 -91.77129 -1271.141
v -355.2095 -86.71075 -1255.414
v -409.2802 -94.31824 -1246.881
v -400.8465 -54.05376 -1333.023
v -352.657 -53.51403 -1299.874
v -376.8975 -42.20553 -1297.068
v -401.1118 -48.67993 -1303.114
v -355.624 -51.61251 -1280.001
v -367.5046 -50.41581 -1261.654
v -399.716 -48.61343 -1259.507
v -367.8787 -91.70739 -1359.92
v -344.5433 -84.66882 -1329.097
v -391.0997 -93.27792 -1360.641
v -370.0698 -74.35566 -1356.505
v -393.1237 -78.83573 -1361.847
v -347.843 -70.25647 -1329.071
v -380.5305 -53.88871 -1335.445
v -410.1594 -72.66277 -1345.623
v -423.1929 -93.0371 -1299.042
v -415.9281 -86.58746 -1247.619
v -420.997 -82.52164 -1331.217
v -427.6808 -74.29705 -1290.822
v -420.262 -65.67571 -1311.974
v -418.5105 -63.82845 -1273.498
v -387.8693 -78.19009 -1237.599
v -355.5287 -69.29457 -1250.629
v -405.7971 -68.6488 -1234.874
v -412.1692 -59.86369 -1242.409
v -377.3359 -52.99546 -1248.774
v -337.2579 -79.19937 -1280.705
v -338.9917 -65.43694 -1281.307
v -348.1697 -94.13988 -1299.925
v -376.3488 -108.1452 -1318.52
v -352.657 -53.51403 -1299.874
v -376.8975 -42.20553 -1297.068
v -367.8787 -91.70739 -1359.92
v -344.5433 -84.66882 -1329.097
v -387.8693 -78.19009 -1237.599
v -355.5287 -69.29457 -1250.629
v -344.5433 -84.66882 -1329.097
v -337.2579 -79.19937 -1280.705
v -344.5433 -84.66882 -1329.097
v -347.843 -70.25647 -1329.071
v 228.0569 -30.5467 -2897.079
v 276.4406 -38.81419 -2883.675
v 253.8746 -44.16354 -2844.296
v 283.9544 -56.00484 -2853.294
v 254.2149 -33.96898 -2861.838
v 215.5635 -31.26491 -2840.347
v 224.8404 -45.88343 -2824.955
v 204.4411 -22.99043 -2869.458
v 194.5593 -61.04278 -2812.026
v 173.9727 -29.96508 -2887.062
v 166.8482 -45.36199 -2822.7
v 255.3907 -107.5764 -2861.527
v 218.8887 -105.4615 -2859.908
v 167.9499 -93.1935 -2855.939
v 297.584 -58.63363 -2884.039
v 259.2665 -46.78057 -2909.16
v 299.1413 -68.23955 -2857.737
v 296.294 -85.02016 -2862.309
v 275.7112 -95.44002 -2844.259
v 227.5091 -67.34713 -2814.541
v 165.4917 -57.02849 -2819.007
v 261.9298 -86.18855 -2825.904
v 212.4125 -87.39205 -2817.171
v 234.4706 -98.75539 -2832.034
v 188.9905 -89.60097 -2829.93
v 151.0059 -49.94404 -2852.62
v 163.2331 -47.51731 -2894.126
v 145.1931 -68.01635 -2836.853
v 151.4561 -82.50131 -2834.815
v 156.4765 -74.92486 -2877.295
v 201.0785 -36.21233 -2913.583
v 197.7236 -51.96328 -2918.084
v 228.0569 -30.5467 -2897.079
v 254.2149 -33.96898 -2861.838
v 297.584 -58.63363 -2884.039
v 151.0059 -49.94404 -2852.62
v 163.2331 -47.51731 -2894.126
v 259.2665 -46.78057 -2909.16
v 201.0785 -36.21233 -2913.583
v 345.6807 -97.51822 -952.8022
v 337.0931 -76.98555 -1000.713
v 346.3369 -38.69239 -974.2647
v 349.0367 -42.82277 -1008.752
v 337.6682 -57.89399 -974.124
v 345.6728 -40.84496 -932.155
v 355.7713 -22.1391 -943.4082
v 343.5544 -73.01349 -923.1356
v 379.3598 -10.60434 -916.4479
v 361.7065 -93.78766 -898.1132
v 373.7649 -26.81261 -886.0897
v 409.6475 -48.15415 -997.9168
v 395.6585 -107.2702 -957.1843
v 418.4571 -82.67297 -954.6918
v 419.1995 -51.11664 -961.2577
v 401.0651 -105.2884 -932.6135
v 408.8121 -92.34433 -909.7733
v 423.2247 -54.67471 -906.9678
v 349.7977 -72.33755 -1027.592
v 352.5936 -104.1164 -990.2195
v 356.5437 -44.01754 -1028.078
v 371.5942 -76.3205 -1025.234
v 374.3454 -46.92023 -1031.156
v 370.9633 -105.5387 -991.7473
v 401.9955 -72.35092 -1001.16
v 389.7188 -29.58474 -1011.457
v 375.1477 -8.455051 -951.0546
v 385.3662 -21.72341 -887.795
v 383.5296 -13.60618 -992.3124
v 399.946 -10.41976 -942.843
v 405.2519 -21.57034 -970.2165
v 410.7352 -25.9949 -922.5181
v 385.8787 -58.75181 -876.5322
v 383.0197 -100.0866 -894.0763
v 404.2067 -41.02591 -874.0097
v 416.2617 -36.36654 -884.3003
v 410.7432 -80.20725 -893.3447
v 361.3286 -116.915 -930.6281
v 378.2756 -119.9372 -932.8809
v 345.6807 -97.51822 -952.8022
v 337.6682 -57.89399 -974.124
v 395.6585 -107.2702 -957.1843
v 418.4571 -82.67297 -954.6918
v 349.7977 -72.33755 -1027.592
v 352.5936 -104.1164 -990.2195
v 385.8787 -58.75181 -876.5322
v 383.0197 -100.0866 -894.0763
v 352.5936 -104.1164 -990.2195
v 361.3286 -116.915 -930.6281
v 352.5936 -104.1164 -990.2195
v 370.9633 -105.5387 -991.7473
v -361.2557 -126.1691 -1034.884
v -366.9937 -108.3713 -985.4759
v -365.9529 -68.43797 -1011.08
v -379.3421 -73.94926 -979.3927
v -358.5052 -88.10034 -1009.742
v -352.4178 -68.72574 -1051.018
v -364.6755 -49.97275 -1042.266
v -349.016 -100.524 -1060.915
v -378.2674 -35.83611 -1074.387
v -359.4414 -119.0193 -1091.516
v -364.2838 -50.96625 -1102.514
v -433.8204 -75.13107 -1008.551
v -410.5193 -133.0847 -1046.604
v -430.3463 -107.0733 -1054.433
v -431.71 -75.8577 -1046.484
v -407.9867 -129.6755 -1071.48
v -407.7367 -115.2722 -1094.755
v -418.932 -76.71573 -1099.515
v -387.16 -104.1842 -963.5385
v -379.6595 -134.0199 -1001.852
v -392.492 -75.56044 -963.4006
v -407.3157 -106.7384 -972.689
v -410.4828 -77.52287 -966.0986
v -397.6473 -134.402 -1006.106
v -428.5998 -99.86591 -1004.616
v -418.2586 -58.42351 -988.4514
v -384.8535 -35.50663 -1040.087
v -375.6129 -45.27049 -1104.13
v -405.7757 -41.99924 -1003.767
v -405.9671 -35.60384 -1055.593
v -419.9412 -47.63792 -1031.893
v -410.6207 -49.56949 -1079.16
v -374.2291 -81.65546 -1117.261
v -378.72 -123.8363 -1102.256
v -390.0969 -62.7635 -1124.174
v -404.5255 -57.85616 -1117.798
v -403.9746 -102.3126 -1110.209
v -370.121 -143.5699 -1061.928
v -387.0502 -145.6657 -1065.156
v -361.2557 -126.1691 -1034.884
v -358.5052 -88.10034 -1009.742
v -410.5193 -133.0847 -1046.604
v -430.3463 -107.0733 -1054.433
v -387.16 -104.1842 -963.5385
v -379.6595 -134.0199 -1001.852
v -374.2291 -81.65546 -1117.261
v -378.72 -123.8363 -1102.256
v -379.6595 -134.0199 -1001.852
v -370.121 -143.5699 -1061.928
v -379.6595 -134.0199 -1001.852
v -397.6473 -134.402 -1006.106
v 294.5561 -43.15326 -1413.728
v 328.5051 -44.0515 -1402.575
v 312.0502 -51.76734 -1376.109
v 334.5388 -56.30007 -1381.532
v 311.7762 -43.99203 -1388.054
v 283.9258 -47.217 -1374.534
v 291.4354 -56.91151 -1363.834
v 276.3498 -41.59229 -1395.126
v 271.7012 -71.25584 -1356.537
v 256.6738 -49.11122 -1408.962
v 251.1353 -63.04381 -1364.671
v 320.8571 -94.86189 -1390.163
v 295.2828 -97.49178 -1390.492
v 258.4839 -94.77412 -1389.453
v 345.3889 -55.43061 -1402.582
v 318.433 -50.48508 -1421.405
v 346.5929 -62.92606 -1384.403
v 346.6743 -74.68838 -1388.266
v 332.9373 -84.87557 -1376.822
v 295.3192 -71.88584 -1357.12
v 251.3739 -71.41732 -1362.518
v 321.687 -80.69683 -1364.244
v 287.2146 -87.33737 -1360.243
v 304.3073 -92.1992 -1370.095
v 271.7065 -90.96334 -1370.235
v 241.7659 -66.81499 -1386.444
v 251.467 -62.18386 -1414.928
v 239.2006 -80.58341 -1376.226
v 245.0927 -90.00375 -1375.003
v 249.2594 -82.56403 -1404.305
v 277.1099 -49.42229 -1426.604
v 276.7214 -60.53012 -1430.407
v 294.5561 -43.15326 -1413.728
v 311.7762 -43.99203 -1388.054
v 345.3889 -55.43061 -1402.582
v 241.7659 -66.81499 -1386.444
v 251.467 -62.18386 -1414.928
v 318.433 -50.48508 -1421.405
v 277.1099 -49.42229 -1426.604
v 400.505 -44.51857 -1264.986
v 407.0211 -48.43586 -1234.313
v 379.3158 -54.43712 -1235.73
v 393.3347 -60.20299 -1221.428
v 388.5018 -47.30056 -1240.579
v 365.7383 -48.09095 -1256.021
v 360.6703 -57.49945 -1246.387
v 378.245 -42.03076 -1270.438
v 346.0111 -68.61593 -1259.361
v 379.9199 -46.66427 -1292.166
v 343.2915 -59.46578 -1277.905
v 392.9833 -92.77165 -1238.918
v 381.8292 -92.91421 -1258.723
v 364.7711 -87.43418 -1286
v 414.258 -59.87439 -1222.447
v 416.7992 -52.81273 -1250.866
v 400.7255 -66.98605 -1214.101
v 403.4464 -77.25207 -1216.748
v 388.3727 -85.31365 -1222.973
v 356.9204 -71.1548 -1241.724
v 341.5608 -66.90157 -1277.477
v 373.8627 -80.97359 -1225.59
v 355.3596 -83.99073 -1250.576
v 370.3629 -89.4883 -1242.368
v 356.0343 -85.64004 -1267.102
v 355.6908 -61.49264 -1295.004
v 381.8721 -57.58754 -1299.876
v 346.4287 -73.62173 -1293.586
v 347.8934 -82.43539 -1289.362
v 372.3091 -75.5726 -1298.566
v 402.4641 -48.26308 -1284.488
v 404.9453 -57.91498 -1287.41
v 400.505 -44.51857 -1264.986
v 388.5018 -47.30056 -1240.579
v 414.258 -59.87439 -1222.447
v 355.6908 -61.49264 -1295.004
v 381.8721 -57.58754 -1299.876
v 416.7992 -52.81273 -1250.866
v 402.4641 -48.26308 -1284.488
v -263.9067 -94.663 -1367.652
v -230.1411 -96.30008 -1379.268
v -247.1847 -101.0385 -1406.06
v -225.0409 -93.32358 -1403.647
v -246.8799 -103.2846 -1391.986
v -274.9357 -107.5498 -1404.773
v -268.1494 -102.6047 -1418.714
v -282.0314 -104.7664 -1383.443
v -288.8492 -93.70625 -1430.579
v -302.1262 -93.49148 -1373.236
v -308.7723 -99.14354 -1419.175
v -241.3074 -55.50229 -1410.971
v -268.7875 -60.51641 -1370.119
v -272.6533 -50.60766 -1390.236
v -267.0006 -54.53796 -1410.936
v -285.6821 -61.18376 -1372.51
v -301.2808 -61.97569 -1382.463
v -303.5294 -59.69226 -1409.631
v -214.079 -84.89051 -1384.404
v -240.5618 -83.3948 -1364.359
v -213.4599 -85.37807 -1404.089
v -219.0085 -70.69933 -1385.68
v -214.1725 -73.08052 -1405.332
v -242.3121 -71.22734 -1366.678
v -239.1487 -55.72619 -1393.797
v -228.6191 -69.2905 -1419.488
v -265.3283 -91.44794 -1431.042
v -309.1174 -92.37209 -1424.545
v -239.602 -78.90406 -1428.932
v -274.4637 -76.5903 -1434.201
v -257.7092 -67.10457 -1427.706
v -290.1474 -70.17166 -1426.057
v -318.2981 -87.42548 -1400.52
v -308.1967 -79.46835 -1372.924
v -321.8409 -79.18822 -1415.358
v -316.6145 -70.73782 -1420.479
v -311.8385 -65.34689 -1390.823
v -281.6949 -84.78101 -1357.885
v -282.8315 -73.13338 -1358.903
v -263.9067 -94.663 -1367.652
v -246.8799 -103.2846 -1391.986
v -268.7875 -60.51641 -1370.119
v -272.6533 -50.60766 -1390.236
v -214.079 -84.89051 -1384.404
v -240.5618 -83.3948 -1364.359
v -318.2981 -87.42548 -1400.52
v -308.1967 -79.46835 -1372.924
v -240.5618 -83.3948 -1364.359
v -281.6949 -84.78101 -1357.885
v -240.5618 -83.3948 -1364.359
v -242.3121 -71.22734 -1366.678
v 401.8088 -34.44283 -1325.215
v 403.6039 24.49058 -1337.077
v 409.5302 1.299896 -1380.052
v 397.9871 37.93916 -1372.471
v 413.553 -1.017551 -1359.11
v 419.4595 -45.4808 -1382.979
v 411.3677 -31.30182 -1402.438
v 416.2996 -61.65854 -1352.2
v 397.5397 -63.61225 -1423.128
v 399.9291 -97.38727 -1339.76
v 406.2993 -99.30306 -1409.63
v 340.9579 12.16409 -1384.349
v 350.4779 -42.10959 -1328.147
v 334.6901 -44.54322 -1358.339
v 339.6051 -30.91156 -1388.467
v 351.4289 -69.94997 -1334.514
v 352.2108 -94.09884 -1351.956
v 347.5308 -92.40943 -1392.746
v 386.1885 52.45354 -1341.587
v 384.9709 4.034752 -1315.962
v 386.0034 57.44549 -1370.871
v 364.8544 44.45467 -1343.655
v 367.4968 56.50745 -1372.284
v 366.6133 1.573452 -1319.157
v 342.084 12.33263 -1358.387
v 361.2046 35.13654 -1395.597
v 394.0452 -24.09024 -1419.857
v 395.8912 -98.79904 -1417.39
v 375.2297 18.6177 -1411.922
v 371.6388 -38.76088 -1425.394
v 357.6477 -11.97473 -1412.528
v 362.4429 -66.68347 -1415.528
v 389.6183 -119.0119 -1382.835
v 378.925 -107.6181 -1339.654
v 376.5826 -121.9655 -1405.176
v 363.6468 -112.1709 -1411.575
v 356.9187 -110.1191 -1366.311
v 387.4995 -66.21737 -1313.115
v 369.9801 -67.9117 -1314.292
v 401.8088 -34.44283 -1325.215
v 413.553 -1.017551 -1359.11
v 350.4779 -42.10959 -1328.147
v 334.6901 -44.54322 -1358.339
v 386.1885 52.45354 -1341.587
v 384.9709 4.034752 -1315.962
v 389.6183 -119.0119 -1382.835
v 378.925 -107.6181 -1339.654
v 384.9709 4.034752 -1315.962
v 387.4995 -66.21737 -1313.115
v 384.9709 4.034752 -1315.962
v 366.6133 1.573452 -1319.157
v 147.6574 -15.59375 -2967.63
v 136.2823 38.58757 -2967.63
v 147.6575 -15.59373 -3852.593
v 136.2823 38.58759 -3852.593
v 475.5486 -15.59374 -2947.886
v 475.5486 38.58757 -2936.511
v 147.7154 -15.59373 -2947.886
v 135.7189 38.58759 -2936.511
v -147.9372 -2.399235 -2937.372
v -2216.304 -2.399235 -2937.372
v -2216.304 -2.399231 -3496.461
v -147.9372 -2.399231 -3496.204
v -147.9372 -115.6707 -2937.372
v -2216.304 -115.6707 -2937.372
v -147.9372 -115.6707 -3495.949
v 144.6685 -2.399235 -2937.372
v 2213.035 -2.399235 -2937.372
v 2213.035 -2.399231 -3496.461
v 144.6686 -2.399231 -3496.204
v 144.6685 -115.6707 -2937.372
v 2213.035 -115.6707 -2937.372
v 144.6686 -115.6707 -3495.949
v -2216.304 -2.399235 -2937.372
v -147.9372 -2.399235 -2937.372
v -147.9372 -115.6707 -2937.372
v -147.9372 -2.399235 -2937.372
v -147.9372 -2.399231 -3496.204
v 2213.035 -2.399235 -2937.372
v 144.6685 -2.399235 -2937.372
v 144.6685 -115.6707 -2937.372
v 144.6685 -2.399235 -2937.372
v 144.6686 -2.399231 -3496.204
v 144.6686 -115.6707 -3495.949
v -147.9372 -2.399231 -3496.204
v 144.6686 -2.399231 -3496.204
v -147.9372 -115.6707 -3495.949
v -150.4764 -15.59375 -2968.342
v -139.1012 38.58757 -2968.342
v -150.4764 -15.59373 -3852.593
v -139.1012 38.58759 -3852.593
v -479.1335 -15.59374 -2947.886
v -479.1335 38.58757 -2936.511
v -151.3005 -15.59373 -2947.886
v -139.304 38.58759 -2936.511
v -291.3056 777.4872 -3022.207
v -289.4201 751.0923 -3022.207
v -270.5666 773.7167 -3022.207
v -227.2036 736.0095 -3022.207
v -240.4011 782.2007 -3022.207
v -178.737 646.9371 -3022.207
v -161.2162 646.9578 -3022.207
v -178.5747 664.8307 -3022.207
v -148.9615 664.8416 -3022.207
v -183.524 595.0778 -3022.207
v -183.5854 472.4919 -3022.207
v -161.2162 595.0786 -3022.207
v -130.108 949.0543 -3022.207
v -159.331 916.0605 -3022.207
v -112.1971 935.8569 -3022.207
v -122.5666 915.1179 -3022.207
v -142.3627 884.0096 -3022.207
v -117.8532 904.7486 -3022.207
v -197.0379 808.5956 -3022.207
v -149.1734 709.6146 -3022.207
v 4.223511 895.3147 -3022.207
v -7.560121 905.6912 -3022.207
v 4.223511 472.0727 -3022.207
v 4.223511 709.9807 -3022.207
v 4.223511 664.8431 -3022.207
v 4.223511 595.0799 -3022.207
v 299.7876 777.4872 -3022.207
v 297.9019 751.0923 -3022.207
v 279.0462 773.7167 -3022.207
v 235.6779 736.0095 -3022.207
v 248.877 782.2007 -3022.207
v 187.2055 646.9371 -3022.207
v 169.6827 646.9578 -3022.207
v 187.0432 664.8307 -3022.207
v 157.4265 664.8416 -3022.207
v 191.9931 595.0778 -3022.207
v 192.0545 472.4919 -3022.207
v 169.6827 595.0786 -3022.207
v 138.5707 949.0543 -3022.207
v 167.7972 916.0605 -3022.207
v 120.6577 935.8569 -3022.207
v 131.0284 915.1179 -3022.207
v 150.8269 884.0096 -3022.207
v 126.3145 904.7486 -3022.207
v 205.5087 808.5956 -3022.207
v 157.6384 709.6146 -3022.207
v 16.0082 905.6912 -3022.207
v 146.5887 158.2884 -3491.607
v 146.5887 158.2884 -2963.304
v -149.6009 158.3167 -2963.304
v -149.6009 158.3167 -3491.607
v -149.6008 -2.390979 -3491.607
v 146.5889 -2.390979 -3491.607
v -149.6008 -2.390979 -2963.304
v 146.5889 -2.390979 -2963.304
v 146.5887 158.2884 -3491.607
v -149.6009 158.3167 -3491.607
v -149.6009 158.3167 -2963.304
v -149.6008 -2.390979 -3491.607
v -149.6009 158.3167 -3491.607
v 146.5887 158.2884 -2963.304
v 146.5889 -2.390979 -3491.607
v 146.5887 158.2884 -3491.607
v 737.1079 -15.59374 -1817.094
v 737.1078 38.58758 -1805.719
v 429.8604 -15.59372 -1817.094
v 417.8638 38.58759 -1805.719
v -572.9724 -25.32367 -3340.206
v -572.9724 -25.32367 -3135.715
v -572.9724 168.3708 -3355.696
v -572.9724 168.3708 -3120.226
v -1040.503 168.3708 -3120.226
v -1040.503 -25.32367 -3135.715
v -560.6107 166.1172 -3360.073
v -560.6106 290.6852 -3237.96
v -560.6107 188.8911 -3360.073
v -1050.941 290.6851 -3237.961
v -560.6107 266.9745 -3237.96
v -1052.865 158.876 -3094.998
v -562.5353 158.8761 -3094.998
v -560.6107 166.1172 -3115.848
v -560.6107 188.8911 -3115.848
v -560.6107 181.65 -3094.998
v -1050.941 188.8911 -3115.848
v -1052.865 181.6499 -3094.998
v -949.7794 266.9749 -3237.961
v -572.0178 166.1172 -3360.073
v -572.0179 166.1172 -3237.96
v -572.0179 266.9876 -3237.96
v -572.0179 166.1172 -3115.848
v -572.9724 -25.32367 -3135.715
v -572.9724 168.3708 -3120.226
v -562.5353 158.8761 -3094.998
v -560.6107 166.1172 -3115.848
v -560.6107 181.65 -3094.998
v -562.5353 158.8761 -3094.998
v -1052.865 158.876 -3094.998
v -560.6106 290.6852 -3237.96
v -560.6107 266.9745 -3237.96
v -560.6107 166.1172 -3115.848
v 527.4015 -25.32367 -3347.524
v 527.4015 -25.32367 -3143.033
v 527.4015 168.3708 -3363.013
v 527.4015 168.3708 -3127.544
v 995.2533 168.3708 -3127.544
v 995.2535 -25.32367 -3143.033
v 515.0314 166.1172 -3367.391
v 515.0313 290.6852 -3245.279
v 515.0314 188.8911 -3367.391
v 1005.698 290.6851 -3245.279
v 515.0314 266.9745 -3245.279
v 1007.624 158.876 -3102.316
v 516.9572 158.8761 -3102.316
v 515.0314 166.1172 -3123.166
v 515.0314 188.8911 -3123.166
v 515.0314 181.65 -3102.316
v 1005.698 188.8911 -3123.166
v 1007.624 181.6499 -3102.316
v 904.4673 266.9749 -3245.279
v 526.4462 166.1172 -3367.391
v 526.4462 166.1172 -3245.279
v 526.4462 266.9875 -3245.279
v 526.4462 166.1172 -3123.166
v 527.4015 -25.32367 -3143.033
v 527.4015 168.3708 -3127.544
v 516.9572 158.8761 -3102.316
v 515.0314 166.1172 -3123.166
v 515.0314 181.65 -3102.316
v 516.9572 158.8761 -3102.316
v 1007.624 158.876 -3102.316
v 515.0313 290.6852 -3245.279
v 515.0314 266.9745 -3245.279
v 515.0314 166.1172 -3123.166
v -724.3644 -15.59373 -1817.012
v -724.3644 38.58758 -1805.637
v -417.1169 -15.59372 -1817.012
v -405.1204 38.58759 -1805.637
v -1217.259 -49.21509 -3304.806
v -262.1946 -49.21509 -3304.806
v -262.1946 1038.427 -3304.806
v -1217.259 1038.427 -3304.806
v 190.0303 1038.427 -3343.79
v 190.0303 -49.21497 -3343.79
v 1145.095 -49.21497 -3343.79
v 1145.095 1038.427 -3343.79
v 435.1001 -25.32368 -1816.672
v 639.5908 -25.32368 -1816.672
v 419.6106 168.3707 -1816.672
v 655.0803 168.3707 -1816.672
v 419.6106 168.3707 -2422.477
v 655.0803 168.3707 -2422.477
v 435.1001 -25.32368 -2422.477
v 639.5908 -25.32368 -2422.477
v 387.9847 158.876 -2438.495
v 415.233 166.1172 -2436.001
v 387.9847 158.8761 -1803.148
v 415.233 166.1172 -1800.654
v 537.3454 287.8922 -1800.654
v 415.233 188.8911 -1800.654
v 387.9847 181.6499 -1800.654
v 537.3454 287.8922 -2436.001
v 415.233 188.8911 -2436.001
v 387.9847 181.6499 -2438.495
v 537.3454 264.1815 -1800.654
v 680.3079 158.876 -2438.495
v 659.4579 166.1172 -2436.001
v 680.3079 158.8761 -1803.148
v 659.4579 166.1172 -1800.654
v 659.4579 188.8911 -1800.654
v 680.3079 181.6499 -1800.654
v 659.4579 188.8911 -2436.001
v 680.3079 181.6499 -2438.495
v 537.3452 264.182 -2304.921
v 415.233 166.1172 -1815.435
v 537.3454 166.1172 -1815.435
v 537.3454 264.1946 -1815.435
v 659.4579 166.1172 -1815.435
v 639.5908 -25.32368 -1816.672
v 655.0803 168.3707 -1816.672
v 639.5908 -25.32368 -2422.477
v 655.0803 168.3707 -2422.477
v 435.1001 -25.32368 -2422.477
v 419.6106 168.3707 -2422.477
v 435.1001 -25.32368 -1816.672
v 419.6106 168.3707 -1816.672
v 387.9847 158.8761 -1803.148
v 415.233 166.1172 -1800.654
v 387.9847 181.6499 -1800.654
v 387.9847 158.8761 -1803.148
v 387.9847 158.876 -2438.495
v 537.3454 287.8922 -1800.654
v 680.3079 158.8761 -1803.148
v 659.4579 166.1172 -1800.654
v 680.3079 181.6499 -1800.654
v 680.3079 158.8761 -1803.148
v 680.3079 158.876 -2438.495
v 537.3454 264.1815 -1800.654
v 415.233 166.1172 -1800.654
v 415.233 166.1172 -2436.001
v 659.4579 166.1172 -1800.654
v 659.4579 166.1172 -2436.001
v 428.8434 -96.63965 -79.49133
v 428.83 -4.519835 -77.04236
v 428.83 -4.519835 -1182.166
v 428.8434 -96.63976 -1181.583
v 1091.165 -4.519835 -77.04236
v 1091.165 -4.519835 -1181.236
v 428.8434 -96.63976 -2454.926
v 428.83 -4.519835 -2454.926
v 1091.165 -4.519835 -2456.446
v 1093.208 -96.63976 -2456.446
v 428.83 -4.519835 -1182.166
v 428.83 -4.519835 -77.04236
v 428.8434 -96.63976 -1181.583
v 428.83 -4.519835 -1182.166
v 1091.165 -4.519835 -1181.236
v 428.83 -4.519835 -2454.926
v 428.83 -4.519835 -1182.166
v 1091.165 -4.519835 -2456.446
v 428.8434 -96.63976 -2454.926
v 428.83 -4.519835 -2454.926
v 436.0468 -25.32368 -855.8484
v 640.5375 -25.32368 -855.8484
v 420.5573 168.3707 -855.8484
v 656.027 168.3707 -855.8484
v 420.5573 168.3707 -1461.653
v 656.027 168.3707 -1461.653
v 436.0468 -25.32368 -1461.653
v 640.5375 -25.32368 -1461.653
v 387.4292 158.876 -1477.671
v 416.1797 166.1172 -1475.177
v 387.4292 158.8761 -842.3243
v 416.1797 166.1172 -839.8307
v 538.2921 289.6086 -839.8304
v 416.1797 188.8911 -839.8307
v 387.4292 181.6499 -839.8307
v 538.2921 288.6021 -1475.177
v 416.1797 188.8911 -1475.177
v 387.4292 181.6499 -1477.671
v 538.2921 265.8979 -839.8307
v 681.2546 158.876 -1477.671
v 660.4047 166.1172 -1475.177
v 681.2546 158.8761 -842.3243
v 660.4047 166.1172 -839.8307
v 660.4047 188.8911 -839.8307
v 681.2546 181.6499 -839.8307
v 660.4047 188.8911 -1475.177
v 681.2546 181.6499 -1477.671
v 538.2919 264.8919 -1344.097
v 416.1797 166.1172 -854.6115
v 538.2921 166.1172 -854.6115
v 538.2921 265.9109 -854.6115
v 660.4047 166.1172 -854.6115
v 640.5375 -25.32368 -855.8484
v 656.027 168.3707 -855.8484
v 640.5375 -25.32368 -1461.653
v 656.027 168.3707 -1461.653
v 436.0468 -25.32368 -1461.653
v 420.5573 168.3707 -1461.653
v 436.0468 -25.32368 -855.8484
v 420.5573 168.3707 -855.8484
v 387.4292 158.8761 -842.3243
v 416.1797 166.1172 -839.8307
v 387.4292 181.6499 -839.8307
v 387.4292 158.8761 -842.3243
v 387.4292 158.876 -1477.671
v 538.2921 289.6086 -839.8304
v 681.2546 158.8761 -842.3243
v 660.4047 166.1172 -839.8307
v 681.2546 181.6499 -839.8307
v 681.2546 158.8761 -842.3243
v 681.2546 158.876 -1477.671
v 538.2921 265.8979 -839.8307
v 416.1797 166.1172 -839.8307
v 416.1797 166.1172 -1475.177
v 660.4047 166.1172 -839.8307
v 660.4047 166.1172 -1475.177
v -424.4537 -25.32368 -855.8484
v -628.9445 -25.32368 -855.8484
v -408.9643 168.3707 -855.8484
v -644.434 168.3707 -855.8484
v -408.9643 168.3707 -1461.653
v -644.434 168.3707 -1461.653
v -424.4537 -25.32368 -1461.653
v -628.9445 -25.32368 -1461.653
v -375.2055 158.876 -1477.671
v -404.5866 166.1172 -1475.177
v -375.2055 158.8761 -842.3243
v -404.5866 166.1172 -839.8307
v -526.6991 290.7363 -839.8304
v -404.5866 188.8911 -839.8307
v -375.2055 181.6499 -839.8307
v -526.6991 290.7362 -1475.177
v -404.5866 188.8911 -1475.177
v -375.2055 181.6499 -1477.671
v -526.6991 267.0257 -839.8307
v -669.6616 158.876 -1477.671
v -648.8116 166.1172 -1475.177
v -669.6616 158.8761 -842.3243
v -648.8116 166.1172 -839.8307
v -648.8116 188.8911 -839.8307
v -669.6616 181.6499 -839.8307
v -648.8116 188.8911 -1475.177
v -669.6616 181.6499 -1477.671
v -526.6989 267.0261 -1344.097
v -404.5866 166.1172 -854.6115
v -526.6991 166.1172 -854.6115
v -526.6991 267.0387 -854.6115
v -648.8116 166.1172 -854.6115
v -628.9445 -25.32368 -855.8484
v -628.9445 -25.32368 -1461.653
v -644.434 168.3707 -855.8484
v -644.434 168.3707 -1461.653
v -424.4537 -25.32368 -1461.653
v -424.4537 -25.32368 -855.8484
v -408.9643 168.3707 -1461.653
v -408.9643 168.3707 -855.8484
v -375.2055 158.8761 -842.3243
v -404.5866 166.1172 -839.8307
v -375.2055 181.6499 -839.8307
v -375.2055 158.8761 -842.3243
v -375.2055 158.876 -1477.671
v -526.6991 290.7363 -839.8304
v -669.6616 158.8761 -842.3243
v -648.8116 166.1172 -839.8307
v -669.6616 181.6499 -839.8307
v -669.6616 158.8761 -842.3243
v -669.6616 158.876 -1477.671
v -526.6991 267.0257 -839.8307
v -404.5866 166.1172 -839.8307
v -404.5866 166.1172 -1475.177
v -648.8116 166.1172 -839.8307
v -648.8116 166.1172 -1475.177
v -424.4537 -25.32368 -1816.672
v -628.9445 -25.32368 -1816.672
v -408.9643 168.3707 -1816.672
v -644.434 168.3707 -1816.672
v -408.9643 168.3707 -2422.477
v -644.434 168.3707 -2422.477
v -424.4537 -25.32368 -2422.477
v -628.9445 -25.32368 -2422.477
v -373.0728 158.876 -2438.495
v -404.5866 166.1172 -2436.001
v -373.0728 158.8761 -1803.148
v -404.5866 166.1172 -1800.654
v -526.6991 290.6852 -1800.654
v -404.5866 188.8911 -1800.654
v -373.0728 181.6499 -1800.654
v -526.6991 290.6851 -2436.001
v -404.5866 188.8911 -2436.001
v -373.0728 181.6499 -2438.495
v -526.6991 266.9745 -1800.654
v -669.6616 158.876 -2438.495
v -648.8116 166.1172 -2436.001
v -669.6616 158.8761 -1803.148
v -648.8116 166.1172 -1800.654
v -648.8116 188.8911 -1800.654
v -669.6616 181.6499 -1800.654
v -648.8116 188.8911 -2436.001
v -669.6616 181.6499 -2438.495
v -526.6989 266.9749 -2304.921
v -404.5866 166.1172 -1815.435
v -526.6991 166.1172 -1815.435
v -526.6991 266.9876 -1815.435
v -648.8116 166.1172 -1815.435
v -628.9445 -25.32368 -1816.672
v -628.9445 -25.32368 -2422.477
v -644.434 168.3707 -1816.672
v -644.434 168.3707 -2422.477
v -424.4537 -25.32368 -2422.477
v -424.4537 -25.32368 -1816.672
v -408.9643 168.3707 -2422.477
v -408.9643 168.3707 -1816.672
v -373.0728 158.8761 -1803.148
v -404.5866 166.1172 -1800.654
v -373.0728 181.6499 -1800.654
v -373.0728 158.8761 -1803.148
v -373.0728 158.876 -2438.495
v -526.6991 290.6852 -1800.654
v -669.6616 158.8761 -1803.148
v -648.8116 166.1172 -1800.654
v -669.6616 181.6499 -1800.654
v -669.6616 158.8761 -1803.148
v -669.6616 158.876 -2438.495
v -526.6991 266.9745 -1800.654
v -404.5866 166.1172 -1800.654
v -404.5866 166.1172 -2436.001
v -648.8116 166.1172 -1800.654
v -648.8116 166.1172 -2436.001
v -421.6436 -13.44934 -1836.818
v -412.1145 31.93909 -1836.818
v -421.6436 -13.44934 -2441.416
v -412.1145 31.9391 -2441.416
v -418.7139 -96.63965 -98.69568
v -418.7005 -4.519835 -96.24658
v -418.7005 -4.519835 -1201.37
v -418.7139 -96.63976 -1200.787
v -1079.124 -4.519835 -96.24658
v -1079.124 -4.519835 -1200.441
v -418.7139 -96.63976 -2453.399
v -418.7005 -4.519835 -2453.399
v -1079.124 -4.519835 -2454.919
v -1081.167 -96.63976 -2454.919
v -418.7005 -4.519835 -1201.37
v -418.7005 -4.519835 -96.24658
v -418.7139 -96.63976 -1200.787
v -418.7005 -4.519835 -1201.37
v -1079.124 -4.519835 -1200.441
v -418.7005 -4.519835 -2453.399
v -418.7005 -4.519835 -1201.37
v -418.7139 -96.63976 -2453.399
v 168.8009 -4.523411 -1841.297
v 181.8594 -4.523409 -1841.22
v 168.8009 -97.20467 -1841.297
v 168.8009 -97.2286 -1434.453
v 181.8543 -4.523409 -1434.453
v 168.8009 -4.523411 -1434.453
v 26.67833 159.1495 -1841.297
v 26.1705 147.7139 -1841.297
v 0.05993004 150.8269 -1841.297
v 0.05993004 162.2614 -1841.297
v 26.1705 147.7141 -1434.453
v 65.83498 134.5024 -1434.453
v 65.83498 134.5024 -1841.297
v 66.3434 147.7174 -1841.297
v 100.1711 112.7732 -1434.453
v 100.1711 112.7732 -1841.297
v 107.7489 121.4771 -1841.297
v 132.9978 75.39618 -1434.453
v 144.4819 80.38077 -1434.453
v 107.7486 121.4771 -1434.453
v 156.1934 33.48181 -1434.453
v 156.1934 33.48181 -1841.297
v 132.9978 75.39618 -1841.297
v 169.1541 34.60225 -1841.297
v 144.4831 80.3829 -1841.297
v 169.1527 34.60136 -1434.453
v 0.05993004 150.8271 -1434.453
v 26.67799 159.1471 -1434.453
v 0.05993004 162.2612 -1434.453
v 66.34197 147.7174 -1434.453
v 419.3811 -97.25252 -1434.453
v 419.3811 -4.523411 -1434.453
v 419.3811 -4.523411 -1841.089
v -168.681 -4.523411 -1841.297
v -182.0347 -4.523409 -1841.22
v -168.681 -97.20467 -1841.297
v -168.681 -97.2286 -1434.453
v -182.0329 -4.523409 -1434.453
v -168.681 -4.523411 -1434.453
v -26.55842 159.1506 -1841.297
v -26.05065 147.7139 -1841.297
v -26.05065 147.7141 -1434.453
v -65.71511 134.5024 -1434.453
v -65.71511 134.5024 -1841.297
v -66.22361 147.72 -1841.297
v -100.0512 112.7732 -1434.453
v -100.0512 112.7732 -1841.297
v -107.6309 120.5875 -1841.297
v -132.878 75.39618 -1434.453
v -144.0653 79.78819 -1434.453
v -107.6268 120.5859 -1434.453
v -156.3703 33.48181 -1434.453
v -156.3703 33.48181 -1841.297
v -132.878 75.39618 -1841.297
v -169.3337 34.60183 -1841.297
v -144.0664 79.78832 -1841.297
v -169.3269 34.60177 -1434.453
v -26.55818 159.1459 -1434.453
v -66.22205 147.7148 -1434.453
v -419.2612 -97.25252 -1434.453
v -419.2612 -4.523411 -1434.453
v -419.2612 -4.523411 -1841.089
v 348.5217 31.91324 -1450.422
v 348.5217 -5.693346 -1450.422
v 348.5217 -5.693346 -1444.782
v 348.5217 31.91324 -1444.782
v 353.6784 31.91324 -1450.422
v 353.6784 -5.693346 -1450.422
v 353.6784 31.91324 -1444.782
v 353.6784 -5.693346 -1444.782
v 388.2231 31.91324 -1450.422
v 388.2231 31.91324 -1444.782
v 393.3798 31.91324 -1444.782
v 393.3798 31.91324 -1450.422
v 388.2231 -5.693346 -1444.782
v 388.2231 -5.693346 -1450.422
v 393.3798 -5.693346 -1450.422
v 393.3798 -5.693346 -1444.782
v 312.1509 -5.693346 -1444.782
v 312.1509 -5.693346 -1450.422
v 317.3076 -5.693346 -1450.422
v 317.3076 -5.693346 -1444.782
v 317.3076 31.91324 -1450.422
v 312.1509 31.91324 -1450.422
v 317.3076 31.91324 -1444.782
v 312.1509 31.91324 -1444.782
v 233.5994 31.91324 -1450.422
v 233.5994 31.91324 -1444.782
v 238.7561 31.91324 -1444.782
v 238.7561 31.91324 -1450.422
v 238.7561 -5.693346 -1444.782
v 238.7561 -5.693346 -1450.422
v 233.5994 -5.693346 -1444.782
v 233.5994 -5.693346 -1450.422
v 273.3008 31.91324 -1450.422
v 273.3008 31.91324 -1444.782
v 278.4576 31.91324 -1444.782
v 278.4576 31.91324 -1450.422
v 273.3008 -5.693346 -1444.782
v 273.3008 -5.693346 -1450.422
v 278.4576 -5.693346 -1450.422
v 278.4576 -5.693346 -1444.782
v 168.378 94.12366 -1450.422
v 168.378 22.12888 -1450.422
v 168.378 94.12366 -1444.782
v 168.378 16.35171 -1444.782
v 173.5347 94.12366 -1450.422
v 173.5347 16.35171 -1450.422
v 173.5347 94.12366 -1444.782
v 173.5347 16.35171 -1444.782
v 142.4862 130.4411 -1450.422
v 142.4862 130.4411 -1444.782
v 147.6429 130.4411 -1444.782
v 147.6429 130.4411 -1450.422
v 142.4862 65.50008 -1444.782
v 142.4862 71.27714 -1450.422
v 147.6429 65.50008 -1450.422
v 147.6429 65.50008 -1444.782
v 109.0411 163.6482 -1450.422
v 109.0411 163.6482 -1444.782
v 114.1978 163.6482 -1444.782
v 114.1978 163.6482 -1450.422
v 109.0411 112.4781 -1450.422
v 109.0411 106.7009 -1444.782
v 114.1978 106.7009 -1450.422
v 114.1978 106.7009 -1444.782
v 65.5626 137.5645 -1444.782
v 65.5626 143.3416 -1450.422
v 70.71941 137.5645 -1450.422
v 70.71941 137.5645 -1444.782
v 70.71941 186.7726 -1450.422
v 65.5626 186.7726 -1450.422
v 70.71941 186.7726 -1444.782
v 65.5626 186.7726 -1444.782
v 22.56183 156.8138 -1444.782
v 22.56183 157.813 -1450.422
v 27.71864 156.8138 -1450.422
v 27.71864 156.8138 -1444.782
v 27.71864 195.948 -1450.422
v 22.56183 195.948 -1450.422
v 27.71864 195.948 -1444.782
v 22.56183 195.948 -1444.782
v 348.5217 31.91324 -1832.384
v 348.5217 -5.693346 -1832.384
v 348.5217 -5.693346 -1826.744
v 348.5217 31.91324 -1826.744
v 353.6784 31.91324 -1832.384
v 353.6784 -5.693346 -1832.384
v 353.6784 31.91324 -1826.744
v 353.6784 -5.693346 -1826.744
v 388.2231 31.91324 -1832.384
v 388.2231 31.91324 -1826.744
v 393.3798 31.91324 -1826.744
v 393.3798 31.91324 -1832.384
v 388.2231 -5.693346 -1826.744
v 388.2231 -5.693346 -1832.384
v 393.3798 -5.693346 -1832.384
v 393.3798 -5.693346 -1826.744
v 312.1509 -5.693346 -1826.744
v 312.1509 -5.693346 -1832.384
v 317.3076 -5.693346 -1832.384
v 317.3076 -5.693346 -1826.744
v 317.3076 31.91324 -1832.384
v 312.1509 31.91324 -1832.384
v 317.3076 31.91324 -1826.744
v 312.1509 31.91324 -1826.744
v 233.5994 31.91324 -1832.384
v 233.5994 31.91324 -1826.744
v 238.7561 31.91324 -1826.744
v 238.7561 31.91324 -1832.384
v 238.7561 -5.693346 -1826.744
v 238.7561 -5.693346 -1832.384
v 233.5994 -5.693346 -1826.744
v 233.5994 -5.693346 -1832.384
v 273.3008 31.91324 -1832.384
v 273.3008 31.91324 -1826.744
v 278.4576 31.91324 -1826.744
v 278.4576 31.91324 -1832.384
v 273.3008 -5.693346 -1826.744
v 273.3008 -5.693346 -1832.384
v 278.4576 -5.693346 -1832.384
v 278.4576 -5.693346 -1826.744
v 168.378 94.12366 -1832.384
v 168.378 22.12888 -1832.384
v 168.378 94.12366 -1826.744
v 168.378 16.35171 -1826.744
v 173.5347 94.12366 -1832.384
v 173.5347 16.35171 -1832.384
v 173.5347 94.12366 -1826.744
v 173.5347 16.35171 -1826.744
v 142.4862 130.4411 -1832.384
v 142.4862 130.4411 -1826.744
v 147.6429 130.4411 -1826.744
v 147.6429 130.4411 -1832.384
v 142.4862 65.50008 -1826.744
v 142.4862 71.27714 -1832.384
v 147.6429 65.50008 -1832.384
v 147.6429 65.50008 -1826.744
v 109.0411 163.6482 -1832.384
v 109.0411 163.6482 -1826.744
v 114.1978 163.6482 -1826.744
v 114.1978 163.6482 -1832.384
v 109.0411 112.4781 -1832.384
v 109.0411 106.7009 -1826.744
v 114.1978 106.7009 -1832.384
v 114.1978 106.7009 -1826.744
v 65.5626 137.5645 -1826.744
v 65.5626 143.3416 -1832.384
v 70.71941 137.5645 -1832.384
v 70.71941 137.5645 -1826.744
v 70.71941 186.7726 -1832.384
v 65.5626 186.7726 -1832.384
v 70.71941 186.7726 -1826.744
v 65.5626 186.7726 -1826.744
v 22.56183 156.8138 -1826.744
v 22.56183 157.813 -1832.384
v 27.71864 156.8138 -1832.384
v 27.71864 156.8138 -1826.744
v 27.71864 195.948 -1832.384
v 22.56183 195.948 -1832.384
v 27.71864 195.948 -1826.744
v 22.56183 195.948 -1826.744
v -348.4018 31.91324 -1450.422
v -348.4018 -5.693346 -1450.422
v -348.4018 -5.693346 -1444.782
v -348.4018 31.91324 -1444.782
v -353.5585 31.91324 -1450.422
v -353.5585 -5.693346 -1450.422
v -353.5585 31.91324 -1444.782
v -353.5585 -5.693346 -1444.782
v -388.1032 31.91324 -1450.422
v -388.1032 31.91324 -1444.782
v -393.26 31.91324 -1444.782
v -393.26 31.91324 -1450.422
v -388.1032 -5.693346 -1444.782
v -388.1032 -5.693346 -1450.422
v -393.26 -5.693346 -1450.422
v -393.26 -5.693346 -1444.782
v -312.031 -5.693346 -1444.782
v -312.031 -5.693346 -1450.422
v -317.1878 -5.693346 -1450.422
v -317.1878 -5.693346 -1444.782
v -317.1878 31.91324 -1450.422
v -312.031 31.91324 -1450.422
v -317.1878 31.91324 -1444.782
v -312.031 31.91324 -1444.782
v -233.4795 31.91324 -1450.422
v -233.4795 31.91324 -1444.782
v -238.6362 31.91324 -1444.782
v -238.6362 31.91324 -1450.422
v -238.6362 -5.693346 -1444.782
v -238.6362 -5.693346 -1450.422
v -233.4795 -5.693346 -1444.782
v -233.4795 -5.693346 -1450.422
v -273.1808 31.91324 -1450.422
v -273.1808 31.91324 -1444.782
v -278.3377 31.91324 -1444.782
v -278.3377 31.91324 -1450.422
v -273.1808 -5.693346 -1444.782
v -273.1808 -5.693346 -1450.422
v -278.3377 -5.693346 -1450.422
v -278.3377 -5.693346 -1444.782
v -168.2581 94.12366 -1450.422
v -168.2581 22.12888 -1450.422
v -168.2581 94.12366 -1444.782
v -168.2581 16.35171 -1444.782
v -173.4149 94.12366 -1450.422
v -173.4149 16.35171 -1450.422
v -173.4149 94.12366 -1444.782
v -173.4149 16.35171 -1444.782
v -142.3663 130.4411 -1450.422
v -142.3663 130.4411 -1444.782
v -147.5231 130.4411 -1444.782
v -147.5231 130.4411 -1450.422
v -142.3663 65.50008 -1444.782
v -142.3663 71.27714 -1450.422
v -147.5231 65.50008 -1450.422
v -147.5231 65.50008 -1444.782
v -108.9213 163.6482 -1450.422
v -108.9213 163.6482 -1444.782
v -114.078 163.6482 -1444.782
v -114.078 163.6482 -1450.422
v -108.9213 112.4781 -1450.422
v -108.9213 106.7009 -1444.782
v -114.078 106.7009 -1450.422
v -114.078 106.7009 -1444.782
v -65.44273 137.5645 -1444.782
v -65.44273 143.3416 -1450.422
v -70.59954 137.5645 -1450.422
v -70.59954 137.5645 -1444.782
v -70.59954 186.7726 -1450.422
v -65.44273 186.7726 -1450.422
v -70.59954 186.7726 -1444.782
v -65.44273 186.7726 -1444.782
v -22.44197 156.8138 -1444.782
v -22.44197 157.813 -1450.422
v -27.59879 156.8138 -1450.422
v -27.59879 156.8138 -1444.782
v -27.59879 195.948 -1450.422
v -22.44197 195.948 -1450.422
v -27.59879 195.948 -1444.782
v -22.44197 195.948 -1444.782
v -348.4018 31.91324 -1832.384
v -348.4018 -5.693346 -1832.384
v -348.4018 -5.693346 -1826.744
v -348.4018 31.91324 -1826.744
v -353.5585 31.91324 -1832.384
v -353.5585 -5.693346 -1832.384
v -353.5585 31.91324 -1826.744
v -353.5585 -5.693346 -1826.744
v -388.1032 31.91324 -1832.384
v -388.1032 31.91324 -1826.744
v -393.26 31.91324 -1826.744
v -393.26 31.91324 -1832.384
v -388.1032 -5.693346 -1826.744
v -388.1032 -5.693346 -1832.384
v -393.26 -5.693346 -1832.384
v -393.26 -5.693346 -1826.744
v -312.031 -5.693346 -1826.744
v -312.031 -5.693346 -1832.384
v -317.1878 -5.693346 -1832.384
v -317.1878 -5.693346 -1826.744
v -317.1878 31.91324 -1832.384
v -312.031 31.91324 -1832.384
v -317.1878 31.91324 -1826.744
v -312.031 31.91324 -1826.744
v -233.4795 31.91324 -1832.384
v -233.4795 31.91324 -1826.744
v -238.6362 31.91324 -1826.744
v -238.6362 31.91324 -1832.384
v -238.6362 -5.693346 -1826.744
v -238.6362 -5.693346 -1832.384
v -233.4795 -5.693346 -1826.744
v -233.4795 -5.693346 -1832.384
v -273.1808 31.91324 -1832.384
v -273.1808 31.91324 -1826.744
v -278.3377 31.91324 -1826.744
v -278.3377 31.91324 -1832.384
v -273.1808 -5.693346 -1826.744
v -273.1808 -5.693346 -1832.384
v -278.3377 -5.693346 -1832.384
v -278.3377 -5.693346 -1826.744
v -168.2581 94.12366 -1832.384
v -168.2581 22.12888 -1832.384
v -168.2581 94.12366 -1826.744
v -168.2581 16.35171 -1826.744
v -173.4149 94.12366 -1832.384
v -173.4149 16.35171 -1832.384
v -173.4149 94.12366 -1826.744
v -173.4149 16.35171 -1826.744
v -142.3663 130.4411 -1832.384
v -142.3663 130.4411 -1826.744
v -147.5231 130.4411 -1826.744
v -147.5231 130.4411 -1832.384
v -142.3663 65.50008 -1826.744
v -142.3663 71.27714 -1832.384
v -147.5231 65.50008 -1832.384
v -147.5231 65.50008 -1826.744
v -108.9213 163.6482 -1832.384
v -108.9213 163.6482 -1826.744
v -114.078 163.6482 -1826.744
v -114.078 163.6482 -1832.384
v -108.9213 112.4781 -1832.384
v -108.9213 106.7009 -1826.744
v -114.078 106.7009 -1832.384
v -114.078 106.7009 -1826.744
v -65.44273 137.5645 -1826.744
v -65.44273 143.3416 -1832.384
v -70.59954 137.5645 -1832.384
v -70.59954 137.5645 -1826.744
v -70.59954 186.7726 -1832.384
v -65.44273 186.7726 -1832.384
v -70.59954 186.7726 -1826.744
v -65.44273 186.7726 -1826.744
v -22.44197 156.8138 -1826.744
v -22.44197 157.813 -1832.384
v -27.59879 156.8138 -1832.384
v -27.59879 156.8138 -1826.744
v -27.59879 195.948 -1832.384
v -22.44197 195.948 -1832.384
v -27.59879 195.948 -1826.744
v -22.44197 195.948 -1826.744
v 428.4281 41.23362 -1821.31
v 428.4281 31.31577 -1821.31
v 428.4281 31.31577 -1838.409
v 428.4281 41.23362 -1838.409
v 202.7309 31.31577 -1821.31
v 202.7309 31.31577 -1838.409
v 202.7309 41.23362 -1838.409
v 202.7309 41.23362 -1821.31
v 195.4556 41.8596 -1838.409
v 195.4556 41.8596 -1821.31
v 203.6056 47.51114 -1821.31
v 203.6056 47.51114 -1838.409
v 195.4136 -6.001719 -1838.015
v 195.4136 -6.001719 -1821.819
v 203.6565 -6.001719 -1837.127
v 203.6575 -6.001719 -1821.819
v 173.1402 84.16833 -1821.31
v 173.1402 84.16833 -1838.409
v 151.9786 131.5437 -1821.31
v 145.0565 124.6577 -1821.31
v 179.3462 93.09704 -1821.31
v 145.0565 124.6577 -1838.409
v 118.5042 164.5726 -1821.31
v 112.8102 156.4522 -1821.31
v 112.8102 156.4522 -1838.409
v 24.97677 202.3606 -1821.31
v 24.97677 192.4427 -1821.31
v 71.43627 190.2591 -1821.31
v 68.63762 180.7443 -1821.31
v 24.97677 192.4427 -1838.409
v 68.63762 180.7443 -1838.409
v 24.97677 202.3606 -1838.409
v 71.43627 190.2591 -1838.409
v 118.5042 164.5726 -1838.409
v 0.05993004 195.5558 -1838.409
v 0.05993004 195.5558 -1821.31
v 0.05993004 205.4736 -1821.31
v 0.05993004 205.4736 -1838.409
v 179.3462 93.09704 -1838.409
v 151.9786 131.5437 -1838.409
v -195.3357 41.8596 -1838.409
v -195.3357 41.8596 -1821.31
v -203.4857 47.51114 -1821.31
v -203.4857 47.51114 -1838.409
v -195.2388 -6.001719 -1838.015
v -195.2388 -6.001719 -1821.819
v -203.4522 -6.001719 -1837.127
v -203.4522 -6.001719 -1828.088
v -173.0203 84.16833 -1821.31
v -173.0203 84.16833 -1838.409
v -151.8587 131.5437 -1821.31
v -144.9366 124.6577 -1821.31
v -179.2263 93.097 -1821.31
v -144.9366 124.6577 -1838.409
v -118.3843 164.5726 -1821.31
v -112.6903 156.4522 -1821.31
v -112.6903 156.4522 -1838.409
v -24.85691 202.3606 -1821.31
v -24.85691 192.4427 -1821.31
v -71.31641 190.2591 -1821.31
v -68.51777 180.7443 -1821.31
v -24.85691 192.4427 -1838.409
v -68.51777 180.7443 -1838.409
v -24.85691 202.3606 -1838.409
v -71.31641 190.2591 -1838.409
v -118.3843 164.5726 -1838.409
v -179.2263 93.097 -1838.409
v -151.8587 131.5437 -1838.409
v -428.3081 41.23362 -1821.31
v -428.3081 31.31577 -1821.31
v -428.3081 31.31577 -1838.409
v -428.3081 41.23362 -1838.409
v -202.611 31.31577 -1821.31
v -202.611 31.31577 -1838.409
v -202.611 41.23362 -1838.409
v -202.611 41.23362 -1821.31
v 195.4556 41.8596 -1456.593
v 195.4556 41.8596 -1439.52
v 203.6056 47.51114 -1439.52
v 203.6056 47.51114 -1456.593
v 195.4136 -6.001719 -1456.213
v 195.4136 -6.001719 -1440.047
v 203.6565 -6.001719 -1455.354
v 203.6575 -6.001719 -1440.047
v 173.1402 84.16833 -1439.52
v 173.1402 84.16833 -1456.593
v 151.9786 131.5437 -1439.52
v 145.0565 124.6577 -1439.52
v 179.3462 93.09704 -1439.52
v 145.0565 124.6577 -1450.367
v 118.5042 164.5726 -1439.52
v 112.8102 156.4522 -1439.52
v 112.8102 156.4522 -1450.367
v 24.97677 202.3606 -1439.52
v 24.97677 192.4427 -1439.52
v 71.43627 190.2591 -1439.52
v 68.63762 180.7443 -1439.52
v 24.97677 192.4427 -1456.593
v 68.63762 180.7443 -1456.593
v 24.97677 202.3606 -1456.593
v 71.43627 190.2591 -1456.593
v 118.5042 164.5726 -1456.593
v 0.05993004 195.5558 -1450.367
v 0.05993004 195.5558 -1439.52
v 0.05993004 205.4736 -1439.52
v 0.05993004 205.4736 -1456.593
v 179.3462 93.09704 -1456.593
v 151.9786 131.5437 -1456.593
v -195.3357 41.8596 -1456.593
v -195.3357 41.8596 -1439.52
v -203.4857 47.51114 -1439.52
v -203.4857 47.51114 -1456.593
v -195.2388 -6.001719 -1456.213
v -195.2388 -6.001719 -1440.047
v -203.4522 -6.001719 -1449.085
v -203.4522 -6.001719 -1440.046
v -173.0203 84.16833 -1439.52
v -173.0203 84.16833 -1456.593
v -151.8587 131.5437 -1439.52
v -144.9366 124.6577 -1439.52
v -179.2263 93.097 -1439.52
v -144.9366 124.6577 -1450.367
v -118.3843 164.5726 -1439.52
v -112.6903 156.4522 -1439.52
v -112.6903 156.4522 -1450.367
v -24.85691 202.3606 -1439.52
v -24.85691 192.4427 -1439.52
v -71.31641 190.2591 -1439.52
v -68.51777 180.7443 -1439.52
v -24.85691 192.4427 -1456.593
v -68.51777 180.7443 -1456.593
v -24.85691 202.3606 -1456.593
v -71.31641 190.2591 -1456.593
v -118.3843 164.5726 -1456.593
v -179.2263 93.097 -1456.593
v -151.8587 131.5437 -1456.593
v -428.3081 41.23362 -1439.52
v -428.3081 31.31577 -1439.52
v -428.3081 31.31577 -1450.367
v -428.3081 41.23362 -1456.593
v -202.611 31.31577 -1439.52
v -202.611 31.31577 -1450.367
v -202.611 41.23362 -1456.593
v -202.611 41.23362 -1439.52
v 428.4281 41.23362 -1439.52
v 428.4281 31.31577 -1439.52
v 428.4281 31.31577 -1450.367
v 428.4281 41.23362 -1456.593
v 202.7309 31.31577 -1439.52
v 202.7309 31.31577 -1450.367
v 202.7309 41.23362 -1456.593
v 202.7309 41.23362 -1439.52
v 100.1711 112.7732 -1434.453
v 132.9978 75.39618 -1434.453
v 144.4819 80.38077 -1434.453
v 168.8009 -4.523411 -1434.453
v 181.8543 -4.523409 -1434.453
v 26.1705 147.7141 -1434.453
v 0.05993004 150.8271 -1434.453
v 26.67799 159.1471 -1434.453
v 0.05993004 162.2612 -1434.453
v 65.83498 134.5024 -1434.453
v 66.34197 147.7174 -1434.453
v 107.7486 121.4771 -1434.453
v 156.1934 33.48181 -1434.453
v 169.1527 34.60136 -1434.453
v 168.8009 -97.2286 -1434.453
v 169.1527 34.60136 -1434.453
v 181.8594 -4.523409 -1841.22
v 181.8543 -4.523409 -1434.453
v 169.1541 34.60225 -1841.297
v 168.8009 -97.2286 -1434.453
v 181.8543 -4.523409 -1434.453
v 419.3811 -4.523411 -1434.453
v 181.8594 -4.523409 -1841.22
v 181.8543 -4.523409 -1434.453
v -100.0512 112.7732 -1434.453
v -132.878 75.39618 -1434.453
v -144.0653 79.78819 -1434.453
v -168.681 -4.523411 -1434.453
v -182.0329 -4.523409 -1434.453
v -26.05065 147.7141 -1434.453
v -26.55818 159.1459 -1434.453
v -65.71511 134.5024 -1434.453
v -66.22205 147.7148 -1434.453
v -107.6268 120.5859 -1434.453
v -156.3703 33.48181 -1434.453
v -169.3269 34.60177 -1434.453
v -168.681 -97.2286 -1434.453
v -169.3269 34.60177 -1434.453
v -182.0347 -4.523409 -1841.22
v -169.3337 34.60183 -1841.297
v -182.0329 -4.523409 -1434.453
v -168.681 -97.2286 -1434.453
v -182.0329 -4.523409 -1434.453
v -182.0347 -4.523409 -1841.22
v -419.2612 -4.523411 -1434.453
v -182.0329 -4.523409 -1434.453
v 353.6784 -5.693346 -1450.422
v 353.6784 31.91324 -1450.422
v 393.3798 -5.693346 -1450.422
v 393.3798 31.91324 -1450.422
v 317.3076 -5.693346 -1450.422
v 317.3076 31.91324 -1450.422
v 238.7561 31.91324 -1450.422
v 238.7561 -5.693346 -1450.422
v 278.4576 31.91324 -1450.422
v 278.4576 -5.693346 -1450.422
v 173.5347 16.35171 -1450.422
v 173.5347 94.12366 -1450.422
v 147.6429 65.50008 -1450.422
v 147.6429 130.4411 -1450.422
v 114.1978 106.7009 -1450.422
v 114.1978 163.6482 -1450.422
v 70.71941 137.5645 -1450.422
v 70.71941 186.7726 -1450.422
v 27.71864 156.8138 -1450.422
v 27.71864 195.948 -1450.422
v 353.6784 -5.693346 -1832.384
v 353.6784 31.91324 -1832.384
v 393.3798 -5.693346 -1832.384
v 393.3798 31.91324 -1832.384
v 317.3076 -5.693346 -1832.384
v 317.3076 31.91324 -1832.384
v 238.7561 31.91324 -1832.384
v 238.7561 -5.693346 -1832.384
v 278.4576 31.91324 -1832.384
v 278.4576 -5.693346 -1832.384
v 173.5347 16.35171 -1832.384
v 173.5347 94.12366 -1832.384
v 147.6429 65.50008 -1832.384
v 147.6429 130.4411 -1832.384
v 114.1978 106.7009 -1832.384
v 114.1978 163.6482 -1832.384
v 70.71941 137.5645 -1832.384
v 70.71941 186.7726 -1832.384
v 27.71864 156.8138 -1832.384
v 27.71864 195.948 -1832.384
v -353.5585 -5.693346 -1450.422
v -353.5585 31.91324 -1450.422
v -393.26 -5.693346 -1450.422
v -393.26 31.91324 -1450.422
v -317.1878 -5.693346 -1450.422
v -317.1878 31.91324 -1450.422
v -238.6362 31.91324 -1450.422
v -238.6362 -5.693346 -1450.422
v -278.3377 31.91324 -1450.422
v -278.3377 -5.693346 -1450.422
v -173.4149 16.35171 -1450.422
v -173.4149 94.12366 -1450.422
v -147.5231 65.50008 -1450.422
v -147.5231 130.4411 -1450.422
v -114.078 106.7009 -1450.422
v -114.078 163.6482 -1450.422
v -70.59954 137.5645 -1450.422
v -70.59954 186.7726 -1450.422
v -27.59879 156.8138 -1450.422
v -27.59879 195.948 -1450.422
v -353.5585 -5.693346 -1832.384
v -353.5585 31.91324 -1832.384
v -393.26 -5.693346 -1832.384
v -393.26 31.91324 -1832.384
v -317.1878 -5.693346 -1832.384
v -317.1878 31.91324 -1832.384
v -238.6362 31.91324 -1832.384
v -238.6362 -5.693346 -1832.384
v -278.3377 31.91324 -1832.384
v -278.3377 -5.693346 -1832.384
v -173.4149 16.35171 -1832.384
v -173.4149 94.12366 -1832.384
v -147.5231 65.50008 -1832.384
v -147.5231 130.4411 -1832.384
v -114.078 106.7009 -1832.384
v -114.078 163.6482 -1832.384
v -70.59954 137.5645 -1832.384
v -70.59954 186.7726 -1832.384
v -27.59879 156.8138 -1832.384
v -27.59879 195.948 -1832.384
v 202.7309 41.23362 -1838.409
v 428.4281 41.23362 -1838.409
v 203.6565 -6.001719 -1837.127
v 203.6056 47.51114 -1838.409
v 195.4556 41.8596 -1821.31
v 195.4556 41.8596 -1838.409
v 173.1402 84.16833 -1821.31
v 145.0565 124.6577 -1821.31
v 112.8102 156.4522 -1821.31
v 24.97677 192.4427 -1821.31
v 68.63762 180.7443 -1821.31
v 24.97677 192.4427 -1838.409
v 68.63762 180.7443 -1838.409
v 112.8102 156.4522 -1838.409
v 71.43627 190.2591 -1821.31
v 118.5042 164.5726 -1838.409
v 118.5042 164.5726 -1821.31
v 71.43627 190.2591 -1838.409
v 24.97677 202.3606 -1838.409
v 24.97677 202.3606 -1821.31
v 0.05993004 195.5558 -1821.31
v 0.05993004 205.4736 -1821.31
v 203.6056 47.51114 -1821.31
v 195.4556 41.8596 -1821.31
v 173.1402 84.16833 -1838.409
v 203.6056 47.51114 -1838.409
v 195.4556 41.8596 -1838.409
v 179.3462 93.09704 -1821.31
v 179.3462 93.09704 -1838.409
v 203.6056 47.51114 -1821.31
v 203.6056 47.51114 -1838.409
v 145.0565 124.6577 -1838.409
v 151.9786 131.5437 -1821.31
v 151.9786 131.5437 -1838.409
v 0.05993004 205.4736 -1838.409
v 0.05993004 195.5558 -1838.409
v -203.4522 -6.001719 -1837.127
v -203.4857 47.51114 -1838.409
v -195.3357 41.8596 -1821.31
v -195.3357 41.8596 -1838.409
v -173.0203 84.16833 -1821.31
v -144.9366 124.6577 -1821.31
v -112.6903 156.4522 -1821.31
v -24.85691 192.4427 -1821.31
v -68.51777 180.7443 -1821.31
v -24.85691 192.4427 -1838.409
v -68.51777 180.7443 -1838.409
v -112.6903 156.4522 -1838.409
v -71.31641 190.2591 -1821.31
v -118.3843 164.5726 -1821.31
v -118.3843 164.5726 -1838.409
v -71.31641 190.2591 -1838.409
v -24.85691 202.3606 -1821.31
v -24.85691 202.3606 -1838.409
v -203.4857 47.51114 -1821.31
v -195.3357 41.8596 -1821.31
v -173.0203 84.16833 -1838.409
v -203.4857 47.51114 -1838.409
v -195.3357 41.8596 -1838.409
v -179.2263 93.097 -1821.31
v -203.4857 47.51114 -1821.31
v -179.2263 93.097 -1838.409
v -203.4857 47.51114 -1838.409
v -144.9366 124.6577 -1838.409
v -151.8587 131.5437 -1821.31
v -151.8587 131.5437 -1838.409
v -202.611 41.23362 -1838.409
v -428.3081 41.23362 -1838.409
v 203.6565 -6.001719 -1455.354
v 203.6056 47.51114 -1456.593
v 195.4556 41.8596 -1439.52
v 195.4556 41.8596 -1456.593
v 173.1402 84.16833 -1439.52
v 145.0565 124.6577 -1439.52
v 112.8102 156.4522 -1439.52
v 24.97677 192.4427 -1439.52
v 68.63762 180.7443 -1439.52
v 24.97677 192.4427 -1456.593
v 68.63762 180.7443 -1456.593
v 112.8102 156.4522 -1450.367
v 71.43627 190.2591 -1439.52
v 118.5042 164.5726 -1456.593
v 118.5042 164.5726 -1439.52
v 71.43627 190.2591 -1456.593
v 24.97677 202.3606 -1456.593
v 24.97677 202.3606 -1439.52
v 0.05993004 195.5558 -1439.52
v 0.05993004 205.4736 -1439.52
v 203.6056 47.51114 -1439.52
v 195.4556 41.8596 -1439.52
v 173.1402 84.16833 -1456.593
v 203.6056 47.51114 -1456.593
v 195.4556 41.8596 -1456.593
v 179.3462 93.09704 -1439.52
v 179.3462 93.09704 -1456.593
v 203.6056 47.51114 -1439.52
v 203.6056 47.51114 -1456.593
v 145.0565 124.6577 -1450.367
v 151.9786 131.5437 -1439.52
v 151.9786 131.5437 -1456.593
v 0.05993004 205.4736 -1456.593
v 0.05993004 195.5558 -1450.367
v -203.4522 -6.001719 -1449.085
v -203.4857 47.51114 -1456.593
v -195.3357 41.8596 -1439.52
v -195.3357 41.8596 -1456.593
v -173.0203 84.16833 -1439.52
v -144.9366 124.6577 -1439.52
v -112.6903 156.4522 -1439.52
v -24.85691 192.4427 -1439.52
v -68.51777 180.7443 -1439.52
v -24.85691 192.4427 -1456.593
v -68.51777 180.7443 -1456.593
v -112.6903 156.4522 -1450.367
v -71.31641 190.2591 -1439.52
v -118.3843 164.5726 -1439.52
v -118.3843 164.5726 -1456.593
v -71.31641 190.2591 -1456.593
v -24.85691 202.3606 -1439.52
v -24.85691 202.3606 -1456.593
v -203.4857 47.51114 -1439.52
v -195.3357 41.8596 -1439.52
v -173.0203 84.16833 -1456.593
v -203.4857 47.51114 -1456.593
v -195.3357 41.8596 -1456.593
v -179.2263 93.097 -1439.52
v -203.4857 47.51114 -1439.52
v -179.2263 93.097 -1456.593
v -203.4857 47.51114 -1456.593
v -144.9366 124.6577 -1450.367
v -151.8587 131.5437 -1439.52
v -151.8587 131.5437 -1456.593
v -202.611 41.23362 -1456.593
v -428.3081 41.23362 -1456.593
v 202.7309 41.23362 -1456.593
v 428.4281 41.23362 -1456.593
v 169.1541 34.60225 -1841.297
v 169.1527 34.60136 -1434.453
v -169.3337 34.60183 -1841.297
v -169.3269 34.60177 -1434.453
v 419.694 -5.236347 -1830.723
v 409.8423 41.68845 -1830.723
v 419.694 -5.236338 -2431.414
v 409.8423 41.68846 -2431.414
v 421.1021 158.3034 -2963.306
v 400.3005 -1.872925 -2963.306
v 146.528 -2.390961 -2963.306
v 146.528 158.3026 -2963.306
v 473.4471 272.1629 -2963.306
v 527.2186 303.9301 -2963.306
v 587.6062 318.4194 -2963.306
v 588.7915 353.4351 -2963.306
v 549.7369 351.0203 -2963.306
v 497.5893 364.6223 -2963.306
v 453.738 398.1104 -2963.306
v 416.9974 441.5782 -2963.306
v 379.0718 504.3652 -2963.306
v 405.7196 510.4023 -2963.306
v 420.5272 534.9714 -2963.306
v 425.7253 551.3484 -2963.306
v 404.7031 580.5868 -2963.306
v 378.2587 596.9487 -2960.902
v 353.48 568.7197 -2962.262
v 388.739 547.3058 -2963.306
v 363.6646 529.9444 -2963.306
v -1.50601 529.9566 -2963.306
v -1.50601 272.1531 -2963.306
v -1.50601 158.3023 -2963.306
v -1.50601 364.6563 -2963.306
v 146.528 529.9523 -2963.306
v 146.528 364.6473 -2963.306
v -424.1141 158.3034 -2963.306
v -403.3125 -1.872925 -2963.306
v -149.54 -2.390961 -2963.306
v -149.5401 158.3026 -2963.306
v -476.4591 272.1629 -2963.306
v -530.2307 303.9301 -2963.306
v -590.6183 318.4194 -2963.306
v -591.8035 353.4351 -2963.306
v -552.749 351.0203 -2963.306
v -500.6013 364.6223 -2963.306
v -456.75 398.1104 -2963.306
v -420.0094 441.5782 -2963.306
v -382.0838 504.3652 -2963.306
v -408.7316 510.4023 -2963.306
v -419.6035 535.7585 -2963.306
v -425.0706 548.4689 -2963.306
v -408.6389 575.7113 -2963.306
v -383.8451 597.2581 -2960.902
v -360.717 566.8964 -2962.262
v -389.6586 544.8681 -2963.306
v -366.6765 529.9444 -2963.306
v -149.5401 529.9523 -2963.306
v -149.5401 364.6473 -2963.306
v 386.0168 148.2475 -3215.389
v 366.9421 1.369202 -3215.389
v 434.0161 252.6544 -3215.389
v 539.7845 327.1792 -3215.389
v 503.9723 324.9649 -3215.389
v 538.6975 295.0705 -3215.389
v 483.3234 281.7842 -3215.389
v 456.1539 337.4377 -3215.389
v 370.9792 535.4725 -3215.389
v 356.3405 504.9546 -3215.389
v 324.0087 524.5907 -3214.432
v 346.7303 550.4761 -3213.184
v 384.9379 493.6442 -3215.389
v 389.6418 508.6616 -3215.389
v 370.9402 471.1149 -3215.389
v 347.4759 465.5789 -3215.389
v 333.3477 489.0345 -3215.389
v 415.9432 368.1455 -3215.389
v 382.2528 408.0046 -3215.389
v 134.2381 489.0418 -3215.389
v -1.50601 489.0457 -3215.389
v -389.0287 148.2475 -3215.389
v -369.9542 1.369202 -3215.389
v -437.0281 252.6544 -3215.389
v -541.7096 295.0705 -3215.389
v -542.7965 327.1792 -3215.389
v -506.9843 324.9649 -3215.389
v -486.3354 281.7842 -3215.389
v -459.166 337.4377 -3215.389
v -330.8949 522.9188 -3214.432
v -357.4338 502.7192 -3215.389
v -374.8383 531.0018 -3215.389
v -352.1029 550.7598 -3213.184
v -384.3409 494.366 -3215.389
v -389.2915 506.0211 -3215.389
v -373.9522 471.1149 -3215.389
v -350.4879 465.5789 -3215.389
v -336.3597 489.0345 -3215.389
v -418.9552 368.1455 -3215.389
v -385.2648 408.0046 -3215.389
v -137.2501 489.0418 -3215.389
v 146.528 -2.390961 -2977.877
v 146.528 158.3026 -2977.877
v -1.50601 158.3023 -2977.877
v -149.54 -2.390961 -2977.877
v -149.5401 158.3026 -2977.877
v 146.528 -2.390961 -2963.306
v -1.50601 158.3023 -2963.306
v 146.528 158.3026 -2977.877
v 146.528 158.3026 -2963.306
v -149.54 -2.390961 -2963.306
v -149.5401 158.3026 -2963.306
v -1.50601 158.3023 -2977.877
v -149.5401 158.3026 -2977.877
v -1.50601 158.3023 -2963.306
v -157.2173 -59.02718 -3397.436
v 157.5752 -59.02718 -3397.436
v -157.2173 139.0463 -3397.436
v 157.5752 139.0463 -3397.436
v -157.2173 139.0463 -3676.608
v 157.5752 139.0463 -3676.608
v -157.2173 -59.02718 -3676.608
v 157.5752 -59.02718 -3676.608
v -157.2173 139.0463 -3397.436
v 157.5752 139.0463 -3397.436
v -157.2173 139.0463 -3676.608
v 157.5752 139.0463 -3676.608
v -157.2173 -59.02718 -3676.608
v 157.5752 -59.02718 -3397.436
v 157.5752 -59.02718 -3676.608
v -157.2173 -59.02718 -3397.436
v 157.5752 -59.02718 -3397.436
v 157.5752 139.0463 -3676.608
v 157.5752 -59.02718 -3676.608
v 157.5752 139.0463 -3397.436
v -157.2173 -59.02718 -3676.608
v -157.2173 139.0463 -3397.436
v -157.2173 -59.02718 -3397.436
v -157.2173 139.0463 -3676.608
v -305.8804 -126.5534 -2770.001
v 305.8804 -126.5534 -2770.001
v -305.8804 258.3782 -2770.001
v 305.8804 258.3782 -2770.001
v -305.8804 258.3782 -2931.512
v 305.8804 258.3782 -2931.512
v -305.8804 -126.5534 -2931.512
v 305.8804 -126.5534 -2931.512
v -305.8804 258.3782 -2770.001
v 305.8804 258.3782 -2770.001
v -305.8804 258.3782 -2931.512
v 305.8804 258.3782 -2931.512
v -305.8804 -126.5534 -2931.512
v 305.8804 -126.5534 -2770.001
v 305.8804 -126.5534 -2931.512
v -305.8804 -126.5534 -2770.001
v 305.8804 -126.5534 -2770.001
v 305.8804 258.3782 -2931.512
v 305.8804 -126.5534 -2931.512
v 305.8804 258.3782 -2770.001
v -305.8804 -126.5534 -2931.512
v -305.8804 258.3782 -2770.001
v -305.8804 -126.5534 -2770.001
v -305.8804 258.3782 -2931.512
v 2577.709 -106.8274 -2248.928
v 2095.408 -106.8274 -3032.994
v 2095.408 1715.884 -3032.994
v 2577.709 1715.884 -2248.928
v 1402.069 1715.884 -3436.67
v 1402.069 -106.8274 -3436.67
v 670.5548 1715.884 -3497.629
v 670.5548 -106.8274 -3497.629
v -6.10963E-09 1715.884 -3497.629
v -6.10963E-09 -106.8274 -3497.629
v -2577.709 -106.8274 -2248.928
v -2095.407 -106.8274 -3032.994
v -2095.407 1715.884 -3032.994
v -2577.709 1715.884 -2248.928
v -1402.069 1715.884 -3436.67
v -1402.069 -106.8274 -3436.67
v -670.5547 1715.884 -3497.629
v -670.5547 -106.8274 -3497.629
v 431.8418 -10.93445 -860.4596
v 422.423 33.9283 -860.4596
v 431.7217 -10.93444 -1442.558
v 422.3029 33.92831 -1442.558
v 415.904 -92.96841 -846.9246
v 414.2567 -47.1572 -846.9246
v 415.7857 -92.94797 -1429.023
v 414.1385 -47.13676 -1429.023
v -415.4113 -92.79994 -827.6797
v -413.6439 -46.45568 -827.6797
v -415.4113 -92.79994 -1428.212
v -413.6439 -46.45568 -1428.212
v -423.6832 -8.848921 -1835.672
v -423.6832 37.15013 -1841.588
v -183.5202 -8.848934 -1835.672
v -173.4706 37.15014 -1841.588
v 419.1269 -8.848921 -1835.672
v 419.1269 37.15013 -1841.588
v 178.9638 -8.848934 -1835.672
v 168.9142 37.15014 -1841.588
v -421.6436 -13.44934 -852.6261
v -412.1145 31.93909 -852.6261
v -421.6436 -13.44934 -1453.159
v -412.1145 31.9391 -1453.159
v 181.1089 -12.89662 -1441.387
v 194.8905 31.38636 -1441.387
v 181.1089 -12.8966 -1816.466
v 194.8905 31.38637 -1816.466
v 181.1089 -12.89662 -1441.387
v 194.8905 31.38637 -1816.466
v 181.1089 -12.8966 -1816.466
v 194.8905 31.38636 -1441.387
v 222.8571 -89.76871 -1408.249
v 233.74 -89.7687 -1364.056
v 269.8762 -89.76871 -1345.357
v 317.7392 -89.76871 -1351.582
v 337.0803 -89.7687 -1321.737
v 328.3203 -89.7687 -1285.31
v 341.7772 -89.7687 -1247.796
v 367.1248 -89.76871 -1225.125
v 403.6109 -89.7687 -1213.274
v 222.8571 -49.59952 -1408.249
v 233.74 -49.59953 -1364.056
v 269.8762 -49.59952 -1345.357
v 317.7392 -49.59952 -1351.582
v 337.0803 -49.59952 -1321.737
v 328.3203 -49.59952 -1285.31
v 341.7772 -49.59953 -1247.796
v 367.1248 -49.59953 -1225.125
v 403.6109 -49.59953 -1213.274
v 135.2374 -89.7687 -2866.649
v 142.2086 -89.7687 -2825.585
v 179.5183 -89.76871 -2804.93
v 231.2929 -89.7687 -2809.591
v 269.0184 -89.76871 -2816.906
v 298.2009 -89.7687 -2810.99
v 326.522 -89.7687 -2800.465
v 356.9547 -89.7687 -2780.924
v 384.8352 -89.7687 -2776.505
v 135.2374 -49.59952 -2866.649
v 142.2086 -49.59953 -2825.585
v 179.5183 -49.59952 -2804.931
v 231.2929 -49.59952 -2809.591
v 269.0184 -49.59952 -2816.906
v 298.2009 -49.59952 -2810.99
v 326.522 -49.59952 -2800.465
v 356.9547 -49.59952 -2780.925
v 384.8352 -49.59952 -2776.505
v -180.1613 -12.83048 -1447.613
v -194.3609 31.32022 -1447.613
v -180.1613 -12.83047 -1816.466
v -194.3609 31.32023 -1816.466
v -180.1613 -12.83048 -1447.613
v -194.3609 31.32023 -1816.466
v -180.1613 -12.83047 -1816.466
v -194.3609 31.32022 -1447.613
v -406.2248 -89.76871 -2825.063
v -366.1814 -89.7687 -2836.622
v -330.5083 -89.76871 -2790.699
v -293.6508 -89.76871 -2785.039
v -251.744 -89.7687 -2788.74
v -222.1007 -89.7687 -2795.213
v -182.6367 -89.7687 -2808.35
v -149.4221 -89.7687 -2833.116
v -136.2955 -89.7687 -2875.946
v -406.2248 -49.69183 -2825.063
v -366.1814 -49.69183 -2836.622
v -330.5083 -49.69183 -2790.699
v -293.6508 -49.69183 -2785.039
v -251.744 -49.69183 -2788.74
v -222.1007 -49.69183 -2795.213
v -182.6367 -49.69183 -2808.35
v -149.4221 -49.69183 -2833.116
v -136.2955 -49.69184 -2875.946
v 419.1269 -8.543617 -1438.19
v 419.1269 36.84481 -1428.661
v 178.9638 -8.54361 -1438.19
v 168.9142 36.84483 -1428.661
v -423.6832 -8.543617 -1438.19
v -423.6832 36.84481 -1428.661
v -183.5202 -8.54361 -1438.19
v -173.4706 36.84483 -1428.661
v -412.6458 -92.58673 -1429.633
v -412.6458 -47.1983 -1420.104
v -172.4827 -92.58672 -1429.633
v -162.4331 -47.19829 -1420.104
v -405.9655 -89.76871 -1235.052
v -354.4364 -89.76869 -1235.496
v -335.953 -89.76871 -1268.298
v -341.1285 -89.7687 -1325.651
v -312.378 -89.7687 -1350.417
v -282.7347 -89.7687 -1344.382
v -243.2707 -89.7687 -1349.954
v -210.0562 -89.76869 -1374.72
v -196.9295 -89.7687 -1403.504
v -405.9655 -49.69183 -1235.052
v -354.4364 -49.69184 -1235.496
v -335.953 -49.69183 -1268.298
v -341.1285 -49.69183 -1325.651
v -312.378 -49.69183 -1350.417
v -282.7347 -49.69183 -1344.382
v -243.2707 -49.69183 -1349.954
v -210.0562 -49.69184 -1374.72
v -196.9295 -49.69183 -1403.504
v 411.547 -92.58673 -1429.633
v 411.547 -47.1983 -1420.104
v 171.384 -92.58672 -1429.633
v 161.3343 -47.19829 -1420.104
v -91.42213 0.8999833 334.6567
v -91.42213 0.8999833 -3395.244
v -111.2935 -87.4136 -3395.244
v -111.2935 -87.4136 334.6567
v -111.2935 -18.83543 -3395.244
v -111.2935 -18.83543 334.6567
v 94.93948 0.8999833 334.6567
v 94.93948 0.8999833 -3395.244
v 114.8109 -87.4136 334.6567
v 114.8109 -87.4136 -3395.244
v 114.8109 -21.56055 334.6567
v 114.8109 -21.56055 -3395.244
vt -5.876247 -5.455576
vt 6.876245 -5.455576
vt -5.876247 6.455575
vt 6.876245 6.455575
vt 0.2751875 0.2009875
vt 0.226175 0.3038
vt 0.363275 0.4171
vt 0.2640812 0.4318188
vt 0.3571022 0.2817127
vt 0.4540548 0.333549
vt 0.507025 0.4163
vt 0.6219749 0.286125
vt 0.57065 0.5025125
vt 0.72035 0.293275
vt 0.653225 0.434775
vt 0.34795 0.69495
vt 0.4850549 0.7235686
vt 0.6719126 0.6429501
vt 0.1399642 0.3631493
vt 0.171575 0.209725
vt 0.2045368 0.5222478
vt 0.2059 0.61495
vt 0.308675 0.622275
vt 0.4464125 0.50465
vt 0.6537113 0.4907525
vt 0.3656 0.55395
vt 0.514 0.57465
vt 0.45035 0.6510125
vt 0.585925 0.6166
vt 0.7972593 0.4874706
vt 0.78825 0.202499
vt 0.742825 0.5125
vt 0.6765 0.546725
vt 0.776225 0.6188
vt 0.7062606 0.09673366
vt 0.904425 0.804625
vt 0.5601134 0.1213086
vt 0.4806 0.2399
vt 0.0898 0.66
vt 0.7883859 0.4444472
vt 0.9311022 0.6410256
vt 0.5817 0.0312
vt 0.96155 0.81995
vt 0.2751875 0.2009875
vt 0.226175 0.3038
vt 0.363275 0.4171
vt 0.2640812 0.4318188
vt 0.3571022 0.2817127
vt 0.4540548 0.333549
vt 0.507025 0.4163
vt 0.6219749 0.286125
vt 0.57065 0.5025125
vt 0.72035 0.293275
vt 0.653225 0.434775
vt 0.34795 0.69495
vt 0.2552343 0.8830415
vt 0.347 0.8361
vt 0.4850549 0.7235686
vt 0.8201875 0.7684625
vt 0.7993 0.69875
vt 0.6719126 0.6429501
vt 0.1399642 0.3631493
vt 0.171575 0.209725
vt 0.2045368 0.5222478
vt 0.1696 0.708
vt 0.2059 0.61495
vt 0.1473875 0.8957635
vt 0.2567375 0.762675
vt 0.308675 0.622275
vt 0.4464125 0.50465
vt 0.6537113 0.4907525
vt 0.3656 0.55395
vt 0.514 0.57465
vt 0.45035 0.6510125
vt 0.585925 0.6166
vt 0.7972593 0.4874706
vt 0.78825 0.202499
vt 0.742825 0.5125
vt 0.6765 0.546725
vt 0.776225 0.6188
vt 0.7062606 0.09673366
vt 0.904425 0.804625
vt 0.5601134 0.1213086
vt 0.4806 0.2399
vt 0.7598544 0.9057553
vt 0.6514652 0.8607407
vt 0.0898 0.66
vt 0.07903506 0.8904973
vt 0.7883859 0.4444472
vt 0.9311022 0.6410256
vt 0.5817 0.0312
vt 0.96155 0.81995
vt 0.9347 0.9707
vt 0.84035 0.9406
vt 0.2751875 0.2009875
vt 0.226175 0.3038
vt 0.363275 0.4171
vt 0.2640812 0.4318188
vt 0.3571022 0.2817127
vt 0.4540548 0.333549
vt 0.507025 0.4163
vt 0.6219749 0.286125
vt 0.57065 0.5025125
vt 0.72035 0.293275
vt 0.653225 0.434775
vt 0.34795 0.69495
vt 0.4850549 0.7235686
vt 0.6719126 0.6429501
vt 0.1399642 0.3631493
vt 0.171575 0.209725
vt 0.2045368 0.5222478
vt 0.2059 0.61495
vt 0.308675 0.622275
vt 0.4464125 0.50465
vt 0.6537113 0.4907525
vt 0.3656 0.55395
vt 0.514 0.57465
vt 0.45035 0.6510125
vt 0.585925 0.6166
vt 0.7972593 0.4874706
vt 0.78825 0.202499
vt 0.742825 0.5125
vt 0.6765 0.546725
vt 0.776225 0.6188
vt 0.7062606 0.09673366
vt 0.904425 0.804625
vt 0.5601134 0.1213086
vt 0.4806 0.2399
vt 0.0898 0.66
vt 0.7883859 0.4444472
vt 0.9311022 0.6410256
vt 0.5817 0.0312
vt 0.96155 0.81995
vt 0.2751875 0.2009875
vt 0.226175 0.3038
vt 0.363275 0.4171
vt 0.2640812 0.4318188
vt 0.3571022 0.2817127
vt 0.4540548 0.333549
vt 0.507025 0.4163
vt 0.6219749 0.286125
vt 0.57065 0.5025125
vt 0.72035 0.293275
vt 0.653225 0.434775
vt 0.34795 0.69495
vt 0.4850549 0.7235686
vt 0.6719126 0.6429501
vt 0.1399642 0.3631493
vt 0.171575 0.209725
vt 0.2045368 0.5222478
vt 0.2059 0.61495
vt 0.308675 0.622275
vt 0.4464125 0.50465
vt 0.6537113 0.4907525
vt 0.3656 0.55395
vt 0.514 0.57465
vt 0.45035 0.6510125
vt 0.585925 0.6166
vt 0.7972593 0.4874706
vt 0.78825 0.202499
vt 0.742825 0.5125
vt 0.6765 0.546725
vt 0.776225 0.6188
vt 0.7062606 0.09673366
vt 0.904425 0.804625
vt 0.5601134 0.1213086
vt 0.4806 0.2399
vt 0.0898 0.66
vt 0.7883859 0.4444472
vt 0.9311022 0.6410256
vt 0.5817 0.0312
vt 0.96155 0.81995
vt 0.2751875 0.2009875
vt 0.226175 0.3038
vt 0.363275 0.4171
vt 0.2640812 0.4318188
vt 0.3571022 0.2817127
vt 0.4540548 0.333549
vt 0.507025 0.4163
vt 0.6219749 0.286125
vt 0.57065 0.5025125
vt 0.72035 0.293275
vt 0.653225 0.434775
vt 0.34795 0.69495
vt 0.4850549 0.7235686
vt 0.6719126 0.6429501
vt 0.1399642 0.3631493
vt 0.171575 0.209725
vt 0.2045368 0.5222478
vt 0.2059 0.61495
vt 0.308675 0.622275
vt 0.4464125 0.50465
vt 0.6537113 0.4907525
vt 0.3656 0.55395
vt 0.514 0.57465
vt 0.45035 0.6510125
vt 0.585925 0.6166
vt 0.7972593 0.4874706
vt 0.78825 0.202499
vt 0.742825 0.5125
vt 0.6765 0.546725
vt 0.776225 0.6188
vt 0.7062606 0.09673366
vt 0.904425 0.804625
vt 0.5601134 0.1213086
vt 0.4806 0.2399
vt 0.0898 0.66
vt 0.7883859 0.4444472
vt 0.9311022 0.6410256
vt 0.5817 0.0312
vt 0.96155 0.81995
vt 0.2751875 0.2009875
vt 0.226175 0.3038
vt 0.363275 0.4171
vt 0.2640812 0.4318188
vt 0.3571022 0.2817127
vt 0.4540548 0.333549
vt 0.507025 0.4163
vt 0.6219749 0.286125
vt 0.57065 0.5025125
vt 0.72035 0.293275
vt 0.653225 0.434775
vt 0.34795 0.69495
vt 0.2552343 0.8830415
vt 0.347 0.8361
vt 0.4850549 0.7235686
vt 0.8201875 0.7684625
vt 0.7993 0.69875
vt 0.6719126 0.6429501
vt 0.1399642 0.3631493
vt 0.171575 0.209725
vt 0.2045368 0.5222478
vt 0.1696 0.708
vt 0.2059 0.61495
vt 0.1473875 0.8957635
vt 0.2567375 0.762675
vt 0.308675 0.622275
vt 0.4464125 0.50465
vt 0.6537113 0.4907525
vt 0.3656 0.55395
vt 0.514 0.57465
vt 0.45035 0.6510125
vt 0.585925 0.6166
vt 0.7972593 0.4874706
vt 0.78825 0.202499
vt 0.742825 0.5125
vt 0.6765 0.546725
vt 0.776225 0.6188
vt 0.7062606 0.09673366
vt 0.904425 0.804625
vt 0.5601134 0.1213086
vt 0.4806 0.2399
vt 0.7598544 0.9057553
vt 0.6514652 0.8607407
vt 0.0898 0.66
vt 0.07903506 0.8904973
vt 0.7883859 0.4444472
vt 0.9311022 0.6410256
vt 0.5817 0.0312
vt 0.96155 0.81995
vt 0.9347 0.9707
vt 0.84035 0.9406
vt 0.2751875 0.2009875
vt 0.226175 0.3038
vt 0.363275 0.4171
vt 0.2640812 0.4318188
vt 0.3571022 0.2817127
vt 0.4540548 0.333549
vt 0.507025 0.4163
vt 0.6219749 0.286125
vt 0.57065 0.5025125
vt 0.72035 0.293275
vt 0.653225 0.434775
vt 0.34795 0.69495
vt 0.2552343 0.8830415
vt 0.347 0.8361
vt 0.4850549 0.7235686
vt 0.8201875 0.7684625
vt 0.7993 0.69875
vt 0.6719126 0.6429501
vt 0.1399642 0.3631493
vt 0.171575 0.209725
vt 0.2045368 0.5222478
vt 0.1696 0.708
vt 0.2059 0.61495
vt 0.1473875 0.8957635
vt 0.2567375 0.762675
vt 0.308675 0.622275
vt 0.4464125 0.50465
vt 0.6537113 0.4907525
vt 0.3656 0.55395
vt 0.514 0.57465
vt 0.45035 0.6510125
vt 0.585925 0.6166
vt 0.7972593 0.4874706
vt 0.78825 0.202499
vt 0.742825 0.5125
vt 0.6765 0.546725
vt 0.776225 0.6188
vt 0.7062606 0.09673366
vt 0.904425 0.804625
vt 0.5601134 0.1213086
vt 0.4806 0.2399
vt 0.7598544 0.9057553
vt 0.6514652 0.8607407
vt 0.0898 0.66
vt 0.07903506 0.8904973
vt 0.7883859 0.4444472
vt 0.9311022 0.6410256
vt 0.5817 0.0312
vt 0.96155 0.81995
vt 0.9347 0.9707
vt 0.84035 0.9406
vt 0.2751875 0.2009875
vt 0.226175 0.3038
vt 0.363275 0.4171
vt 0.2640812 0.4318188
vt 0.3571022 0.2817127
vt 0.4540548 0.333549
vt 0.507025 0.4163
vt 0.6219749 0.286125
vt 0.57065 0.5025125
vt 0.72035 0.293275
vt 0.653225 0.434775
vt 0.34795 0.69495
vt 0.4850549 0.7235686
vt 0.6719126 0.6429501
vt 0.1399642 0.3631493
vt 0.171575 0.209725
vt 0.2045368 0.5222478
vt 0.2059 0.61495
vt 0.308675 0.622275
vt 0.4464125 0.50465
vt 0.6537113 0.4907525
vt 0.3656 0.55395
vt 0.514 0.57465
vt 0.45035 0.6510125
vt 0.585925 0.6166
vt 0.7972593 0.4874706
vt 0.78825 0.202499
vt 0.742825 0.5125
vt 0.6765 0.546725
vt 0.776225 0.6188
vt 0.7062606 0.09673366
vt 0.904425 0.804625
vt 0.5601134 0.1213086
vt 0.4806 0.2399
vt 0.0898 0.66
vt 0.7883859 0.4444472
vt 0.9311022 0.6410256
vt 0.5817 0.0312
vt 0.96155 0.81995
vt 0.2751875 0.2009875
vt 0.226175 0.3038
vt 0.363275 0.4171
vt 0.2640812 0.4318188
vt 0.3571022 0.2817127
vt 0.4540548 0.333549
vt 0.507025 0.4163
vt 0.6219749 0.286125
vt 0.57065 0.5025125
vt 0.72035 0.293275
vt 0.653225 0.434775
vt 0.34795 0.69495
vt 0.2552343 0.8830415
vt 0.347 0.8361
vt 0.4850549 0.7235686
vt 0.8201875 0.7684625
vt 0.7993 0.69875
vt 0.6719126 0.6429501
vt 0.1399642 0.3631493
vt 0.171575 0.209725
vt 0.2045368 0.5222478
vt 0.1696 0.708
vt 0.2059 0.61495
vt 0.1473875 0.8957635
vt 0.2567375 0.762675
vt 0.308675 0.622275
vt 0.4464125 0.50465
vt 0.6537113 0.4907525
vt 0.3656 0.55395
vt 0.514 0.57465
vt 0.45035 0.6510125
vt 0.585925 0.6166
vt 0.7972593 0.4874706
vt 0.78825 0.202499
vt 0.742825 0.5125
vt 0.6765 0.546725
vt 0.776225 0.6188
vt 0.7062606 0.09673366
vt 0.904425 0.804625
vt 0.5601134 0.1213086
vt 0.4806 0.2399
vt 0.7598544 0.9057553
vt 0.6514652 0.8607407
vt 0.0898 0.66
vt 0.07903506 0.8904973
vt 0.7883859 0.4444472
vt 0.9311022 0.6410256
vt 0.5817 0.0312
vt 0.96155 0.81995
vt 0.9347 0.9707
vt 0.84035 0.9406
vt 0.2751875 0.2009875
vt 0.226175 0.3038
vt 0.363275 0.4171
vt 0.2640812 0.4318188
vt 0.3571022 0.2817127
vt 0.4540548 0.333549
vt 0.507025 0.4163
vt 0.6219749 0.286125
vt 0.57065 0.5025125
vt 0.72035 0.293275
vt 0.653225 0.434775
vt 0.34795 0.69495
vt 0.2552343 0.8830415
vt 0.347 0.8361
vt 0.4850549 0.7235686
vt 0.8201875 0.7684625
vt 0.7993 0.69875
vt 0.6719126 0.6429501
vt 0.1399642 0.3631493
vt 0.171575 0.209725
vt 0.2045368 0.5222478
vt 0.1696 0.708
vt 0.2059 0.61495
vt 0.1473875 0.8957635
vt 0.2567375 0.762675
vt 0.308675 0.622275
vt 0.4464125 0.50465
vt 0.6537113 0.4907525
vt 0.3656 0.55395
vt 0.514 0.57465
vt 0.45035 0.6510125
vt 0.585925 0.6166
vt 0.7972593 0.4874706
vt 0.78825 0.202499
vt 0.742825 0.5125
vt 0.6765 0.546725
vt 0.776225 0.6188
vt 0.7062606 0.09673366
vt 0.904425 0.804625
vt 0.5601134 0.1213086
vt 0.4806 0.2399
vt 0.7598544 0.9057553
vt 0.6514652 0.8607407
vt 0.0898 0.66
vt 0.07903506 0.8904973
vt 0.7883859 0.4444472
vt 0.9311022 0.6410256
vt 0.5817 0.0312
vt 0.96155 0.81995
vt 0.9347 0.9707
vt 0.84035 0.9406
vt 0.2751875 0.2009875
vt 0.226175 0.3038
vt 0.363275 0.4171
vt 0.2640812 0.4318188
vt 0.3571022 0.2817127
vt 0.4540548 0.333549
vt 0.507025 0.4163
vt 0.6219749 0.286125
vt 0.57065 0.5025125
vt 0.72035 0.293275
vt 0.653225 0.434775
vt 0.34795 0.69495
vt 0.4850549 0.7235686
vt 0.6719126 0.6429501
vt 0.1399642 0.3631493
vt 0.171575 0.209725
vt 0.2045368 0.5222478
vt 0.2059 0.61495
vt 0.308675 0.622275
vt 0.4464125 0.50465
vt 0.6537113 0.4907525
vt 0.3656 0.55395
vt 0.514 0.57465
vt 0.45035 0.6510125
vt 0.585925 0.6166
vt 0.7972593 0.4874706
vt 0.78825 0.202499
vt 0.742825 0.5125
vt 0.6765 0.546725
vt 0.776225 0.6188
vt 0.7062606 0.09673366
vt 0.904425 0.804625
vt 0.5601134 0.1213086
vt 0.4806 0.2399
vt 0.0898 0.66
vt 0.7883859 0.4444472
vt 0.9311022 0.6410256
vt 0.5817 0.0312
vt 0.96155 0.81995
vt 0.2751875 0.2009875
vt 0.226175 0.3038
vt 0.363275 0.4171
vt 0.2640812 0.4318188
vt 0.3571022 0.2817127
vt 0.4540548 0.333549
vt 0.507025 0.4163
vt 0.6219749 0.286125
vt 0.57065 0.5025125
vt 0.72035 0.293275
vt 0.653225 0.434775
vt 0.34795 0.69495
vt 0.4850549 0.7235686
vt 0.6719126 0.6429501
vt 0.1399642 0.3631493
vt 0.171575 0.209725
vt 0.2045368 0.5222478
vt 0.2059 0.61495
vt 0.308675 0.622275
vt 0.4464125 0.50465
vt 0.6537113 0.4907525
vt 0.3656 0.55395
vt 0.514 0.57465
vt 0.45035 0.6510125
vt 0.585925 0.6166
vt 0.7972593 0.4874706
vt 0.78825 0.202499
vt 0.742825 0.5125
vt 0.6765 0.546725
vt 0.776225 0.6188
vt 0.7062606 0.09673366
vt 0.904425 0.804625
vt 0.5601134 0.1213086
vt 0.4806 0.2399
vt 0.0898 0.66
vt 0.7883859 0.4444472
vt 0.9311022 0.6410256
vt 0.5817 0.0312
vt 0.96155 0.81995
vt 0.2751875 0.2009875
vt 0.226175 0.3038
vt 0.363275 0.4171
vt 0.2640812 0.4318188
vt 0.3571022 0.2817127
vt 0.4540548 0.333549
vt 0.507025 0.4163
vt 0.6219749 0.286125
vt 0.57065 0.5025125
vt 0.72035 0.293275
vt 0.653225 0.434775
vt 0.34795 0.69495
vt 0.2552343 0.8830415
vt 0.347 0.8361
vt 0.4850549 0.7235686
vt 0.8201875 0.7684625
vt 0.7993 0.69875
vt 0.6719126 0.6429501
vt 0.1399642 0.3631493
vt 0.171575 0.209725
vt 0.2045368 0.5222478
vt 0.1696 0.708
vt 0.2059 0.61495
vt 0.1473875 0.8957635
vt 0.2567375 0.762675
vt 0.308675 0.622275
vt 0.4464125 0.50465
vt 0.6537113 0.4907525
vt 0.3656 0.55395
vt 0.514 0.57465
vt 0.45035 0.6510125
vt 0.585925 0.6166
vt 0.7972593 0.4874706
vt 0.78825 0.202499
vt 0.742825 0.5125
vt 0.6765 0.546725
vt 0.776225 0.6188
vt 0.7062606 0.09673366
vt 0.904425 0.804625
vt 0.5601134 0.1213086
vt 0.4806 0.2399
vt 0.7598544 0.9057553
vt 0.6514652 0.8607407
vt 0.0898 0.66
vt 0.07903506 0.8904973
vt 0.7883859 0.4444472
vt 0.9311022 0.6410256
vt 0.5817 0.0312
vt 0.96155 0.81995
vt 0.9347 0.9707
vt 0.84035 0.9406
vt 0.2751875 0.2009875
vt 0.226175 0.3038
vt 0.363275 0.4171
vt 0.2640812 0.4318188
vt 0.3571022 0.2817127
vt 0.4540548 0.333549
vt 0.507025 0.4163
vt 0.6219749 0.286125
vt 0.57065 0.5025125
vt 0.72035 0.293275
vt 0.653225 0.434775
vt 0.34795 0.69495
vt 0.2552343 0.8830415
vt 0.347 0.8361
vt 0.4850549 0.7235686
vt 0.8201875 0.7684625
vt 0.7993 0.69875
vt 0.6719126 0.6429501
vt 0.1399642 0.3631493
vt 0.171575 0.209725
vt 0.2045368 0.5222478
vt 0.1696 0.708
vt 0.2059 0.61495
vt 0.1473875 0.8957635
vt 0.2567375 0.762675
vt 0.308675 0.622275
vt 0.4464125 0.50465
vt 0.6537113 0.4907525
vt 0.3656 0.55395
vt 0.514 0.57465
vt 0.45035 0.6510125
vt 0.585925 0.6166
vt 0.7972593 0.4874706
vt 0.78825 0.202499
vt 0.742825 0.5125
vt 0.6765 0.546725
vt 0.776225 0.6188
vt 0.7062606 0.09673366
vt 0.904425 0.804625
vt 0.5601134 0.1213086
vt 0.4806 0.2399
vt 0.7598544 0.9057553
vt 0.6514652 0.8607407
vt 0.0898 0.66
vt 0.07903506 0.8904973
vt 0.7883859 0.4444472
vt 0.9311022 0.6410256
vt 0.5817 0.0312
vt 0.96155 0.81995
vt 0.9347 0.9707
vt 0.84035 0.9406
vt 0.7120858 0.008965486
vt 0.7120858 0.04383673
vt 0.007497638 0.008965486
vt 0.007497638 0.04383674
vt 0.2801999 0.008965486
vt 0.2801999 0.04383673
vt 0.007497638 0.008965486
vt 0.007497638 0.04383674
vt 0.005607843 0.6424067
vt 0.1328461 0.6424067
vt 0.1328461 0.7494843
vt 0.005607843 0.7494843
vt 0.7113211 0.04637402
vt 0.008767053 0.04637402
vt 0.008775398 0.04637402
vt 0.005607843 0.6424067
vt 0.1328461 0.6424067
vt 0.1328461 0.7494843
vt 0.005607843 0.7494843
vt 0.7113211 0.04637402
vt 0.008767053 0.04637402
vt 0.008775398 0.04637402
vt 0.008767053 0.1146884
vt 0.7113209 0.1146884
vt 0.229839 0.04637402
vt 0.229839 0.1146884
vt 0.008775398 0.1146884
vt 0.008767053 0.1146884
vt 0.7113209 0.1146884
vt 0.229839 0.04637402
vt 0.229839 0.1146884
vt 0.008775398 0.1146884
vt 0.3982433 0.0464947
vt 0.2357932 0.1146577
vt 0.3982433 0.1146577
vt 0.2357932 0.04649473
vt 0.7120858 0.008965486
vt 0.7120858 0.04383673
vt 0.007497638 0.008965486
vt 0.007497638 0.04383674
vt 0.2801999 0.008965486
vt 0.2801999 0.04383673
vt 0.007497638 0.008965486
vt 0.007497638 0.04383674
vt 0.8264512 0.3578274
vt 0.8266948 0.3440947
vt 0.8347837 0.3556199
vt 0.8615187 0.3342813
vt 0.850724 0.3583137
vt 0.8821145 0.2908893
vt 0.8916768 0.2909
vt 0.8821989 0.3001989
vt 0.8998388 0.3002046
vt 0.8794006 0.2663636
vt 0.8793686 0.234837
vt 0.8916768 0.266364
vt 0.9022093 0.4424213
vt 0.8878606 0.4255968
vt 0.9093161 0.4355549
vt 0.9108022 0.4289427
vt 0.8983039 0.4036551
vt 0.909814 0.4181411
vt 0.8711371 0.3709135
vt 0.8997285 0.3217773
vt 0.9730586 0.4133828
vt 0.9684623 0.41814
vt 0.9730588 0.2348262
vt 0.9730588 0.3219677
vt 0.9730588 0.3002053
vt 0.9730588 0.2663647
vt 0.8264512 0.3578274
vt 0.8266948 0.3440947
vt 0.8347837 0.3556199
vt 0.8615187 0.3342813
vt 0.850724 0.3583137
vt 0.8821145 0.2908893
vt 0.8916768 0.2909
vt 0.8821989 0.3001989
vt 0.8998388 0.3002046
vt 0.8794006 0.2663636
vt 0.8793686 0.234837
vt 0.8916768 0.266364
vt 0.9022093 0.4424213
vt 0.8878606 0.4255968
vt 0.9093161 0.4355549
vt 0.9108022 0.4289427
vt 0.8983039 0.4036551
vt 0.909814 0.4181411
vt 0.8711371 0.3709135
vt 0.8997285 0.3217773
vt 0.9684623 0.41814
vt 0.2256724 0.9003178
vt 0.02720509 0.9008006
vt 0.02693436 0.8453831
vt 0.2254016 0.8449002
vt 0.2647032 0.8542933
vt 0.3882447 0.8542933
vt 0.01641212 0.7541547
vt 0.01642039 0.7549112
vt 0.3882446 0.9791181
vt 0.2647032 0.9791334
vt 0.01642156 0.8303602
vt 0.2402298 0.7541205
vt 0.2402392 0.830326
vt 0.01642972 0.8302219
vt 0.2402381 0.7548771
vt 0.2402474 0.8301877
vt 0.2801999 0.008981435
vt 0.2801999 0.04383673
vt 0.007497638 0.008981435
vt 0.007497638 0.04383674
vt 0.01721736 0.9102595
vt 0.09042174 0.9102595
vt 0.01721736 0.9881515
vt 0.09040345 0.9881515
vt 0.24182 0.8318423
vt 0.24182 0.7547558
vt 0.009567738 0.8385317
vt 0.01401329 0.9024886
vt 0.01401329 0.8500636
vt 0.2378783 0.9048894
vt 0.009567738 0.8909568
vt 0.2381205 0.89636
vt 0.01452258 0.8963706
vt 0.01452199 0.8839543
vt 0.01401329 0.8500636
vt 0.01401329 0.8441774
vt 0.2378783 0.8506031
vt 0.2378783 0.8456981
vt 0.1791312 0.8754297
vt 0.1219917 0.9864745
vt 0.1221401 0.9132132
vt 0.09645099 0.9506187
vt 0.1219917 0.9864745
vt 0.01246009 0.7547558
vt 0.01247758 0.8318425
vt 0.01131439 0.8326454
vt 0.009567738 0.8385317
vt 0.01449203 0.8456981
vt 0.01447519 0.8321403
vt 0.237864 0.8321403
vt 0.01449203 0.9069543
vt 0.01476824 0.8754296
vt 0.01476812 0.8958679
vt 0.01721736 0.9102595
vt 0.09042174 0.9102595
vt 0.01721736 0.9881515
vt 0.09040345 0.9881515
vt 0.24182 0.8318423
vt 0.24182 0.7547558
vt 0.009567738 0.8385317
vt 0.01401329 0.9024886
vt 0.01401329 0.8500636
vt 0.2378783 0.9048894
vt 0.009567738 0.8909568
vt 0.2381205 0.89636
vt 0.01452258 0.8963706
vt 0.01452199 0.8839543
vt 0.01401329 0.8500636
vt 0.01401329 0.8441774
vt 0.2378783 0.8506031
vt 0.2378783 0.8456981
vt 0.1791312 0.8754297
vt 0.1219917 0.9864745
vt 0.1221401 0.9132132
vt 0.09645099 0.9506187
vt 0.1219917 0.9864745
vt 0.01246009 0.7547558
vt 0.01247758 0.8318425
vt 0.01131439 0.8326454
vt 0.009567738 0.8385317
vt 0.01449203 0.8456981
vt 0.01447519 0.8321403
vt 0.237864 0.8321403
vt 0.01449203 0.9069543
vt 0.01476824 0.8754296
vt 0.01476812 0.8958679
vt 0.2801999 0.008981435
vt 0.2801999 0.04383673
vt 0.007497638 0.008981435
vt 0.007497638 0.04383674
vt 0.4026947 0.6776876
vt 0.6270568 0.6776876
vt 0.6270568 0.9886528
vt 0.4026947 0.9886528
vt 0.6232706 0.9867596
vt 0.6232706 0.6739014
vt 0.3989085 0.6739014
vt 0.3989085 0.9867596
vt 0.01721736 0.9102595
vt 0.09042174 0.9102595
vt 0.01721736 0.9881515
vt 0.09040345 0.9881515
vt 0.01715914 0.9881039
vt 0.09040514 0.9881039
vt 0.01715914 0.9103049
vt 0.09044518 0.9103049
vt 0.2381206 0.8963593
vt 0.238121 0.8839427
vt 0.01452273 0.8963704
vt 0.01452178 0.8839541
vt 0.01401329 0.9024886
vt 0.01401329 0.8500636
vt 0.01401329 0.8441774
vt 0.2378783 0.9048894
vt 0.2378783 0.8506031
vt 0.2378783 0.8456981
vt 0.009567738 0.8909568
vt 0.2381205 0.89636
vt 0.2381207 0.8839433
vt 0.01452258 0.8963706
vt 0.01452199 0.8839543
vt 0.01401329 0.8500636
vt 0.01401329 0.8441774
vt 0.2378783 0.8506031
vt 0.2378783 0.8456981
vt 0.1791312 0.8754297
vt 0.1219917 0.9864745
vt 0.1221401 0.9132132
vt 0.09645099 0.9506187
vt 0.1219917 0.9864745
vt 0.01246009 0.7547558
vt 0.01247758 0.8318425
vt 0.24182 0.7547558
vt 0.24182 0.8318423
vt 0.01246009 0.7548109
vt 0.01247758 0.8318977
vt 0.24182 0.7548109
vt 0.24182 0.8318976
vt 0.01131439 0.8326454
vt 0.009567738 0.8385317
vt 0.01449203 0.8456981
vt 0.01447519 0.8321403
vt 0.237864 0.8321403
vt 0.01449203 0.9069543
vt 0.01131439 0.8326454
vt 0.009567738 0.8385317
vt 0.01449203 0.8456981
vt 0.01447519 0.8321403
vt 0.237864 0.8321403
vt 0.01476824 0.8754296
vt 0.01476823 0.8549914
vt 0.2218556 0.8549916
vt 0.01476812 0.8958679
vt 0.2218558 0.895868
vt 0.009026229 0.04637415
vt 0.009065926 0.1146833
vt 0.7101049 0.1146833
vt 0.7101041 0.04637415
vt 0.1719198 0.7493014
vt 0.1719198 0.5079406
vt 0.7100921 0.04637416
vt 0.7100921 0.1146838
vt 0.1719198 0.5079406
vt 0.2494165 0.5079406
vt 0.2494165 0.5079406
vt 0.2494165 0.7493014
vt 0.008711487 0.04637416
vt 0.009275019 0.1146838
vt 0.1719198 0.7493014
vt 0.2494165 0.5079406
vt 0.2494165 0.7493014
vt 0.2494165 0.5079406
vt 0.1719198 0.5079406
vt 0.1719198 0.5079406
vt 0.01721736 0.9102595
vt 0.09042174 0.9102595
vt 0.01721736 0.9881515
vt 0.09040345 0.9881515
vt 0.01715914 0.9881039
vt 0.09040514 0.9881039
vt 0.01715914 0.9103049
vt 0.09044518 0.9103049
vt 0.2381206 0.8963593
vt 0.238121 0.8839427
vt 0.01452273 0.8963704
vt 0.01452178 0.8839541
vt 0.01401329 0.9024886
vt 0.01401329 0.8500636
vt 0.01401329 0.8441774
vt 0.2378783 0.9048894
vt 0.2378783 0.8506031
vt 0.2378783 0.8456981
vt 0.009567738 0.8909568
vt 0.2381205 0.89636
vt 0.2381207 0.8839433
vt 0.01452258 0.8963706
vt 0.01452199 0.8839543
vt 0.01401329 0.8500636
vt 0.01401329 0.8441774
vt 0.2378783 0.8506031
vt 0.2378783 0.8456981
vt 0.1791312 0.8754297
vt 0.1219917 0.9864745
vt 0.1221401 0.9132132
vt 0.09645099 0.9506187
vt 0.1219917 0.9864745
vt 0.01246009 0.7547558
vt 0.01247758 0.8318425
vt 0.24182 0.7547558
vt 0.24182 0.8318423
vt 0.01246009 0.7548109
vt 0.01247758 0.8318977
vt 0.24182 0.7548109
vt 0.24182 0.8318976
vt 0.01131439 0.8326454
vt 0.009567738 0.8385317
vt 0.01449203 0.8456981
vt 0.01447519 0.8321403
vt 0.237864 0.8321403
vt 0.01449203 0.9069543
vt 0.01131439 0.8326454
vt 0.009567738 0.8385317
vt 0.01449203 0.8456981
vt 0.01447519 0.8321403
vt 0.237864 0.8321403
vt 0.01476824 0.8754296
vt 0.01476823 0.8549914
vt 0.2218556 0.8549916
vt 0.01476812 0.8958679
vt 0.2218558 0.895868
vt 0.01721736 0.9102595
vt 0.09042174 0.9102595
vt 0.01721736 0.9881515
vt 0.09040345 0.9881515
vt 0.01715914 0.9881039
vt 0.09040514 0.9881039
vt 0.01715914 0.9103049
vt 0.09044518 0.9103049
vt 0.2381206 0.8963593
vt 0.238121 0.8839427
vt 0.01452273 0.8963704
vt 0.01452178 0.8839541
vt 0.01401329 0.9024886
vt 0.01401329 0.8500636
vt 0.01401329 0.8441774
vt 0.2378783 0.9048894
vt 0.2378783 0.8506031
vt 0.2378783 0.8456981
vt 0.009567738 0.8909568
vt 0.2381205 0.89636
vt 0.2381207 0.8839433
vt 0.01452258 0.8963706
vt 0.01452199 0.8839543
vt 0.01401329 0.8500636
vt 0.01401329 0.8441774
vt 0.2378783 0.8506031
vt 0.2378783 0.8456981
vt 0.1791312 0.8754297
vt 0.1219917 0.9864745
vt 0.1221401 0.9132132
vt 0.09645099 0.9506187
vt 0.1219917 0.9864745
vt 0.01246009 0.7547558
vt 0.24182 0.7547558
vt 0.01247758 0.8318425
vt 0.24182 0.8318423
vt 0.01246009 0.7548109
vt 0.24182 0.7548109
vt 0.01247758 0.8318977
vt 0.24182 0.8318976
vt 0.01131439 0.8326454
vt 0.009567738 0.8385317
vt 0.01449203 0.8456981
vt 0.01447519 0.8321403
vt 0.237864 0.8321403
vt 0.01449203 0.9069543
vt 0.01131439 0.8326454
vt 0.009567738 0.8385317
vt 0.01449203 0.8456981
vt 0.01447519 0.8321403
vt 0.237864 0.8321403
vt 0.01476824 0.8754296
vt 0.01476823 0.8549914
vt 0.2218556 0.8549916
vt 0.01476812 0.8958679
vt 0.2218558 0.895868
vt 0.01721736 0.9102595
vt 0.09042174 0.9102595
vt 0.01721736 0.9881515
vt 0.09040345 0.9881515
vt 0.01715914 0.9881039
vt 0.09040514 0.9881039
vt 0.01715914 0.9103049
vt 0.09044518 0.9103049
vt 0.2381206 0.8963593
vt 0.238121 0.8839427
vt 0.01452273 0.8963704
vt 0.01452178 0.8839541
vt 0.01401329 0.9024886
vt 0.01401329 0.8500636
vt 0.01401329 0.8441774
vt 0.2378783 0.9048894
vt 0.2378783 0.8506031
vt 0.2378783 0.8456981
vt 0.009567738 0.8909568
vt 0.2381205 0.89636
vt 0.2381207 0.8839433
vt 0.01452258 0.8963706
vt 0.01452199 0.8839543
vt 0.01401329 0.8500636
vt 0.01401329 0.8441774
vt 0.2378783 0.8506031
vt 0.2378783 0.8456981
vt 0.1791312 0.8754297
vt 0.1219917 0.9864745
vt 0.1221401 0.9132132
vt 0.09645099 0.9506187
vt 0.1219917 0.9864745
vt 0.01246009 0.7547558
vt 0.24182 0.7547558
vt 0.01247758 0.8318425
vt 0.24182 0.8318423
vt 0.01246009 0.7548109
vt 0.24182 0.7548109
vt 0.01247758 0.8318977
vt 0.24182 0.8318976
vt 0.01131439 0.8326454
vt 0.009567738 0.8385317
vt 0.01449203 0.8456981
vt 0.01447519 0.8321403
vt 0.237864 0.8321403
vt 0.01449203 0.9069543
vt 0.01131439 0.8326454
vt 0.009567738 0.8385317
vt 0.01449203 0.8456981
vt 0.01447519 0.8321403
vt 0.237864 0.8321403
vt 0.01476824 0.8754296
vt 0.01476823 0.8549914
vt 0.2218556 0.8549916
vt 0.01476812 0.8958679
vt 0.2218558 0.895868
vt 0.7203263 0.01014048
vt 0.7203263 0.03238729
vt 0.003751993 0.01014048
vt 0.003751993 0.03238732
vt 0.009026229 0.04637415
vt 0.009065926 0.1146833
vt 0.7101049 0.1146833
vt 0.7101041 0.04637415
vt 0.2494165 0.7493014
vt 0.2494165 0.5079406
vt 0.7100921 0.04637416
vt 0.7100921 0.1146838
vt 0.2494165 0.5079406
vt 0.2494165 0.5079406
vt 0.1719198 0.5079406
vt 0.1719198 0.7493014
vt 0.008711487 0.04637416
vt 0.009275019 0.1146838
vt 0.2494165 0.7493014
vt 0.1719198 0.5079406
vt 0.1719198 0.7493014
vt 0.1719198 0.5079406
vt 0.006025841 0.5123187
vt 0.006025886 0.5052757
vt 0.006025841 0.549188
vt 0.1628368 0.7396524
vt 0.1566148 0.7479355
vt 0.1628368 0.7479355
vt 0.006025439 0.6238466
vt 0.006025439 0.6193664
vt 0.006025365 0.6317285
vt 0.006025365 0.6364436
vt 0.1364034 0.6193922
vt 0.1364038 0.5991885
vt 0.006025551 0.5991835
vt 0.006025551 0.6036528
vt 0.1364042 0.5782092
vt 0.006025648 0.5782083
vt 0.00602567 0.5774654
vt 0.161831 0.7113025
vt 0.1555147 0.7111056
vt 0.154834 0.689426
vt 0.1364048 0.532016
vt 0.006025797 0.5319395
vt 0.006025737 0.5531454
vt 0.006025841 0.5263444
vt 0.006025767 0.5492824
vt 0.136405 0.5263657
vt 0.1364031 0.6317323
vt 0.1364034 0.6238474
vt 0.1364031 0.6364439
vt 0.1364038 0.6036538
vt 0.2797807 0.04637403
vt 0.2797807 0.1146841
vt 0.1327381 0.7490776
vt 0.006025841 0.5123187
vt 0.006025886 0.5052757
vt 0.006025841 0.549188
vt 0.1628368 0.7396524
vt 0.1566148 0.7479355
vt 0.1628368 0.7479355
vt 0.006025439 0.6238466
vt 0.006025439 0.6193664
vt 0.1364034 0.6193922
vt 0.1364038 0.5991885
vt 0.006025551 0.5991835
vt 0.006025551 0.6036528
vt 0.1364042 0.5782092
vt 0.006025648 0.5782083
vt 0.00602567 0.5774654
vt 0.161831 0.7113025
vt 0.1555147 0.7111056
vt 0.154834 0.689426
vt 0.1364048 0.532016
vt 0.006025797 0.5319395
vt 0.006025737 0.5531454
vt 0.006025841 0.5263444
vt 0.006025767 0.5492824
vt 0.136405 0.5263657
vt 0.1364034 0.6238474
vt 0.1364038 0.6036538
vt 0.2797807 0.04637403
vt 0.2797807 0.1146841
vt 0.1327381 0.7490776
vt 0.1593028 0.6542685
vt 0.1593028 0.7490449
vt 0.1526702 0.7490449
vt 0.1526702 0.6542685
vt 0.1652229 0.6542685
vt 0.1652229 0.7490449
vt 0.1467526 0.6542685
vt 0.1467526 0.7490449
vt 0.1593028 0.6542685
vt 0.1526702 0.6542685
vt 0.1467526 0.6542685
vt 0.1652229 0.6542685
vt 0.1526702 0.7490449
vt 0.1593028 0.7490449
vt 0.1652229 0.7490449
vt 0.1467526 0.7490449
vt 0.1526677 0.7490272
vt 0.1593004 0.7490272
vt 0.165217 0.7490272
vt 0.1467484 0.7490272
vt 0.165217 0.6542723
vt 0.1593004 0.6542723
vt 0.1467484 0.6542723
vt 0.1526677 0.6542723
vt 0.1593028 0.6542685
vt 0.1526702 0.6542685
vt 0.1467526 0.6542685
vt 0.1401151 0.6542685
vt 0.1467526 0.7490449
vt 0.1401151 0.7490449
vt 0.1526702 0.7490449
vt 0.1593028 0.7490449
vt 0.1593028 0.6542685
vt 0.1526702 0.6542685
vt 0.1467526 0.6542685
vt 0.1401151 0.6542685
vt 0.1526702 0.7490449
vt 0.1593028 0.7490449
vt 0.1401151 0.7490449
vt 0.1467526 0.7490449
vt 0.1593028 0.6542685
vt 0.1593028 0.7490449
vt 0.1526702 0.6542685
vt 0.1526702 0.7490449
vt 0.1652229 0.6542685
vt 0.1652229 0.7490449
vt 0.1467526 0.6542685
vt 0.1467526 0.7490449
vt 0.1593028 0.6542685
vt 0.1526702 0.6542685
vt 0.1467526 0.6542685
vt 0.1652229 0.6542685
vt 0.1526702 0.7490449
vt 0.1593028 0.7490449
vt 0.1652229 0.7490449
vt 0.1467526 0.7490449
vt 0.1593028 0.6542685
vt 0.1526702 0.6542685
vt 0.1467526 0.6542685
vt 0.1652229 0.6542685
vt 0.1593028 0.7490449
vt 0.1526702 0.7490449
vt 0.1652229 0.7490449
vt 0.1467526 0.7490449
vt 0.1526702 0.7490449
vt 0.1593028 0.7490449
vt 0.1652229 0.7490449
vt 0.1467526 0.7490449
vt 0.1652229 0.6542685
vt 0.1593028 0.6542685
vt 0.1467526 0.6542685
vt 0.1526702 0.6542685
vt 0.1526702 0.7490449
vt 0.1593028 0.7490449
vt 0.1652229 0.7490449
vt 0.1467526 0.7490449
vt 0.1652229 0.6542685
vt 0.1593028 0.6542685
vt 0.1467526 0.6542685
vt 0.1526702 0.6542685
vt 0.1593028 0.6542685
vt 0.1593028 0.7490449
vt 0.1526702 0.7490449
vt 0.1526702 0.6542685
vt 0.1652229 0.6542685
vt 0.1652229 0.7490449
vt 0.1467526 0.6542685
vt 0.1467526 0.7490449
vt 0.1593028 0.6542685
vt 0.1526702 0.6542685
vt 0.1467526 0.6542685
vt 0.1652229 0.6542685
vt 0.1526702 0.7490449
vt 0.1593028 0.7490449
vt 0.1652229 0.7490449
vt 0.1467526 0.7490449
vt 0.1526677 0.7490272
vt 0.1593004 0.7490272
vt 0.165217 0.7490272
vt 0.1467484 0.7490272
vt 0.165217 0.6542723
vt 0.1593004 0.6542723
vt 0.1467484 0.6542723
vt 0.1526677 0.6542723
vt 0.1593028 0.6542685
vt 0.1526702 0.6542685
vt 0.1467526 0.6542685
vt 0.1401151 0.6542685
vt 0.1467526 0.7490449
vt 0.1401151 0.7490449
vt 0.1526702 0.7490449
vt 0.1593028 0.7490449
vt 0.1593028 0.6542685
vt 0.1526702 0.6542685
vt 0.1467526 0.6542685
vt 0.1401151 0.6542685
vt 0.1526702 0.7490449
vt 0.1593028 0.7490449
vt 0.1401151 0.7490449
vt 0.1467526 0.7490449
vt 0.1593028 0.6542685
vt 0.1593028 0.7490449
vt 0.1526702 0.6542685
vt 0.1526702 0.7490449
vt 0.1652229 0.6542685
vt 0.1652229 0.7490449
vt 0.1467526 0.6542685
vt 0.1467526 0.7490449
vt 0.1593028 0.6542685
vt 0.1526702 0.6542685
vt 0.1467526 0.6542685
vt 0.1652229 0.6542685
vt 0.1526702 0.7490449
vt 0.1593028 0.7490449
vt 0.1652229 0.7490449
vt 0.1467526 0.7490449
vt 0.1593028 0.6542685
vt 0.1526702 0.6542685
vt 0.1467526 0.6542685
vt 0.1652229 0.6542685
vt 0.1593028 0.7490449
vt 0.1526702 0.7490449
vt 0.1652229 0.7490449
vt 0.1467526 0.7490449
vt 0.1526702 0.7490449
vt 0.1593028 0.7490449
vt 0.1652229 0.7490449
vt 0.1467526 0.7490449
vt 0.1652229 0.6542685
vt 0.1593028 0.6542685
vt 0.1467526 0.6542685
vt 0.1526702 0.6542685
vt 0.1526702 0.7490449
vt 0.1593028 0.7490449
vt 0.1652229 0.7490449
vt 0.1467526 0.7490449
vt 0.1652229 0.6542685
vt 0.1593028 0.6542685
vt 0.1467526 0.6542685
vt 0.1526702 0.6542685
vt 0.1593028 0.6542685
vt 0.1593028 0.7490449
vt 0.1526702 0.7490449
vt 0.1526702 0.6542685
vt 0.1652229 0.6542685
vt 0.1652229 0.7490449
vt 0.1467526 0.6542685
vt 0.1467526 0.7490449
vt 0.1593028 0.6542685
vt 0.1526702 0.6542685
vt 0.1467526 0.6542685
vt 0.1652229 0.6542685
vt 0.1526702 0.7490449
vt 0.1593028 0.7490449
vt 0.1652229 0.7490449
vt 0.1467526 0.7490449
vt 0.1526677 0.7490272
vt 0.1593004 0.7490272
vt 0.165217 0.7490272
vt 0.1467484 0.7490272
vt 0.165217 0.6542723
vt 0.1593004 0.6542723
vt 0.1467484 0.6542723
vt 0.1526677 0.6542723
vt 0.1593028 0.6542685
vt 0.1526702 0.6542685
vt 0.1467526 0.6542685
vt 0.1401151 0.6542685
vt 0.1467526 0.7490449
vt 0.1401151 0.7490449
vt 0.1526702 0.7490449
vt 0.1593028 0.7490449
vt 0.1593028 0.6542685
vt 0.1526702 0.6542685
vt 0.1467526 0.6542685
vt 0.1401151 0.6542685
vt 0.1526702 0.7490449
vt 0.1593028 0.7490449
vt 0.1401151 0.7490449
vt 0.1467526 0.7490449
vt 0.1593028 0.6542685
vt 0.1593028 0.7490449
vt 0.1526702 0.6542685
vt 0.1526702 0.7490449
vt 0.1652229 0.6542685
vt 0.1652229 0.7490449
vt 0.1467526 0.6542685
vt 0.1467526 0.7490449
vt 0.1593028 0.6542685
vt 0.1526702 0.6542685
vt 0.1467526 0.6542685
vt 0.1652229 0.6542685
vt 0.1526702 0.7490449
vt 0.1593028 0.7490449
vt 0.1652229 0.7490449
vt 0.1467526 0.7490449
vt 0.1593028 0.6542685
vt 0.1526702 0.6542685
vt 0.1467526 0.6542685
vt 0.1652229 0.6542685
vt 0.1593028 0.7490449
vt 0.1526702 0.7490449
vt 0.1652229 0.7490449
vt 0.1467526 0.7490449
vt 0.1526702 0.7490449
vt 0.1593028 0.7490449
vt 0.1652229 0.7490449
vt 0.1467526 0.7490449
vt 0.1652229 0.6542685
vt 0.1593028 0.6542685
vt 0.1467526 0.6542685
vt 0.1526702 0.6542685
vt 0.1526702 0.7490449
vt 0.1593028 0.7490449
vt 0.1652229 0.7490449
vt 0.1467526 0.7490449
vt 0.1652229 0.6542685
vt 0.1593028 0.6542685
vt 0.1467526 0.6542685
vt 0.1526702 0.6542685
vt 0.1593028 0.6542685
vt 0.1593028 0.7490449
vt 0.1526702 0.7490449
vt 0.1526702 0.6542685
vt 0.1652229 0.6542685
vt 0.1652229 0.7490449
vt 0.1467526 0.6542685
vt 0.1467526 0.7490449
vt 0.1593028 0.6542685
vt 0.1526702 0.6542685
vt 0.1467526 0.6542685
vt 0.1652229 0.6542685
vt 0.1526702 0.7490449
vt 0.1593028 0.7490449
vt 0.1652229 0.7490449
vt 0.1467526 0.7490449
vt 0.1526677 0.7490272
vt 0.1593004 0.7490272
vt 0.165217 0.7490272
vt 0.1467484 0.7490272
vt 0.165217 0.6542723
vt 0.1593004 0.6542723
vt 0.1467484 0.6542723
vt 0.1526677 0.6542723
vt 0.1593028 0.6542685
vt 0.1526702 0.6542685
vt 0.1467526 0.6542685
vt 0.1401151 0.6542685
vt 0.1467526 0.7490449
vt 0.1401151 0.7490449
vt 0.1526702 0.7490449
vt 0.1593028 0.7490449
vt 0.1593028 0.6542685
vt 0.1526702 0.6542685
vt 0.1467526 0.6542685
vt 0.1401151 0.6542685
vt 0.1526702 0.7490449
vt 0.1593028 0.7490449
vt 0.1401151 0.7490449
vt 0.1467526 0.7490449
vt 0.1593028 0.6542685
vt 0.1593028 0.7490449
vt 0.1526702 0.6542685
vt 0.1526702 0.7490449
vt 0.1652229 0.6542685
vt 0.1652229 0.7490449
vt 0.1467526 0.6542685
vt 0.1467526 0.7490449
vt 0.1593028 0.6542685
vt 0.1526702 0.6542685
vt 0.1467526 0.6542685
vt 0.1652229 0.6542685
vt 0.1526702 0.7490449
vt 0.1593028 0.7490449
vt 0.1652229 0.7490449
vt 0.1467526 0.7490449
vt 0.1593028 0.6542685
vt 0.1526702 0.6542685
vt 0.1467526 0.6542685
vt 0.1652229 0.6542685
vt 0.1593028 0.7490449
vt 0.1526702 0.7490449
vt 0.1652229 0.7490449
vt 0.1467526 0.7490449
vt 0.1526702 0.7490449
vt 0.1593028 0.7490449
vt 0.1652229 0.7490449
vt 0.1467526 0.7490449
vt 0.1652229 0.6542685
vt 0.1593028 0.6542685
vt 0.1467526 0.6542685
vt 0.1526702 0.6542685
vt 0.1526702 0.7490449
vt 0.1593028 0.7490449
vt 0.1652229 0.7490449
vt 0.1467526 0.7490449
vt 0.1652229 0.6542685
vt 0.1593028 0.6542685
vt 0.1467526 0.6542685
vt 0.1526702 0.6542685
vt 0.1464889 0.7489457
vt 0.1525215 0.7489457
vt 0.1592826 0.7489457
vt 0.1653152 0.7489457
vt 0.1525215 0.654067
vt 0.1592826 0.654067
vt 0.1653152 0.654067
vt 0.1464889 0.654067
vt 0.1592174 0.6543899
vt 0.1527854 0.6543899
vt 0.147046 0.6543899
vt 0.1649568 0.6543899
vt 0.1592174 0.748433
vt 0.1527854 0.748433
vt 0.1649568 0.748433
vt 0.147046 0.748433
vt 0.146234 0.6662574
vt 0.1582164 0.6662652
vt 0.1493324 0.6950703
vt 0.1560268 0.6935304
vt 0.1492452 0.6777728
vt 0.1582157 0.6673536
vt 0.1493621 0.7122954
vt 0.1560409 0.7099457
vt 0.1582096 0.6765699
vt 0.149518 0.7407206
vt 0.1561023 0.7407815
vt 0.1494689 0.7265452
vt 0.1560795 0.7254263
vt 0.1581745 0.7300406
vt 0.1581948 0.6991788
vt 0.149518 0.7407206
vt 0.1494689 0.7265452
vt 0.1493621 0.7122954
vt 0.1581622 0.7486725
vt 0.14618 0.7486647
vt 0.1461847 0.7414983
vt 0.1581669 0.7415062
vt 0.1492452 0.6777728
vt 0.1493324 0.6950703
vt 0.1592174 0.6543899
vt 0.1527854 0.6543899
vt 0.147046 0.6543899
vt 0.1649568 0.6543899
vt 0.1592174 0.748433
vt 0.1527854 0.748433
vt 0.1649568 0.748433
vt 0.147046 0.748433
vt 0.146234 0.6662574
vt 0.1582164 0.6662652
vt 0.1493324 0.6950703
vt 0.1560268 0.6935304
vt 0.1492452 0.6777728
vt 0.1582157 0.6673536
vt 0.1493621 0.7122954
vt 0.1560409 0.7099457
vt 0.1582096 0.6765699
vt 0.149518 0.7407206
vt 0.1561023 0.7407815
vt 0.1494689 0.7265452
vt 0.1560795 0.7254263
vt 0.1581745 0.7300406
vt 0.1581948 0.6991788
vt 0.149518 0.7407206
vt 0.1494689 0.7265452
vt 0.1493621 0.7122954
vt 0.1492452 0.6777728
vt 0.1493324 0.6950703
vt 0.1464889 0.7489457
vt 0.1525215 0.7489457
vt 0.1592826 0.7489457
vt 0.1653152 0.7489457
vt 0.1525215 0.654067
vt 0.1592826 0.654067
vt 0.1653152 0.654067
vt 0.1464889 0.654067
vt 0.1592174 0.6543899
vt 0.1527854 0.6543899
vt 0.147046 0.6543899
vt 0.1649568 0.6543899
vt 0.1592174 0.748433
vt 0.1527854 0.748433
vt 0.1649568 0.748433
vt 0.147046 0.748433
vt 0.146234 0.6662574
vt 0.1582164 0.6662652
vt 0.1493324 0.6950703
vt 0.1560268 0.6935304
vt 0.1492452 0.6777728
vt 0.1582157 0.6673536
vt 0.1493621 0.7122954
vt 0.1560409 0.7099457
vt 0.1582096 0.6765699
vt 0.149518 0.7407206
vt 0.1561023 0.7407815
vt 0.1494689 0.7265452
vt 0.1560795 0.7254263
vt 0.1581745 0.7300406
vt 0.1581948 0.6991788
vt 0.149518 0.7407206
vt 0.1494689 0.7265452
vt 0.1493621 0.7122954
vt 0.1581622 0.7486725
vt 0.14618 0.7486647
vt 0.1461847 0.7414983
vt 0.1581669 0.7415062
vt 0.1492452 0.6777728
vt 0.1493324 0.6950703
vt 0.1592174 0.6543899
vt 0.1527854 0.6543899
vt 0.147046 0.6543899
vt 0.1649568 0.6543899
vt 0.1592174 0.748433
vt 0.1527854 0.748433
vt 0.1649568 0.748433
vt 0.147046 0.748433
vt 0.146234 0.6662574
vt 0.1582164 0.6662652
vt 0.1493324 0.6950703
vt 0.1560268 0.6935304
vt 0.1492452 0.6777728
vt 0.1582157 0.6673536
vt 0.1493621 0.7122954
vt 0.1560409 0.7099457
vt 0.1582096 0.6765699
vt 0.149518 0.7407206
vt 0.1561023 0.7407815
vt 0.1494689 0.7265452
vt 0.1560795 0.7254263
vt 0.1581745 0.7300406
vt 0.1581948 0.6991788
vt 0.149518 0.7407206
vt 0.1494689 0.7265452
vt 0.1493621 0.7122954
vt 0.1492452 0.6777728
vt 0.1493324 0.6950703
vt 0.1464889 0.7489457
vt 0.1525215 0.7489457
vt 0.1592826 0.7489457
vt 0.1653152 0.7489457
vt 0.1525215 0.654067
vt 0.1592826 0.654067
vt 0.1653152 0.654067
vt 0.1464889 0.654067
vt 0.1464889 0.7489457
vt 0.1525215 0.7489457
vt 0.1592826 0.7489457
vt 0.1653152 0.7489457
vt 0.1525215 0.654067
vt 0.1592826 0.654067
vt 0.1653152 0.654067
vt 0.1464889 0.654067
vt 0.1626799 0.6904984
vt 0.1364046 0.5531474
vt 0.1364047 0.549318
vt 0.136405 0.5123222
vt 0.1364052 0.5052801
vt 0.1619669 0.6658381
vt 0.1638213 0.6563901
vt 0.1557617 0.6668782
vt 0.1548029 0.6570004
vt 0.1628919 0.6763918
vt 0.1558278 0.6770023
vt 0.1364043 0.5774723
vt 0.1634532 0.7302827
vt 0.1581593 0.7318092
vt 0.136405 0.5492066
vt 0 0
vt 1 1
vt 1 0
vt 0 1
vt 0.09665845 0.04637403
vt 0.1001829 0.1146841
vt 0.1327381 0.6430441
vt 0.006374039 0.7490775
vt 0.006303437 0.6430441
vt 0.1626799 0.6904984
vt 0.1364046 0.5531474
vt 0.1364047 0.549318
vt 0.136405 0.5123222
vt 0.1364052 0.5052801
vt 0.1619669 0.6658381
vt 0.1557617 0.6668782
vt 0.1628919 0.6763918
vt 0.1558278 0.6770023
vt 0.1364043 0.5774723
vt 0.1634532 0.7302827
vt 0.1581593 0.7318092
vt 0.136405 0.5492066
vt 0 0
vt 1 1
vt 0 1
vt 1 0
vt 0.09665845 0.04637403
vt 0.1001829 0.1146841
vt 0.006374039 0.7490775
vt 0.1327381 0.6430441
vt 0.006303437 0.6430441
vt 0.1401151 0.7490449
vt 0.1401151 0.6542685
vt 0.1401151 0.7490449
vt 0.1401151 0.6542685
vt 0.1401208 0.7490272
vt 0.1401208 0.6542723
vt 0.1652229 0.6542685
vt 0.1652229 0.7490449
vt 0.1652229 0.6542685
vt 0.1652229 0.7490449
vt 0.1401151 0.7490449
vt 0.1401151 0.6542685
vt 0.1401151 0.7490449
vt 0.1401151 0.6542685
vt 0.1401151 0.7490449
vt 0.1401151 0.6542685
vt 0.1401151 0.7490449
vt 0.1401151 0.6542685
vt 0.1401151 0.7490449
vt 0.1401151 0.6542685
vt 0.1401151 0.7490449
vt 0.1401151 0.6542685
vt 0.1401151 0.7490449
vt 0.1401151 0.6542685
vt 0.1401208 0.7490272
vt 0.1401208 0.6542723
vt 0.1652229 0.6542685
vt 0.1652229 0.7490449
vt 0.1652229 0.6542685
vt 0.1652229 0.7490449
vt 0.1401151 0.7490449
vt 0.1401151 0.6542685
vt 0.1401151 0.7490449
vt 0.1401151 0.6542685
vt 0.1401151 0.7490449
vt 0.1401151 0.6542685
vt 0.1401151 0.7490449
vt 0.1401151 0.6542685
vt 0.1401151 0.7490449
vt 0.1401151 0.6542685
vt 0.1401151 0.7490449
vt 0.1401151 0.6542685
vt 0.1401151 0.7490449
vt 0.1401151 0.6542685
vt 0.1401208 0.7490272
vt 0.1401208 0.6542723
vt 0.1652229 0.6542685
vt 0.1652229 0.7490449
vt 0.1652229 0.6542685
vt 0.1652229 0.7490449
vt 0.1401151 0.7490449
vt 0.1401151 0.6542685
vt 0.1401151 0.7490449
vt 0.1401151 0.6542685
vt 0.1401151 0.7490449
vt 0.1401151 0.6542685
vt 0.1401151 0.7490449
vt 0.1401151 0.6542685
vt 0.1401151 0.7490449
vt 0.1401151 0.6542685
vt 0.1401151 0.7490449
vt 0.1401151 0.6542685
vt 0.1401151 0.7490449
vt 0.1401151 0.6542685
vt 0.1401208 0.7490272
vt 0.1401208 0.6542723
vt 0.1652229 0.6542685
vt 0.1652229 0.7490449
vt 0.1652229 0.6542685
vt 0.1652229 0.7490449
vt 0.1401151 0.7490449
vt 0.1401151 0.6542685
vt 0.1401151 0.7490449
vt 0.1401151 0.6542685
vt 0.1401151 0.7490449
vt 0.1401151 0.6542685
vt 0.1401151 0.7490449
vt 0.1401151 0.6542685
vt 0.1401151 0.7490449
vt 0.1401151 0.6542685
vt 0.1397278 0.654067
vt 0.1397278 0.7489457
vt 0.140614 0.748433
vt 0.140614 0.6543899
vt 0.1462283 0.675256
vt 0.1582105 0.6752639
vt 0.1559589 0.6751775
vt 0.1462334 0.6673459
vt 0.1462273 0.6765621
vt 0.1461923 0.7300328
vt 0.1462125 0.6991709
vt 0.1561023 0.7407815
vt 0.1560795 0.7254263
vt 0.1560409 0.7099457
vt 0.1462185 0.6899574
vt 0.1582166 0.6659443
vt 0.1462342 0.6659366
vt 0.1582009 0.6899651
vt 0.1581792 0.7228743
vt 0.146197 0.7228664
vt 0.1561045 0.748988
vt 0.1495219 0.7489269
vt 0.14914 0.6549015
vt 0.1559145 0.6541712
vt 0.1559589 0.6751775
vt 0.14914 0.6549015
vt 0.1559145 0.6541712
vt 0.1462417 0.65462
vt 0.1582241 0.6546279
vt 0.1462354 0.6643623
vt 0.1582177 0.6643701
vt 0.1560268 0.6935304
vt 0.1462404 0.6565861
vt 0.1582227 0.656594
vt 0.1495219 0.7489269
vt 0.1561045 0.748988
vt 0.140614 0.748433
vt 0.140614 0.6543899
vt 0.1462283 0.675256
vt 0.1582105 0.6752639
vt 0.1559589 0.6751775
vt 0.1462334 0.6673459
vt 0.1462273 0.6765621
vt 0.1461923 0.7300328
vt 0.1462125 0.6991709
vt 0.1561023 0.7407815
vt 0.1560795 0.7254263
vt 0.1560409 0.7099457
vt 0.1462185 0.6899574
vt 0.1462342 0.6659366
vt 0.1582166 0.6659443
vt 0.1582009 0.6899651
vt 0.146197 0.7228664
vt 0.1581792 0.7228743
vt 0.14914 0.6549015
vt 0.1559145 0.6541712
vt 0.1559589 0.6751775
vt 0.14914 0.6549015
vt 0.1559145 0.6541712
vt 0.1462417 0.65462
vt 0.1462354 0.6643623
vt 0.1582241 0.6546279
vt 0.1582177 0.6643701
vt 0.1560268 0.6935304
vt 0.1462404 0.6565861
vt 0.1582227 0.656594
vt 0.1397278 0.654067
vt 0.1397278 0.7489457
vt 0.140614 0.748433
vt 0.140614 0.6543899
vt 0.1462283 0.675256
vt 0.1582105 0.6752639
vt 0.1559589 0.6751775
vt 0.1462334 0.6673459
vt 0.1462273 0.6765621
vt 0.1461923 0.7300328
vt 0.1462125 0.6991709
vt 0.1561023 0.7407815
vt 0.1560795 0.7254263
vt 0.1560409 0.7099457
vt 0.1462185 0.6899574
vt 0.1582166 0.6659443
vt 0.1462342 0.6659366
vt 0.1582009 0.6899651
vt 0.1581792 0.7228743
vt 0.146197 0.7228664
vt 0.1561045 0.748988
vt 0.1495219 0.7489269
vt 0.14914 0.6549015
vt 0.1559145 0.6541712
vt 0.1559589 0.6751775
vt 0.14914 0.6549015
vt 0.1559145 0.6541712
vt 0.1462417 0.65462
vt 0.1582241 0.6546279
vt 0.1462354 0.6643623
vt 0.1582177 0.6643701
vt 0.1560268 0.6935304
vt 0.1462404 0.6565861
vt 0.1582227 0.656594
vt 0.1495219 0.7489269
vt 0.1561045 0.748988
vt 0.140614 0.748433
vt 0.140614 0.6543899
vt 0.1462283 0.675256
vt 0.1582105 0.6752639
vt 0.1559589 0.6751775
vt 0.1462334 0.6673459
vt 0.1462273 0.6765621
vt 0.1461923 0.7300328
vt 0.1462125 0.6991709
vt 0.1561023 0.7407815
vt 0.1560795 0.7254263
vt 0.1560409 0.7099457
vt 0.1462185 0.6899574
vt 0.1462342 0.6659366
vt 0.1582166 0.6659443
vt 0.1582009 0.6899651
vt 0.146197 0.7228664
vt 0.1581792 0.7228743
vt 0.14914 0.6549015
vt 0.1559145 0.6541712
vt 0.1559589 0.6751775
vt 0.14914 0.6549015
vt 0.1559145 0.6541712
vt 0.1462417 0.65462
vt 0.1462354 0.6643623
vt 0.1582241 0.6546279
vt 0.1582177 0.6643701
vt 0.1560268 0.6935304
vt 0.1462404 0.6565861
vt 0.1582227 0.656594
vt 0.1397278 0.654067
vt 0.1397278 0.7489457
vt 0.1397278 0.654067
vt 0.1397278 0.7489457
vt 0.006025841 0.5263444
vt 0.136405 0.5263657
vt 0.006025841 0.5263444
vt 0.136405 0.5263657
vt 0.7120858 0.009146309
vt 0.7120858 0.0454577
vt 0.007497646 0.009146303
vt 0.007497646 0.04545773
vt 0.7890818 0.08954562
vt 0.7890673 0.03341856
vt 0.9176921 0.03338557
vt 0.9176921 0.08954515
vt 0.7890915 0.138019
vt 0.7644414 0.1501352
vt 0.7477654 0.1556612
vt 0.7476757 0.1732792
vt 0.7555833 0.1699106
vt 0.7745907 0.1750984
vt 0.7933468 0.1868071
vt 0.8080713 0.2051389
vt 0.8237801 0.2252073
vt 0.8152588 0.2260045
vt 0.8107857 0.2371809
vt 0.8093871 0.2450674
vt 0.8166197 0.2525701
vt 0.8240753 0.2611205
vt 0.8311676 0.2507652
vt 0.8245851 0.2405181
vt 0.828779 0.2342105
vt 0.9736625 0.2342151
vt 0.9736625 0.1380154
vt 0.9736622 0.08954515
vt 0.9736625 0.1732962
vt 0.9176921 0.2342136
vt 0.9176921 0.1732928
vt 0.7890818 0.08954562
vt 0.7890673 0.03341856
vt 0.9176921 0.03338557
vt 0.9176921 0.08954515
vt 0.7890915 0.138019
vt 0.7644414 0.1501352
vt 0.7477654 0.1556612
vt 0.7476757 0.1732792
vt 0.7555833 0.1699106
vt 0.7745907 0.1750984
vt 0.7933468 0.1868071
vt 0.8080713 0.2051389
vt 0.8237801 0.2252073
vt 0.8152588 0.2260045
vt 0.8107857 0.2371809
vt 0.8093871 0.2450674
vt 0.8166197 0.2525701
vt 0.8240753 0.2611205
vt 0.8311676 0.2507652
vt 0.8245851 0.2405181
vt 0.828779 0.2342105
vt 0.9176921 0.2342136
vt 0.9176921 0.1732928
vt 0.7890818 0.08954562
vt 0.7890673 0.03341856
vt 0.7890915 0.138019
vt 0.7476757 0.1732792
vt 0.7555833 0.1699106
vt 0.7477654 0.1556612
vt 0.7644414 0.1501352
vt 0.7745907 0.1750984
vt 0.8166197 0.2525701
vt 0.8245851 0.2405181
vt 0.8311676 0.2507652
vt 0.8240753 0.2611205
vt 0.8107857 0.2371809
vt 0.8093871 0.2450674
vt 0.8152588 0.2260045
vt 0.8237801 0.2252073
vt 0.828779 0.2342105
vt 0.7933468 0.1868071
vt 0.8080713 0.2051389
vt 0.9176921 0.2342136
vt 0.9736625 0.2342151
vt 0.7890818 0.08954562
vt 0.7890673 0.03341856
vt 0.7890915 0.138019
vt 0.7477654 0.1556612
vt 0.7476757 0.1732792
vt 0.7555833 0.1699106
vt 0.7644414 0.1501352
vt 0.7745907 0.1750984
vt 0.8311676 0.2507652
vt 0.8245851 0.2405181
vt 0.8166197 0.2525701
vt 0.8240753 0.2611205
vt 0.8107857 0.2371809
vt 0.8093871 0.2450674
vt 0.8152588 0.2260045
vt 0.8237801 0.2252073
vt 0.828779 0.2342105
vt 0.7933468 0.1868071
vt 0.8080713 0.2051389
vt 0.9176921 0.2342136
vt 0.9754429 0.09900305
vt 0.9185569 0.09900305
vt 0.9185365 0.09900233
vt 0.9185569 0.09900305
vt 0.9754429 0.09900305
vt 0.9754429 0.0894225
vt 0.9185365 0.08907171
vt 0.9754374 0.09900233
vt 0.9754374 0.08907171
vt 0.9185569 0.0894225
vt 0.9754429 0.0894225
vt 0.9754374 0.09900233
vt 0.9185365 0.09900233
vt 0.9754374 0.08907171
vt 0 0
vt 1 0
vt 0 1
vt 1 1
vt 0 1
vt 1 1
vt 0 1
vt 1 1
vt 0 0
vt 1 0
vt 0 0
vt 1 0
vt 0 0
vt 1 1
vt 1 0
vt 0 1
vt 0 0
vt 1 1
vt 1 0
vt 0 1
vt 0 0
vt 1 1
vt 1 0
vt 0 1
vt 0 0
vt 1 0
vt 0 1
vt 1 1
vt 0 1
vt 1 1
vt 0 1
vt 1 1
vt 0 0
vt 1 0
vt 0 0
vt 1 0
vt 0 0
vt 1 1
vt 1 0
vt 0 1
vt 0 0
vt 1 1
vt 1 0
vt 0 1
vt 0 0
vt 1 1
vt 1 0
vt 0 1
vt 0.002707254 0.1181456
vt 0.2225301 0.1181456
vt 0.2225301 0.4979887
vt 0.002707254 0.4979887
vt 0.4128976 0.4979887
vt 0.4128976 0.1181456
vt 0.5760695 0.4979887
vt 0.5760695 0.1181456
vt 0.7254917 0.4979887
vt 0.7254917 0.1181456
vt 0.002707254 0.1181456
vt 0.2225301 0.1181456
vt 0.2225301 0.4979888
vt 0.002707254 0.4979888
vt 0.4128976 0.4979888
vt 0.4128976 0.1181456
vt 0.5760695 0.4979888
vt 0.5760695 0.1181456
vt 0.5045193 0.008981435
vt 0.5045193 0.04383673
vt 0.007497638 0.008981435
vt 0.007497638 0.04383674
vt 0.7120858 0.008981435
vt 0.7120858 0.04383673
vt 0.007497638 0.008981435
vt 0.007497638 0.04383674
vt 0.7117 0.008990858
vt 0.7117 0.04383719
vt 0.01114601 0.008990858
vt 0.01114601 0.04383719
vt 0.2141174 0.009146309
vt 0.2141174 0.0454577
vt 0.007497646 0.009146303
vt 0.007497646 0.04545773
vt 0.2064925 0.008981435
vt 0.2064925 0.04383673
vt 0.007497638 0.008981435
vt 0.007497638 0.04383674
vt 0.7203263 0.01014048
vt 0.7203263 0.04493303
vt 0.003751993 0.01014048
vt 0.003751993 0.04493306
vt 0.431614 0.009146309
vt 0.431614 0.0454577
vt 0.007497646 0.009146303
vt 0.007497646 0.04545773
vt 0.431614 0.009146309
vt 0.007497646 0.04545773
vt 0.007497646 0.009146303
vt 0.431614 0.0454577
vt 0.1255956 0.008962965
vt 0.1539918 0.008962965
vt 0.182388 0.008962965
vt 0.2107843 0.008962965
vt 0.2391805 0.008962965
vt 0.2675767 0.008962965
vt 0.2959729 0.008962965
vt 0.3243691 0.008962965
vt 0.3527653 0.008962965
vt 0.1255956 0.04383383
vt 0.1539918 0.04383383
vt 0.182388 0.04383383
vt 0.2107843 0.04383383
vt 0.2391805 0.04383383
vt 0.2675767 0.04383383
vt 0.2959729 0.04383383
vt 0.3243691 0.04383383
vt 0.3527653 0.04383383
vt 0.1255956 0.008962965
vt 0.1539918 0.008962965
vt 0.182388 0.008962965
vt 0.2107843 0.008962965
vt 0.2391805 0.008962965
vt 0.2675767 0.008962965
vt 0.2959729 0.008962965
vt 0.3243691 0.008962965
vt 0.3527653 0.008962965
vt 0.1255956 0.04383383
vt 0.1539918 0.04383383
vt 0.182388 0.04383383
vt 0.2107843 0.04383383
vt 0.2391805 0.04383383
vt 0.2675767 0.04383383
vt 0.2959729 0.04383383
vt 0.3243691 0.04383383
vt 0.3527653 0.04383383
vt 0.431614 0.01014048
vt 0.431614 0.03238729
vt 0.003751993 0.01014048
vt 0.003751993 0.03238732
vt 0.431614 0.01014048
vt 0.003751993 0.03238732
vt 0.003751993 0.01014048
vt 0.431614 0.03238729
vt 0.1255956 0.008996749
vt 0.1539918 0.008996749
vt 0.182388 0.008996749
vt 0.2107843 0.008996749
vt 0.2391805 0.008996749
vt 0.2675767 0.008996749
vt 0.2959729 0.008996749
vt 0.3243691 0.008996749
vt 0.3527653 0.008996749
vt 0.1255956 0.04383383
vt 0.1539918 0.04383383
vt 0.182388 0.04383383
vt 0.2107843 0.04383383
vt 0.2391805 0.04383383
vt 0.2675767 0.04383383
vt 0.2959729 0.04383383
vt 0.3243691 0.04383383
vt 0.3527653 0.04383383
vt 0.1997149 0.008981435
vt 0.1997149 0.04383673
vt 0.007497638 0.008981435
vt 0.007497638 0.04383674
vt 0.2107286 0.008981435
vt 0.2107286 0.04383673
vt 0.007497638 0.008981435
vt 0.007497638 0.04383674
vt 0.2801999 0.009146309
vt 0.2801999 0.0454577
vt 0.007497646 0.009146303
vt 0.007497646 0.04545773
vt 0.1255956 0.008996749
vt 0.1539918 0.008996749
vt 0.182388 0.008996749
vt 0.2107843 0.008996749
vt 0.2391805 0.008996749
vt 0.2675767 0.008996749
vt 0.2959729 0.008996749
vt 0.3243691 0.008996749
vt 0.3527653 0.008996749
vt 0.1255956 0.04383383
vt 0.1539918 0.04383383
vt 0.182388 0.04383383
vt 0.2107843 0.04383383
vt 0.2391805 0.04383383
vt 0.2675767 0.04383383
vt 0.2959729 0.04383383
vt 0.3243691 0.04383383
vt 0.3527653 0.04383383
vt 0.2801999 0.008981435
vt 0.2801999 0.04383673
vt 0.007497638 0.008981435
vt 0.007497638 0.04383674
vt 1 2.980232E-08
vt 1 3.266726
vt 0.3033448 3.266726
vt 0.3033448 0
vt 0.8814616 3.266726
vt 0.8814616 2.473135E-08
vt 1 3.266726
vt 1 2.980232E-08
vt 0.3033448 3.266726
vt 0.3033448 0
vt 0.8650935 3.266726
vt 0.8650935 2.403114E-08
vn 0 1 0
vn 0 1 0
vn 0 1 0
vn 0 1 0
vn 0.1505293 0.9844226 -0.09084726
vn 0.4461928 0.8949366 0.0007480076
vn 0.5012336 0.570412 0.6506882
vn 0.6240026 0.7508934 0.2162867
vn 0.1886095 0.9757117 0.1114144
vn 0.3015576 0.8647079 0.4016756
vn 0.1932649 0.7430036 0.6407763
vn -0.2552347 0.9268552 0.2753083
vn 0.05558874 -0.1570318 0.9860278
vn -0.4521782 0.8408973 -0.2973662
vn -0.5105967 0.6885702 0.514939
vn 0.1716504 -0.949439 0.262872
vn -0.1536618 -0.9876837 0.02948071
vn -0.3862926 -0.9218721 -0.03049208
vn 0.5805904 0.7827944 -0.2239367
vn 0.1457852 0.54087 -0.8283758
vn 0.9645244 0.1901721 -0.1831046
vn 0.7542419 -0.6541073 0.05712122
vn 0.7247929 -0.4492381 0.5223605
vn 0.4030233 0.3382446 0.8503898
vn 0.02603409 0.2095686 0.9774473
vn 0.4654801 -0.4990254 0.7309597
vn -0.0766428 -0.5565706 0.8272575
vn 0.04030133 -0.9071589 0.4188539
vn -0.1094518 -0.8267486 0.5518216
vn -0.7811103 0.6243322 -0.008715356
vn -0.7897295 0.332808 -0.5153313
vn -0.991623 -0.06823575 0.1096712
vn -0.1755981 -0.6687633 0.722441
vn -0.8592898 -0.5078093 -0.06124279
vn -0.4648704 0.5366886 -0.7041739
vn -0.2523694 -0.1404353 -0.9573858
vn 0.1505293 0.9844226 -0.09084726
vn 0.1886095 0.9757117 0.1114144
vn 0.5805904 0.7827944 -0.2239367
vn -0.7811103 0.6243322 -0.008715356
vn -0.7897295 0.332808 -0.5153313
vn 0.1457852 0.54087 -0.8283758
vn -0.4648704 0.5366886 -0.7041739
vn 0.9530998 -0.036491 -0.3004482
vn 0.9013215 0.2477175 -0.3553247
vn 0.3651197 0.4138615 -0.8339103
vn 0.7306646 0.4564095 -0.5077594
vn 0.8753417 0.01769116 -0.4831811
vn 0.6864129 0.1626287 -0.7087943
vn 0.4639436 0.1104788 -0.8789487
vn 0.6990604 -0.3518156 -0.6225274
vn -0.5072162 0.1690943 -0.8450674
vn 0.8155971 -0.5761658 -0.05324006
vn 0.3494621 -0.5305648 -0.7722548
vn -0.934875 0.3310903 0.1280158
vn -0.3922155 -0.02708135 0.9194747
vn -0.670405 0.05916444 0.7396328
vn -0.9332488 0.02835829 0.3581097
vn -0.3188792 -0.4198792 0.8497162
vn -0.5998521 -0.4177221 0.6824117
vn -0.8997545 -0.192533 0.3916287
vn 0.9237953 0.3683017 -0.104672
vn 0.8334253 -0.04023384 0.5511656
vn 0.4635261 0.8805408 0.09895189
vn -0.2772229 0.3693794 0.8869647
vn -0.5139893 0.8307103 0.2138583
vn -0.05158387 0.283436 0.9576028
vn -0.3989621 0.110316 0.9103075
vn -0.5014581 0.8008754 -0.3273199
vn 0.05648932 0.3822591 -0.922327
vn -0.1776894 0.08328464 -0.9805561
vn -0.6592627 0.5699434 -0.4904459
vn -0.8331257 0.1029925 -0.5434099
vn -0.9743976 0.2225384 -0.032032
vn -0.9785338 0.09138797 -0.1847157
vn 0.4623239 -0.8505602 -0.2506071
vn 0.3777534 -0.8478197 0.3721614
vn -0.3183336 -0.9448246 -0.07726727
vn -0.9146075 0.02461914 -0.4035927
vn -0.6348477 -0.7214329 0.276592
vn 0.68426 -0.5733619 0.4506046
vn 0.1915818 -0.2906162 0.937464
vn 0.9530998 -0.036491 -0.3004482
vn 0.8753417 0.01769116 -0.4831811
vn -0.3922155 -0.02708135 0.9194747
vn -0.670405 0.05916444 0.7396328
vn 0.9237953 0.3683017 -0.104672
vn 0.8334253 -0.04023384 0.5511656
vn 0.4623239 -0.8505602 -0.2506071
vn 0.3777534 -0.8478197 0.3721614
vn 0.8334253 -0.04023384 0.5511656
vn 0.68426 -0.5733619 0.4506046
vn 0.8334253 -0.04023384 0.5511656
vn -0.05158387 0.283436 0.9576028
vn -0.7662275 0.3596168 0.5325139
vn -0.6035441 0.6334979 0.4841642
vn 0.07513297 0.6597143 0.7477514
vn -0.3323705 0.7892128 0.516404
vn -0.6203434 0.4087286 0.6694139
vn -0.3314951 0.5139267 0.7911956
vn -0.0956851 0.3980684 0.9123519
vn -0.528885 -0.02236964 0.8483987
vn 0.7796816 0.08741327 0.6200448
vn -0.8713843 -0.2727538 0.4077925
vn -0.2248064 -0.3071935 0.9247131
vn 0.8942254 -0.02661524 -0.4468251
vn 0.7273273 -0.367646 -0.5795097
vn 0.6107718 -0.5833246 -0.5354348
vn -0.6546247 0.7235852 0.2188401
vn -0.9324226 0.2049305 -0.2976434
vn -0.1451261 0.9675624 -0.2067888
vn 0.6104179 0.5914603 -0.5268441
vn 0.7664232 0.6407827 -0.04464518
vn 0.3671201 0.5262911 0.7669684
vn 0.5008068 0.1398422 0.8541878
vn 0.9107227 0.392005 0.1300628
vn 0.9515957 -0.1412797 0.2729576
vn 0.9512364 -0.1340841 -0.2777962
vn 0.9626344 -0.2525401 -0.09776706
vn -0.5595003 -0.6208691 0.5490729
vn -0.683985 -0.7294025 -0.01168055
vn 0.003215193 -0.9718093 0.2357462
vn 0.9522199 -0.2697892 0.1431471
vn 0.2285105 -0.9530258 -0.1988084
vn -0.9204834 -0.3811546 -0.08620646
vn -0.565676 -0.3431078 -0.7498584
vn -0.7662275 0.3596168 0.5325139
vn -0.6203434 0.4087286 0.6694139
vn -0.6546247 0.7235852 0.2188401
vn -0.5595003 -0.6208691 0.5490729
vn -0.683985 -0.7294025 -0.01168055
vn -0.9324226 0.2049305 -0.2976434
vn -0.9204834 -0.3811546 -0.08620646
vn 0.1261185 0.9693431 -0.2108744
vn 0.4265059 0.8652926 -0.2633657
vn 0.7695106 0.5620056 0.3033201
vn 0.6794906 0.7185933 -0.1480415
vn 0.2547272 0.9657198 -0.04999423
vn 0.487021 0.8586906 0.1595651
vn 0.4998681 0.752694 0.4284667
vn -0.06084246 0.9502258 0.3055638
vn 0.5081564 -0.123956 0.8522981
vn -0.5075867 0.855616 -0.1013765
vn -0.1816251 0.7369917 0.6510419
vn 0.2401527 -0.9479262 0.2091954
vn -0.157937 -0.9746495 0.1584748
vn -0.3887506 -0.8969241 0.2107134
vn 0.4348259 0.736966 -0.5175014
vn -0.2422241 0.500224 -0.8313264
vn 0.7704765 0.1237902 -0.6253335
vn 0.6673259 -0.6966339 -0.2633958
vn 0.8683311 -0.4734546 0.1477904
vn 0.7685847 0.3437677 0.5395381
vn 0.4916014 0.243207 0.8361689
vn 0.7363914 -0.4995659 0.4562473
vn 0.3020358 -0.5201687 0.7988735
vn 0.1995424 -0.8919845 0.4056435
vn 0.1332717 -0.7977228 0.5881132
vn -0.6692711 0.6703555 0.3204682
vn -0.9265265 0.3615646 -0.1040176
vn -0.8244799 -0.003189989 0.5658823
vn 0.1612817 -0.6298376 0.7597979
vn -0.8047076 -0.4560165 0.3801247
vn -0.721833 0.5380757 -0.4352376
vn -0.6790043 -0.1596257 -0.7165702
vn 0.1261185 0.9693431 -0.2108744
vn 0.2547272 0.9657198 -0.04999423
vn 0.4348259 0.736966 -0.5175014
vn -0.6692711 0.6703555 0.3204682
vn -0.9265265 0.3615646 -0.1040176
vn -0.2422241 0.500224 -0.8313264
vn -0.721833 0.5380757 -0.4352376
vn -0.1321651 0.4825169 0.8658579
vn -0.04107803 0.7306113 0.681557
vn 0.6205128 0.6861132 0.3797532
vn 0.1776196 0.8525686 0.4915059
vn 0.06974881 0.5205352 0.8509866
vn 0.3626598 0.5952811 0.7170205
vn 0.6078802 0.4577105 0.648832
vn 0.2414615 0.09213544 0.9660267
vn 0.9906746 0.02350352 -0.1342069
vn -0.3245985 -0.1376327 0.9357848
vn 0.4938644 -0.2238986 0.8402188
vn 0.2982742 -0.1639527 -0.9402936
vn 0.07102607 -0.4882274 -0.8698215
vn 0.01162615 -0.6847138 -0.7287194
vn -0.2628989 0.8113106 0.5221679
vn -0.8512374 0.3034206 0.4281716
vn -0.2036084 0.9649289 -0.1656982
vn 0.07300806 0.4793985 -0.8745553
vn 0.5300401 0.5358098 -0.6572407
vn 0.8306492 0.518339 0.2033386
vn 0.9678442 0.1236835 0.2190432
vn 0.7439561 0.2811085 -0.6062238
vn 0.8498115 -0.2441779 -0.4671163
vn 0.4542055 -0.2680394 -0.8496189
vn 0.5858679 -0.3766547 -0.7175584
vn -0.02309093 -0.5136753 0.8576739
vn -0.5174825 -0.6371219 0.5712159
vn 0.1257322 -0.949664 0.2869316
vn 0.7509144 -0.3788552 -0.5409218
vn -0.02924639 -0.9838678 -0.1764908
vn -0.7187084 -0.2666633 0.642144
vn -0.9474993 -0.3109776 -0.07441767
vn -0.1321651 0.4825169 0.8658579
vn 0.06974881 0.5205352 0.8509866
vn -0.2628989 0.8113106 0.5221679
vn -0.02309093 -0.5136753 0.8576739
vn -0.5174825 -0.6371219 0.5712159
vn -0.8512374 0.3034206 0.4281716
vn -0.7187084 -0.2666633 0.642144
vn 0.3762469 0.03102677 -0.9259998
vn 0.2242625 0.2826687 -0.9326333
vn -0.5049456 0.2473769 -0.826943
vn -0.05159689 0.4208252 -0.9056732
vn 0.1786409 0.02720493 -0.9835382
vn -0.1444651 0.08376408 -0.9859582
vn -0.3921487 -0.04008231 -0.9190282
vn 0.07107572 -0.3867391 -0.9194461
vn -0.9819443 -0.1173464 -0.1483751
vn 0.6248278 -0.4464467 -0.6405275
vn -0.2043938 -0.6455712 -0.7358403
vn -0.5745507 0.2122095 0.7904801
vn 0.4427848 0.140377 0.885571
vn 0.1148372 0.1387585 0.9836455
vn -0.3192924 -0.021908 0.947403
vn 0.5467549 -0.2425568 0.8013896
vn 0.2498996 -0.3221696 0.913103
vn -0.2120474 -0.2206933 0.9520139
vn 0.3888012 0.4625305 -0.7968056
vn 0.9304391 0.2170524 -0.2952481
vn 0.1115013 0.9360915 -0.3336168
vn 0.3785314 0.5294367 0.7592171
vn -0.3921598 0.773608 0.4977362
vn 0.593635 0.4971231 0.6328239
vn 0.3933548 0.2689203 0.879178
vn -0.7744338 0.615234 0.147443
vn -0.7513049 0.1505371 -0.6425571
vn -0.8546057 -0.1844941 -0.485398
vn -0.9269761 0.3310899 0.1763371
vn -0.9421427 -0.1549405 0.2972552
vn -0.6862724 0.06342963 0.7245736
vn -0.7644365 -0.1000668 0.6368858
vn 0.3388456 -0.8091179 -0.4801165
vn 0.7443939 -0.6673986 -0.02137208
vn 0.01193407 -0.9712771 0.2376522
vn -0.8674465 -0.2079885 0.4519705
vn 0.01477653 -0.7171977 0.6967131
vn 0.9140076 -0.3404081 -0.2207089
vn 0.8895794 -0.02277706 0.4562124
vn 0.3762469 0.03102677 -0.9259998
vn 0.1786409 0.02720493 -0.9835382
vn 0.4427848 0.140377 0.885571
vn 0.1148372 0.1387585 0.9836455
vn 0.3888012 0.4625305 -0.7968056
vn 0.9304391 0.2170524 -0.2952481
vn 0.3388456 -0.8091179 -0.4801165
vn 0.7443939 -0.6673986 -0.02137208
vn 0.9304391 0.2170524 -0.2952481
vn 0.9140076 -0.3404081 -0.2207089
vn 0.9304391 0.2170524 -0.2952481
vn 0.593635 0.4971231 0.6328239
vn 0.4243028 -0.9054245 0.01317621
vn 0.2515869 -0.932972 -0.2574245
vn -0.4704137 -0.8614548 -0.191329
vn -0.03175875 -0.9190493 -0.3928612
vn 0.2303719 -0.9726137 0.03084507
vn -0.09603406 -0.9952348 -0.01688517
vn -0.3381826 -0.9322794 0.1284046
vn 0.1473664 -0.8615367 0.4858371
vn -0.9639024 -0.1885453 0.1879969
vn 0.6717027 -0.5468785 0.4997394
vn -0.1112864 -0.6533464 0.748835
vn -0.6281517 0.7319063 -0.2640808
vn 0.3830838 0.8918843 -0.2403939
vn 0.0504379 0.9718979 -0.229936
vn -0.3692795 0.9289094 -0.02757057
vn 0.5127032 0.8382021 0.1858835
vn 0.218898 0.9352296 0.2782613
vn -0.2460846 0.9508801 0.1878019
vn 0.3877303 -0.7951722 -0.4662257
vn 0.9272205 -0.2647524 -0.2648932
vn 0.05503173 -0.3731798 -0.9261255
vn 0.2894644 0.7069559 -0.6453092
vn -0.4407095 0.3731068 -0.8164352
vn 0.5102217 0.6016171 -0.6145981
vn 0.3232007 0.8669267 -0.3794462
vn -0.7800053 0.04573641 -0.6240993
vn -0.7203005 -0.6882436 -0.08653373
vn -0.8125863 -0.5108202 0.2806534
vn -0.9388407 0.09373555 -0.3313485
vn -0.9452032 0.2607919 0.1964143
vn -0.7288479 0.6787742 -0.08970245
vn -0.7908398 0.6033363 0.102751
vn 0.3906902 -0.354368 0.8495791
vn 0.7421146 0.07520722 0.6660404
vn 0.06258024 0.2932627 0.9539815
vn -0.8736193 0.4228987 0.2407201
vn 0.0271453 0.7117651 0.7018929
vn 0.9286029 -0.1366981 0.3449788
vn 0.8632509 0.502414 -0.04876553
vn 0.4243028 -0.9054245 0.01317621
vn 0.2303719 -0.9726137 0.03084507
vn 0.3830838 0.8918843 -0.2403939
vn 0.0504379 0.9718979 -0.229936
vn 0.3877303 -0.7951722 -0.4662257
vn 0.9272205 -0.2647524 -0.2648932
vn 0.3906902 -0.354368 0.8495791
vn 0.7421146 0.07520722 0.6660404
vn 0.9272205 -0.2647524 -0.2648932
vn 0.9286029 -0.1366981 0.3449788
vn 0.9272205 -0.2647524 -0.2648932
vn 0.5102217 0.6016171 -0.6145981
vn 0.2060484 0.9776561 -0.04162361
vn 0.4766517 0.873513 0.09888438
vn 0.401473 0.5380127 0.7411895
vn 0.6070408 0.7185782 0.3393331
vn 0.2071806 0.964467 0.1639501
vn 0.2619302 0.8444836 0.4671617
vn 0.1077971 0.7246198 0.6806658
vn -0.2603925 0.9337276 0.2456594
vn -0.1272224 -0.1727886 0.9767081
vn -0.3559324 0.864649 -0.354534
vn -0.564177 0.7041309 0.4311658
vn 0.08163379 -0.959776 0.2686375
vn -0.1983639 -0.9799367 -0.01938499
vn -0.4136218 -0.902752 -0.118135
vn 0.643933 0.7584074 -0.1008391
vn 0.3135383 0.5448438 -0.777714
vn 0.988919 0.1483552 -0.005473425
vn 0.7035493 -0.6886151 0.1755781
vn 0.6006581 -0.4889528 0.6325622
vn 0.2595499 0.3078859 0.9153361
vn -0.1391471 0.1948622 0.9709103
vn 0.3065279 -0.529664 0.7908835
vn -0.2460295 -0.5636718 0.7885072
vn -0.07341804 -0.9136589 0.3997966
vn -0.2408517 -0.8283011 0.5058732
vn -0.7398335 0.6594445 -0.1333392
vn -0.6707076 0.3755279 -0.6396329
vn -0.997323 -0.02432133 -0.06895944
vn -0.3294729 -0.6697899 0.6654541
vn -0.8555654 -0.467122 -0.2231702
vn -0.3090841 0.5668927 -0.7636096
vn -0.08399967 -0.1157345 -0.989722
vn 0.2060484 0.9776561 -0.04162361
vn 0.2071806 0.964467 0.1639501
vn 0.643933 0.7584074 -0.1008391
vn -0.7398335 0.6594445 -0.1333392
vn -0.6707076 0.3755279 -0.6396329
vn 0.3135383 0.5448438 -0.777714
vn -0.3090841 0.5668927 -0.7636096
vn -0.9866233 -0.1361071 0.08971807
vn -0.9833149 0.04615281 -0.17596
vn -0.6939064 0.7115319 -0.1105273
vn -0.8964082 0.3170112 -0.3097682
vn -0.9910316 0.068306 0.1148502
vn -0.9187967 0.3881116 0.07198707
vn -0.7745965 0.5954658 0.2131215
vn -0.8233158 0.09889464 0.5589016
vn 0.1245335 0.9693383 0.2118365
vn -0.679906 -0.4954379 0.5406193
vn -0.5264612 0.2747833 0.8045699
vn 0.8620893 0.3907979 -0.3226129
vn 0.7135836 -0.6224622 -0.3214641
vn 0.8900259 -0.3292113 -0.3153948
vn 0.9913087 0.0771165 -0.1065839
vn 0.6587027 -0.744783 0.1068129
vn 0.8464125 -0.4964575 0.1926549
vn 0.9929882 -0.05434211 0.1049837
vn -0.910153 -0.1175676 -0.3972399
vn -0.5507988 -0.7969301 -0.2480389
vn -0.4471286 0.09017072 -0.8899131
vn 0.532604 -0.4642799 -0.7076561
vn 0.4196471 0.3375472 -0.8425902
vn 0.3689334 -0.6446515 -0.6695614
vn 0.6963777 -0.55314 -0.4572683
vn 0.2256938 0.752035 -0.6192785
vn -0.4458923 0.8948761 -0.01941476
vn -0.2195216 0.9176017 0.3313871
vn 0.3428343 0.8792899 -0.3306266
vn 0.546802 0.817612 0.1803284
vn 0.8559932 0.4967018 -0.1433987
vn 0.8185934 0.5716883 0.0554745
vn -0.3841521 -0.2965273 0.8743562
vn -0.0959431 -0.7532763 0.6506686
vn 0.33825 -0.1795853 0.9237619
vn 0.6831275 0.6995941 0.2095352
vn 0.7260527 -0.2615668 0.6359484
vn -0.3794978 -0.8572148 0.3480866
vn 0.215375 -0.9713888 -0.100088
vn -0.9866233 -0.1361071 0.08971807
vn -0.9910316 0.068306 0.1148502
vn 0.7135836 -0.6224622 -0.3214641
vn 0.8900259 -0.3292113 -0.3153948
vn -0.910153 -0.1175676 -0.3972399
vn -0.5507988 -0.7969301 -0.2480389
vn -0.3841521 -0.2965273 0.8743562
vn -0.0959431 -0.7532763 0.6506686
vn -0.5507988 -0.7969301 -0.2480389
vn -0.3794978 -0.8572148 0.3480866
vn -0.5507988 -0.7969301 -0.2480389
vn 0.3689334 -0.6446515 -0.6695614
vn 0.9592646 -0.191025 0.2081365
vn 0.8820212 -0.02106091 0.470739
vn 0.6560782 0.6627945 0.3609224
vn 0.7698882 0.2482255 0.5879254
vn 0.9800744 0.01367763 0.1981593
vn 0.9120754 0.3349907 0.2364313
vn 0.8276119 0.5567959 0.07097187
vn 0.9590988 0.07428993 -0.2731495
vn -0.01091247 0.9836378 -0.1798265
vn 0.7914184 -0.5105585 -0.3361353
vn 0.760486 0.2786144 -0.5865451
vn -0.9017747 0.4270031 0.06686406
vn -0.8042496 -0.592271 0.04896639
vn -0.9573129 -0.2889627 0.007247394
vn -0.9714804 0.1317228 -0.1971677
vn -0.6252165 -0.6982366 -0.3486689
vn -0.766312 -0.4354518 -0.4723852
vn -0.9134749 0.01027642 -0.4067653
vn 0.7371053 -0.1898943 0.6485492
vn 0.4122454 -0.8389909 0.3551734
vn 0.1540881 0.02289458 0.9877918
vn -0.7446268 -0.4628356 0.4809515
vn -0.6441759 0.3238439 0.6929376
vn -0.5851726 -0.6508244 0.4837361
vn -0.8268115 -0.5303032 0.1875137
vn -0.3729847 0.7355608 0.5655376
vn 0.4564916 0.8646467 0.2097654
vn 0.35066 0.9167421 -0.1913677
vn -0.3896777 0.8825168 0.2632781
vn -0.4284501 0.8563209 -0.288349
vn -0.8360745 0.5403211 -0.09504034
vn -0.7359028 0.6218126 -0.2679479
vn 0.6220326 -0.2793728 -0.731455
vn 0.2593325 -0.7275785 -0.6351191
vn -0.04406291 -0.1170794 -0.9921446
vn -0.5540872 0.7481542 -0.365038
vn -0.5049375 -0.1884784 -0.8423266
vn 0.4308612 -0.8619223 -0.2672986
vn -0.2776605 -0.9601974 -0.03042546
vn 0.9592646 -0.191025 0.2081365
vn 0.9800744 0.01367763 0.1981593
vn -0.8042496 -0.592271 0.04896639
vn -0.9573129 -0.2889627 0.007247394
vn 0.7371053 -0.1898943 0.6485492
vn 0.4122454 -0.8389909 0.3551734
vn 0.6220326 -0.2793728 -0.731455
vn 0.2593325 -0.7275785 -0.6351191
vn 0.4122454 -0.8389909 0.3551734
vn 0.4308612 -0.8619223 -0.2672986
vn 0.4122454 -0.8389909 0.3551734
vn -0.5851726 -0.6508244 0.4837361
vn 0.04875531 0.9986871 0.01571936
vn 0.3249137 0.9308453 0.1672068
vn 0.271325 0.5529774 0.7877809
vn 0.4658227 0.78539 0.4076419
vn 0.04136008 0.9745842 0.2201702
vn 0.09886928 0.8482549 0.5202774
vn -0.04491139 0.6941159 0.7184609
vn -0.4188512 0.866264 0.2723058
vn -0.1482179 -0.2439551 0.9583932
vn -0.4709575 0.8160471 -0.3350615
vn -0.6911375 0.5819269 0.4285907
vn 0.2202346 -0.9482689 0.2286544
vn -0.03766271 -0.996381 -0.07620023
vn -0.2571065 -0.9487082 -0.1839812
vn 0.5185582 0.8546082 -0.02724517
vn 0.2620359 0.6291981 -0.7317424
vn 0.9513603 0.3020962 0.06042814
vn 0.7946877 -0.5779913 0.1854658
vn 0.6376862 -0.4223638 0.6441779
vn 0.1592654 0.2941944 0.9423822
vn -0.2185283 0.1170037 0.9687908
vn 0.3460837 -0.517444 0.7826096
vn -0.1930328 -0.6377392 0.7456723
vn 0.05323229 -0.9343728 0.3522978
vn -0.1309612 -0.8823556 0.4519933
vn -0.8279676 0.5412054 -0.1468546
vn -0.6882145 0.2998951 -0.6606237
vn -0.9756542 -0.1770336 -0.1294528
vn -0.2519407 -0.7487474 0.6131095
vn -0.7570626 -0.5828991 -0.2951015
vn -0.3559726 0.5522548 -0.7538555
vn -0.01313361 -0.0730403 -0.9972426
vn 0.04875531 0.9986871 0.01571936
vn 0.04136008 0.9745842 0.2201702
vn 0.5185582 0.8546082 -0.02724517
vn -0.8279676 0.5412054 -0.1468546
vn -0.6882145 0.2998951 -0.6606237
vn 0.2620359 0.6291981 -0.7317424
vn -0.3559726 0.5522548 -0.7538555
vn 0.03661311 0.9886963 0.1453929
vn 0.04247354 0.8908433 0.452321
vn -0.5306963 0.5039047 0.6814994
vn -0.09844056 0.7263988 0.680187
vn -0.1444845 0.9601289 0.2393255
vn -0.3783492 0.8211524 0.4272711
vn -0.6258208 0.676402 0.3883667
vn -0.4232964 0.8950298 -0.1405057
vn -0.9092797 -0.2533728 0.3301707
vn 0.07438259 0.8657641 -0.4948937
vn -0.7023855 0.6341034 -0.3233692
vn -0.1116106 -0.9705898 0.2133041
vn 0.02130375 -0.9858979 -0.1659867
vn 0.005596224 -0.9146724 -0.4041573
vn 0.3058046 0.8014843 0.513913
vn 0.7803652 0.6199621 -0.08171399
vn 0.4329546 0.2080106 0.8770872
vn 0.223546 -0.6559865 0.7209083
vn -0.2478264 -0.4979732 0.8310264
vn -0.7272658 0.2531181 0.6379779
vn -0.9442504 0.1122671 0.3094954
vn -0.5162957 -0.5682647 0.6407137
vn -0.7580016 -0.6354243 0.1472061
vn -0.3019584 -0.9439817 0.1331153
vn -0.4792457 -0.8771755 0.02977921
vn -0.2745774 0.6215671 -0.7336631
vn 0.2335328 0.3813683 -0.8944387
vn -0.3822452 -0.07945296 -0.9206389
vn -0.6758118 -0.7368185 0.01941748
vn -0.1397929 -0.4999495 -0.8546979
vn 0.4873701 0.6031061 -0.6314535
vn 0.853729 -0.04561654 -0.5187156
vn 0.03661311 0.9886963 0.1453929
vn -0.1444845 0.9601289 0.2393255
vn 0.3058046 0.8014843 0.513913
vn -0.2745774 0.6215671 -0.7336631
vn 0.2335328 0.3813683 -0.8944387
vn 0.7803652 0.6199621 -0.08171399
vn 0.4873701 0.6031061 -0.6314535
vn 0.1171923 -0.9137192 0.3890799
vn 0.3874767 -0.8965698 0.2145328
vn 0.3057652 -0.8078032 -0.5039461
vn 0.5171717 -0.8531352 -0.06851191
vn 0.1074044 -0.9753502 0.1927598
vn 0.154991 -0.9787266 -0.1344326
vn 0.0002302947 -0.9276353 -0.3734874
vn -0.3593505 -0.9260134 0.1156131
vn -0.168163 -0.1764809 -0.9698328
vn -0.4125422 -0.6364232 0.6517473
vn -0.6511025 -0.7470786 -0.1339373
vn 0.1537223 0.7848585 -0.6003056
vn 0.1166914 0.9016507 0.4164243
vn 0.09226374 0.9919134 0.08715124
vn -0.1057444 0.9368937 -0.3332392
vn -0.2967562 0.7839621 0.5452881
vn -0.4043371 0.8781235 0.255755
vn -0.3209954 0.9238283 -0.2085744
vn 0.5761423 -0.7361338 0.3552004
vn 0.3073414 -0.2598752 0.9154267
vn 0.9696373 -0.2416533 0.03751449
vn 0.5426513 0.7789004 0.3143941
vn 0.7524119 0.5001054 -0.4286852
vn 0.5288838 0.6620408 0.5310217
vn 0.2573417 0.8986854 0.3551616
vn 0.6047816 0.1620774 -0.7797245
vn 0.1756222 -0.6416599 -0.746612
vn -0.213547 -0.5140346 -0.8307624
vn 0.3068272 0.1745801 -0.9356169
vn -0.23914 0.2662228 -0.933776
vn -0.0123859 0.7116761 -0.7023985
vn -0.1929372 0.612432 -0.7666175
vn -0.7882827 -0.4843163 0.3795367
vn -0.6635432 -0.04685333 0.7466695
vn -0.9850271 0.1542405 0.07701691
vn -0.3050455 0.4177107 -0.8558418
vn -0.7942254 0.6049507 0.05692604
vn -0.3144071 -0.2186103 0.9237736
vn -0.01444074 0.4713397 0.8818336
vn 0.1171923 -0.9137192 0.3890799
vn 0.1074044 -0.9753502 0.1927598
vn 0.1166914 0.9016507 0.4164243
vn 0.09226374 0.9919134 0.08715124
vn 0.5761423 -0.7361338 0.3552004
vn 0.3073414 -0.2598752 0.9154267
vn -0.7882827 -0.4843163 0.3795367
vn -0.6635432 -0.04685333 0.7466695
vn 0.3073414 -0.2598752 0.9154267
vn -0.3144071 -0.2186103 0.9237736
vn 0.3073414 -0.2598752 0.9154267
vn 0.5288838 0.6620408 0.5310217
vn 0.9254558 0.07051309 0.3722359
vn 0.9144425 0.3299833 0.23432
vn 0.8046085 0.3278033 -0.4951264
vn 0.8761052 0.4809651 -0.03334995
vn 0.9813171 0.08124225 0.1744032
vn 0.9771349 0.155412 -0.1451021
vn 0.9160857 0.04120021 -0.3988605
vn 0.9431069 -0.3294929 0.04454045
vn 0.1466846 -0.05362044 -0.987729
vn 0.6736848 -0.4373678 0.5956998
vn 0.7740922 -0.5842647 -0.2437543
vn -0.8077365 0.1914865 -0.5575793
vn -0.8887135 0.05813877 0.4547617
vn -0.9894643 0.06807666 0.1277735
vn -0.946883 -0.06593029 -0.3147474
vn -0.7790397 -0.3236254 0.5369952
vn -0.8880812 -0.3939854 0.2368277
vn -0.937672 -0.2701583 -0.2185996
vn 0.7687912 0.4913795 0.4092754
vn 0.2890876 0.1846023 0.9393351
vn 0.2734851 0.9482929 0.1610794
vn -0.7883337 0.4575142 0.4113523
vn -0.5501993 0.7599097 -0.3461475
vn -0.6581624 0.4217734 0.6236422
vn -0.891084 0.1893347 0.4124582
vn -0.1939109 0.6457562 -0.7385103
vn 0.6246217 0.2327975 -0.7454214
vn 0.4884864 -0.1055891 -0.8661594
vn -0.2057886 0.3690972 -0.9063214
vn -0.2952072 -0.1222055 -0.9475856
vn -0.7333829 0.05363121 -0.6776971
vn -0.6360381 -0.09930649 -0.765241
vn 0.5344238 -0.7935225 0.2910554
vn 0.07120241 -0.7042814 0.7063413
vn -0.1743278 -0.9838624 -0.04030626
vn -0.4454875 -0.1891956 -0.8750691
vn -0.6487905 -0.7606797 -0.02091214
vn 0.2505493 -0.3747903 0.8926127
vn -0.4456619 -0.1009489 0.8894913
vn 0.9254558 0.07051309 0.3722359
vn 0.9813171 0.08124225 0.1744032
vn -0.8887135 0.05813877 0.4547617
vn -0.9894643 0.06807666 0.1277735
vn 0.7687912 0.4913795 0.4092754
vn 0.2890876 0.1846023 0.9393351
vn 0.5344238 -0.7935225 0.2910554
vn 0.07120241 -0.7042814 0.7063413
vn 0.2890876 0.1846023 0.9393351
vn 0.2505493 -0.3747903 0.8926127
vn 0.2890876 0.1846023 0.9393351
vn -0.6581624 0.4217734 0.6236422
vn -0.9786641 -0.2054667 0
vn -0.9786641 -0.2054667 0
vn -0.9786641 -0.2054667 0
vn -0.9786641 -0.2054667 0
vn 0 -0.2054661 0.9786643
vn 0 -0.2054661 0.9786643
vn 0 -0.2054661 0.9786643
vn 0 -0.2054661 0.9786643
vn 0 1 0
vn 0 1 0
vn 0 1 0
vn 0 1 0
vn 0.4472136 0 0.8944272
vn 0 0 1
vn 1 0 0
vn 0 1 0
vn 0 1 0
vn 0 1 0
vn 0 1 0
vn -0.4472136 0 0.8944272
vn 0 0 1
vn -1 0 0
vn 0 0 1
vn 0.8944272 0 0.4472136
vn 0.4472136 0 0.8944272
vn 0.8944272 0 0.4472136
vn 1 0 0
vn 0 0 1
vn -0.8944272 0 0.4472136
vn -0.4472136 0 0.8944272
vn -0.8944272 0 0.4472136
vn -1 0 0
vn 0 0.0022448 0.9999975
vn 0 0.0022448 0.9999975
vn 0 0.0022448 0.9999975
vn 0 0.0022448 0.9999975
vn 0.978664 -0.2054671 0
vn 0.978664 -0.2054671 0
vn 0.978664 -0.2054671 0
vn 0.978664 -0.2054671 0
vn 0 -0.2054662 0.9786642
vn 0 -0.2054662 0.9786642
vn 0 -0.2054662 0.9786642
vn 0 -0.2054662 0.9786642
vn 0 0 1
vn 0 0 1
vn 0 0 1
vn 0 0 1
vn 0 0 1
vn 0 0 1
vn 0 0 1
vn 0 0 1
vn 0 0 1
vn 0 0 1
vn 0 0 1
vn 0 0 1
vn 0 0 1
vn 0 0 1
vn 0 0 1
vn 0 0 1
vn 0 0 1
vn 0 0 1
vn 0 0 1
vn 0 0 1
vn 0 0 1
vn 0 0 1
vn 0 0 1
vn 0 0 1
vn 0 0 1
vn 0 0 1
vn 0 0 1
vn 0 0 1
vn 0 0 1
vn 0 0 1
vn 0 0 1
vn 0 0 1
vn 0 0 1
vn 0 0 1
vn 0 0 1
vn 0 0 1
vn 0 0 1
vn 0 0 1
vn 0 0 1
vn 0 0 1
vn 0 0 1
vn 0 0 1
vn 0 0 1
vn 0 0 1
vn 0 0 1
vn 0 0 1
vn 0 0 1
vn -9.551244E-05 -1 0
vn -9.551244E-05 -1 0
vn -9.551244E-05 -1 0
vn -9.551244E-05 -1 0
vn 0.7071071 0 0.7071066
vn -0.8944272 0 0.4472136
vn 1 0 0
vn -1 0 0
vn -0.4472131 0 0.8944275
vn 0.7071073 0 0.7071064
vn 1 0 0
vn 0.7071071 0 0.7071066
vn 0.7071073 0 0.7071064
vn -1 0 0
vn -0.8944272 0 0.4472136
vn -0.4472131 0 0.8944275
vn 0 -0.2054668 0.9786641
vn 0 -0.2054668 0.9786641
vn 0 -0.2054668 0.9786641
vn 0 -0.2054668 0.9786641
vn 1 0 0
vn 0.8944272 -0.03564884 0.4457905
vn 1 0 0
vn 0.4472136 -0.07129815 0.891581
vn 0 -0.07971428 0.9968178
vn 0 -0.07971428 0.9968178
vn 1 0 0
vn 0.8944287 0.3435082 0.2863557
vn 1 0 0
vn 0 0.7681172 0.6403093
vn 0.9701421 -0.1870019 -0.1544499
vn 0 -0.8148838 0.5796244
vn 0.4422878 -0.4574985 0.7714121
vn 0.829883 -0.4987659 -0.2500536
vn 0.7122164 0.588975 0.3819113
vn 0.6247728 0.5654958 0.5383989
vn 0 0.8987476 0.4384663
vn 0 0.3759907 0.9266235
vn 0 -0.7710181 -0.6368133
vn 1 0 0
vn 1 0 0
vn 1 0 0
vn 1 0 0
vn 0.8944272 -0.03564884 0.4457905
vn 0.4472136 -0.07129815 0.891581
vn 0.4422878 -0.4574985 0.7714121
vn 0.829883 -0.4987659 -0.2500536
vn 0.6247728 0.5654958 0.5383989
vn 0.4422878 -0.4574985 0.7714121
vn 0 -0.8148838 0.5796244
vn 0.8944287 0.3435082 0.2863557
vn 0.9701421 -0.1870019 -0.1544499
vn 0.829883 -0.4987659 -0.2500536
vn -1 0 0
vn -0.8944272 -0.03564899 0.4457905
vn -1 0 0
vn -0.4472136 -0.07129834 0.8915809
vn 0 -0.07971428 0.9968178
vn 0 -0.07971396 0.9968178
vn -1 0 0
vn -0.8944287 0.3435082 0.2863556
vn -1 0 0
vn 0 0.7681171 0.6403095
vn -0.970142 -0.187002 -0.1544498
vn 0 -0.8148843 0.5796237
vn -0.4422742 -0.4575109 0.7714126
vn -0.8298787 -0.4987792 -0.2500414
vn -0.7122163 0.5889746 0.3819121
vn -0.6247726 0.5654815 0.5384142
vn 0 0.8987476 0.4384664
vn 0 0.3759916 0.9266231
vn 0 -0.7710183 -0.636813
vn -1 0 0
vn -1 0 0
vn -1 0 0
vn -1 0 0
vn -0.8944272 -0.03564899 0.4457905
vn -0.4472136 -0.07129834 0.8915809
vn -0.4422742 -0.4575109 0.7714126
vn -0.8298787 -0.4987792 -0.2500414
vn -0.6247726 0.5654815 0.5384142
vn -0.4422742 -0.4575109 0.7714126
vn 0 -0.8148843 0.5796237
vn -0.8944287 0.3435082 0.2863556
vn -0.970142 -0.187002 -0.1544498
vn -0.8298787 -0.4987792 -0.2500414
vn 0 -0.2054668 0.9786641
vn 0 -0.2054668 0.9786641
vn 0 -0.2054668 0.9786641
vn 0 -0.2054668 0.9786641
vn 0 0 1
vn 0 0 1
vn 0 0 1
vn 0 0 1
vn 0 0 1
vn 0 0 1
vn 0 0 1
vn 0 0 1
vn -0.8915809 -0.0712984 0.4472136
vn 0.4457905 -0.0356491 0.8944272
vn -0.4457905 -0.03564923 0.8944272
vn 0.8915809 -0.07129843 0.4472136
vn -0.891581 -0.07129812 -0.4472136
vn 0.4457905 -0.03564877 -0.8944272
vn -0.4457905 -0.03564862 -0.8944272
vn 0.8915809 -0.07129815 -0.4472136
vn -0.2440034 -0.9697744 0
vn 0.45126 -0.8923926 0
vn -0.7768934 -0.4627087 0.4270097
vn 0.3420168 -0.7227454 0.6005528
vn 0 0.6134481 0.789735
vn -0.3609379 0.5998368 0.7140866
vn -0.5038422 0.5833638 0.6370477
vn 0 1 0
vn -0.3887812 0.9213301 0
vn -0.9192569 0.3936582 0
vn 0 -0.3632273 0.9317006
vn 0.1790576 -0.9838386 0
vn -0.4841902 -0.8749628 0
vn 0.7713856 -0.4634888 0.4360533
vn -0.3659737 -0.7123121 0.5988946
vn 0.3767057 0.5927736 0.7118373
vn 0.5451615 0.5589185 0.6248272
vn 0.434432 0.9007047 0
vn 0.9266233 0.375991 0
vn 0 -1 0
vn 0 0 1
vn 0 0 1
vn 0 0 1
vn 0 0 1
vn 0.4457905 -0.0356491 0.8944272
vn 0.8915809 -0.07129843 0.4472136
vn 0.8915809 -0.07129815 -0.4472136
vn 0.4457905 -0.03564877 -0.8944272
vn -0.4457905 -0.03564862 -0.8944272
vn -0.891581 -0.07129812 -0.4472136
vn -0.8915809 -0.0712984 0.4472136
vn -0.4457905 -0.03564923 0.8944272
vn -0.7768934 -0.4627087 0.4270097
vn 0.3420168 -0.7227454 0.6005528
vn -0.5038422 0.5833638 0.6370477
vn -0.7768934 -0.4627087 0.4270097
vn -0.2440034 -0.9697744 0
vn 0 0.6134481 0.789735
vn 0.7713856 -0.4634888 0.4360533
vn -0.3659737 -0.7123121 0.5988946
vn 0.5451615 0.5589185 0.6248272
vn 0.7713856 -0.4634888 0.4360533
vn 0.1790576 -0.9838386 0
vn 0 -0.3632273 0.9317006
vn 0.3420168 -0.7227454 0.6005528
vn 0.45126 -0.8923926 0
vn -0.3659737 -0.7123121 0.5988946
vn -0.4841902 -0.8749628 0
vn -1 -0.000145392 0
vn -0.7071584 0.7070552 0
vn -0.8000559 0.5999255 0
vn -1 -0.0001447983 0
vn 0 1 0
vn 0 1 0
vn -0.7079162 -0.0001207914 -0.7062964
vn -0.4090484 0.8161647 -0.4081111
vn -0.002048956 0.4471953 -0.894434
vn -0.002287403 -5.072187E-05 -0.9999974
vn -0.8000559 0.5999255 0
vn -0.7071584 0.7070552 0
vn -1 -0.0001447983 0
vn -0.8000559 0.5999255 0
vn 0 1 0
vn -0.4090484 0.8161647 -0.4081111
vn -0.8000559 0.5999255 0
vn -0.002048956 0.4471953 -0.894434
vn -0.7079162 -0.0001207914 -0.7062964
vn -0.4090484 0.8161647 -0.4081111
vn -0.8915809 -0.07129858 0.4472136
vn 0.4457904 -0.03564933 0.8944272
vn -0.4457904 -0.03564934 0.8944272
vn 0.8915809 -0.07129845 0.4472136
vn -0.8915809 -0.07129852 -0.4472136
vn 0.4457905 -0.03564897 -0.8944272
vn -0.4457905 -0.03564911 -0.8944272
vn 0.8915809 -0.07129837 -0.4472136
vn -0.2550328 -0.9669324 0
vn 0.4470208 -0.8945236 0
vn -0.7779524 -0.4623514 0.425466
vn 0.339753 -0.7231216 0.6013843
vn 0 0.611279 0.7914152
vn -0.3605375 0.5994816 0.714587
vn -0.4963863 0.5873747 0.6392118
vn 0 0.9999998 -0.0007905111
vn -0.3817441 0.9242681 0
vn -0.9179709 0.3966479 0
vn 0 -0.3608218 0.9326348
vn 0.1790575 -0.9838386 0
vn -0.4857311 -0.8741084 0
vn 0.7713855 -0.4634882 0.4360541
vn -0.3679189 -0.7109448 0.5993272
vn 0.3790639 0.5912428 0.7118586
vn 0.5451615 0.558919 0.6248268
vn 0.4354675 0.9002045 0
vn 0.9266233 0.375991 0
vn 0 -0.9999995 0.0009955293
vn 0 0 1
vn 0 0 1
vn 0 0 1
vn 0 0 1
vn 0.4457904 -0.03564933 0.8944272
vn 0.8915809 -0.07129845 0.4472136
vn 0.8915809 -0.07129837 -0.4472136
vn 0.4457905 -0.03564897 -0.8944272
vn -0.4457905 -0.03564911 -0.8944272
vn -0.8915809 -0.07129852 -0.4472136
vn -0.8915809 -0.07129858 0.4472136
vn -0.4457904 -0.03564934 0.8944272
vn -0.7779524 -0.4623514 0.425466
vn 0.339753 -0.7231216 0.6013843
vn -0.4963863 0.5873747 0.6392118
vn -0.7779524 -0.4623514 0.425466
vn -0.2550328 -0.9669324 0
vn 0 0.611279 0.7914152
vn 0.7713855 -0.4634882 0.4360541
vn -0.3679189 -0.7109448 0.5993272
vn 0.5451615 0.558919 0.6248268
vn 0.7713855 -0.4634882 0.4360541
vn 0.1790575 -0.9838386 0
vn 0 -0.3608218 0.9326348
vn 0.339753 -0.7231216 0.6013843
vn 0.4470208 -0.8945236 0
vn -0.3679189 -0.7109448 0.5993272
vn -0.4857311 -0.8741084 0
vn 0.8915809 -0.07129845 0.4472136
vn -0.4457904 -0.03564934 0.8944272
vn 0.4457904 -0.03564935 0.8944272
vn -0.8915809 -0.0712987 0.4472136
vn 0.8915809 -0.07129832 -0.4472136
vn -0.4457905 -0.03564906 -0.8944272
vn 0.4457905 -0.03564882 -0.8944272
vn -0.8915809 -0.07129855 -0.4472136
vn 0.2593215 -0.965791 0
vn -0.4494274 -0.8933169 0
vn 0.7783734 -0.462195 0.4248655
vn -0.3408583 -0.7223296 0.6017105
vn 0 0.609073 0.7931142
vn 0.3624309 0.5976229 0.7151859
vn 0.4934508 0.5889216 0.6400607
vn 0 1 0
vn 0.3817026 0.9242853 0
vn 0.9174682 0.3978093 0
vn 0 -0.3596442 0.9330895
vn -0.1790574 -0.9838386 0
vn 0.4903032 -0.8715519 0
vn -0.7713861 -0.4634876 0.4360536
vn 0.3706598 -0.7094209 0.5994442
vn -0.3820067 0.5889049 0.7122234
vn -0.5451614 0.5589191 0.6248267
vn -0.4385398 0.8987118 0
vn -0.9266235 0.3759907 0
vn 0 -1 0
vn 0 0 1
vn 0 0 1
vn 0 0 1
vn 0 0 1
vn -0.4457904 -0.03564934 0.8944272
vn -0.8915809 -0.07129855 -0.4472136
vn -0.8915809 -0.0712987 0.4472136
vn -0.4457905 -0.03564906 -0.8944272
vn 0.4457905 -0.03564882 -0.8944272
vn 0.8915809 -0.07129845 0.4472136
vn 0.8915809 -0.07129832 -0.4472136
vn 0.4457904 -0.03564935 0.8944272
vn 0.7783734 -0.462195 0.4248655
vn -0.3408583 -0.7223296 0.6017105
vn 0.4934508 0.5889216 0.6400607
vn 0.7783734 -0.462195 0.4248655
vn 0.2593215 -0.965791 0
vn 0 0.609073 0.7931142
vn -0.7713861 -0.4634876 0.4360536
vn 0.3706598 -0.7094209 0.5994442
vn -0.5451614 0.5589191 0.6248267
vn -0.7713861 -0.4634876 0.4360536
vn -0.1790574 -0.9838386 0
vn 0 -0.3596442 0.9330895
vn -0.3408583 -0.7223296 0.6017105
vn -0.4494274 -0.8933169 0
vn 0.3706598 -0.7094209 0.5994442
vn 0.4903032 -0.8715519 0
vn 0.8915809 -0.07129844 0.4472136
vn -0.4457904 -0.03564933 0.8944272
vn 0.4457905 -0.03564923 0.8944272
vn -0.8915809 -0.07129844 0.4472136
vn 0.891581 -0.07129816 -0.4472136
vn -0.4457905 -0.03564854 -0.8944272
vn 0.4457905 -0.03564865 -0.8944272
vn -0.891581 -0.07129816 -0.4472136
vn 0.2725321 -0.9621467 0
vn -0.4422522 -0.8968908 0
vn 0.7797047 -0.46165 0.4230128
vn -0.3356245 -0.7243846 0.6021821
vn 0 0.6091524 0.7930532
vn 0.358961 0.5990414 0.7157488
vn 0.4842791 0.5936387 0.6427028
vn 0 1 0
vn 0.3717622 0.928328 0
vn 0.915911 0.4013816 0
vn 0 -0.3597082 0.9330649
vn -0.1790581 -0.9838385 0
vn 0.4901945 -0.8716131 0
vn -0.7713857 -0.4634888 0.436053
vn 0.3705768 -0.709473 0.5994339
vn -0.3819116 0.5889745 0.7122167
vn -0.5451611 0.5589188 0.6248273
vn -0.4384666 0.8987475 0
vn -0.9266233 0.375991 0
vn 0 -1 0
vn 0 0 1
vn 0 0 1
vn 0 0 1
vn 0 0 1
vn -0.4457904 -0.03564933 0.8944272
vn -0.891581 -0.07129816 -0.4472136
vn -0.8915809 -0.07129844 0.4472136
vn -0.4457905 -0.03564854 -0.8944272
vn 0.4457905 -0.03564865 -0.8944272
vn 0.8915809 -0.07129844 0.4472136
vn 0.891581 -0.07129816 -0.4472136
vn 0.4457905 -0.03564923 0.8944272
vn 0.7797047 -0.46165 0.4230128
vn -0.3356245 -0.7243846 0.6021821
vn 0.4842791 0.5936387 0.6427028
vn 0.7797047 -0.46165 0.4230128
vn 0.2725321 -0.9621467 0
vn 0 0.6091524 0.7930532
vn -0.7713857 -0.4634888 0.436053
vn 0.3705768 -0.709473 0.5994339
vn -0.5451611 0.5589188 0.6248273
vn -0.7713857 -0.4634888 0.436053
vn -0.1790581 -0.9838385 0
vn 0 -0.3597082 0.9330649
vn -0.3356245 -0.7243846 0.6021821
vn -0.4422522 -0.8968908 0
vn 0.3705768 -0.709473 0.5994339
vn 0.4901945 -0.8716131 0
vn 0.9786644 -0.2054654 0
vn 0.9786644 -0.2054654 0
vn 0.9786644 -0.2054654 0
vn 0.9786644 -0.2054654 0
vn 1 -0.0001462566 0
vn 0.7071584 0.7070552 0
vn 0.8000563 0.599925 0
vn 1 -0.000146692 0
vn 0 1 0
vn 0 1 0
vn 0.7079185 -0.0001216198 -0.7062941
vn 0.4090508 0.8161637 -0.4081107
vn 0.002054763 0.4471953 -0.894434
vn 0.002293747 -5.086823E-05 -0.9999974
vn 0.8000563 0.599925 0
vn 0.7071584 0.7070552 0
vn 1 -0.000146692 0
vn 0.8000563 0.599925 0
vn 0 1 0
vn 0.4090508 0.8161637 -0.4081107
vn 0.8000563 0.599925 0
vn 0.7079185 -0.0001216198 -0.7062941
vn -0.9772004 -0.2123191 0
vn 0.9511096 0.3088536 0
vn -1 0 0
vn -0.4472158 0 0.8944261
vn 0 0.2425356 0.9701425
vn -0.6990818 -0.07463576 0.7111358
vn 0.170263 0.9853987 0
vn -0.1851073 -0.9827184 0
vn 0 -1 0
vn 2.137496E-05 1 0
vn -0.177279 -0.6828493 0.7087235
vn -0.3276393 -0.6239993 0.7094205
vn -0.3914854 -0.9201843 0
vn 0.3663269 0.9304862 0
vn -0.5686573 -0.6041896 0.558197
vn -0.6125063 -0.7904657 0
vn 0.6105539 0.7919747 0
vn -0.5910733 -0.3847806 0.7089261
vn 0.5925283 0.3818795 0.7092801
vn 0.4065188 0.4368377 0.8024433
vn -0.6549021 -0.2630534 0.7084534
vn -0.9031199 -0.4293886 0
vn -0.7966544 -0.6044351 0
vn 0.8803097 0.4743995 0
vn 0.7953575 0.6061407 0
vn 0.2783764 0.1500191 0.9486837
vn 0 -0.7046072 0.7095976
vn 0.1581659 0.6881016 0.7081664
vn 0 0.8932047 0.4496503
vn 0.3190303 0.6274704 0.710282
vn 0 0 1
vn 0 0.8944272 0.4472136
vn 0 1 0
vn 0.9781934 -0.2076963 0
vn -0.9511397 0.308761 0
vn 1 0 0
vn 0.4472159 0 0.894426
vn 0 0.2425356 0.9701425
vn 0.6994299 -0.07302897 0.7109604
vn -0.1702527 0.9854005 0
vn 0.1851072 -0.9827184 0
vn 0.1772792 -0.6828493 0.7087235
vn 0.3276395 -0.6239992 0.7094204
vn 0.3914856 -0.9201843 0
vn -0.3709922 0.928636 0
vn 0.5686556 -0.6041905 0.5581978
vn 0.6125064 -0.7904657 0
vn -0.6187004 0.7856271 0
vn 0.5897545 -0.3869633 0.7088364
vn -0.5888169 0.388095 0.7089971
vn -0.4090647 0.4349208 0.8021908
vn 0.655492 -0.2610723 0.7086406
vn 0.9025739 -0.4305348 0
vn 0.7955697 -0.6058621 0
vn -0.8728349 0.4880158 0
vn -0.7923915 0.610013 0
vn -0.2760198 0.1543104 0.9486841
vn -0.1581749 0.6880973 0.7081687
vn -0.3252421 0.6238732 0.7106334
vn 0 0 1
vn 0 0.8944272 0.4472136
vn 0 1 0
vn -0.8944272 0 -0.4472136
vn -0.4472136 0 -0.8944272
vn -0.8944272 0 0.4472136
vn -0.4472136 0 0.8944272
vn 0.4472136 0 -0.8944272
vn 0.8944272 0 -0.4472136
vn 0.8944272 0 0.4472136
vn 0.4472136 0 0.8944272
vn -0.8944272 0 -0.4472136
vn -0.4472136 0 0.8944272
vn 0.8944272 0 0.4472136
vn 0.4472136 0 -0.8944272
vn -0.8944272 0 0.4472136
vn -0.4472136 0 -0.8944272
vn 0.8944272 0 -0.4472136
vn 0.4472136 0 0.8944272
vn -0.8944272 0 0.4472136
vn -0.4472136 0 -0.8944272
vn 0.8944272 0 -0.4472136
vn 0.4472136 0 0.8944272
vn 0.4472136 0 -0.8944272
vn -0.8944272 0 -0.4472136
vn 0.8944272 0 0.4472136
vn -0.4472136 0 0.8944272
vn -0.8944272 0 -0.4472136
vn -0.4472136 0 0.8944272
vn 0.8944272 0 0.4472136
vn 0.4472136 0 -0.8944272
vn 0.4472136 0 0.8944272
vn 0.8944272 0 -0.4472136
vn -0.8944272 0 0.4472136
vn -0.4472136 0 -0.8944272
vn -0.8944272 0 -0.4472136
vn -0.4472136 0 0.8944272
vn 0.8944272 0 0.4472136
vn 0.4472136 0 -0.8944272
vn -0.8944272 0 0.4472136
vn -0.4472136 0 -0.8944272
vn 0.8944272 0 -0.4472136
vn 0.4472136 0 0.8944272
vn -0.7071068 0 -0.7071068
vn -0.7071051 0 -0.7071086
vn -0.7071068 0 0.7071068
vn -0.7071068 0 0.7071068
vn 0.447217 0 -0.8944255
vn 0.8944281 0 -0.4472119
vn 0.8944272 0 0.4472136
vn 0.4472136 0 0.8944272
vn -0.7071068 0 -0.7071068
vn -0.7071068 0 0.7071068
vn 0.8944272 0 0.4472136
vn 0.4472136 0 -0.8944272
vn -0.7071068 0 0.7071068
vn -0.7071068 0 -0.7071068
vn 0.8944272 0 -0.4472136
vn 0.4472136 0 0.8944272
vn -0.7071068 0 -0.7071068
vn -0.7071068 0 0.7071068
vn 0.8944272 0 0.4472136
vn 0.4472136 0 -0.8944272
vn -0.7071068 0 -0.7071068
vn -0.7071068 0 0.7071068
vn 0.8944272 0 -0.4472136
vn 0.4472136 0 0.8944272
vn -0.7071068 0 0.7071068
vn -0.7071068 0 -0.7071068
vn 0.8944272 0 -0.4472136
vn 0.4472136 0 0.8944272
vn 0.4472136 0 -0.8944272
vn -0.7071068 0 -0.7071068
vn 0.8944272 0 0.4472136
vn -0.7071068 0 0.7071068
vn -0.7071068 0 0.7071068
vn -0.7071085 0 -0.7071051
vn 0.8944263 0 -0.4472153
vn 0.4472136 0 0.8944272
vn 0.4472101 0 -0.8944289
vn -0.7071068 0 -0.7071068
vn 0.8944272 0 0.4472136
vn -0.7071068 0 0.7071068
vn -0.8944272 0 -0.4472136
vn -0.4472136 0 -0.8944272
vn -0.8944272 0 0.4472136
vn -0.4472136 0 0.8944272
vn 0.4472136 0 -0.8944272
vn 0.8944272 0 -0.4472136
vn 0.8944272 0 0.4472136
vn 0.4472136 0 0.8944272
vn -0.8944272 0 -0.4472136
vn -0.4472136 0 0.8944272
vn 0.8944272 0 0.4472136
vn 0.4472136 0 -0.8944272
vn -0.8944272 0 0.4472136
vn -0.4472136 0 -0.8944272
vn 0.8944272 0 -0.4472136
vn 0.4472136 0 0.8944272
vn -0.8944272 0 0.4472136
vn -0.4472136 0 -0.8944272
vn 0.8944272 0 -0.4472136
vn 0.4472136 0 0.8944272
vn 0.4472136 0 -0.8944272
vn -0.8944272 0 -0.4472136
vn 0.8944272 0 0.4472136
vn -0.4472136 0 0.8944272
vn -0.8944272 0 -0.4472136
vn -0.4472136 0 0.8944272
vn 0.8944272 0 0.4472136
vn 0.4472136 0 -0.8944272
vn 0.4472136 0 0.8944272
vn 0.8944272 0 -0.4472136
vn -0.8944272 0 0.4472136
vn -0.4472136 0 -0.8944272
vn -0.8944272 0 -0.4472136
vn -0.4472136 0 0.8944272
vn 0.8944272 0 0.4472136
vn 0.4472136 0 -0.8944272
vn -0.8944272 0 0.4472136
vn -0.4472136 0 -0.8944272
vn 0.8944272 0 -0.4472136
vn 0.4472136 0 0.8944272
vn -0.7071068 0 -0.7071068
vn -0.7071068 0 -0.7071068
vn -0.7071068 0 0.7071068
vn -0.7071068 0 0.7071068
vn 0.4472136 0 -0.8944272
vn 0.8944272 0 -0.4472136
vn 0.8944272 0 0.4472136
vn 0.4472136 0 0.8944272
vn -0.7071068 0 -0.7071068
vn -0.7071068 0 0.7071068
vn 0.8944272 0 0.4472136
vn 0.4472136 0 -0.8944272
vn -0.7071068 0 0.7071068
vn -0.7071068 0 -0.7071068
vn 0.8944272 0 -0.4472136
vn 0.4472136 0 0.8944272
vn -0.7071068 0 -0.7071068
vn -0.7071068 0 0.7071068
vn 0.8944272 0 0.4472136
vn 0.4472136 0 -0.8944272
vn -0.7071068 0 -0.7071068
vn -0.7071068 0 0.7071068
vn 0.8944272 0 -0.4472136
vn 0.4472136 0 0.8944272
vn -0.7071068 0 0.7071068
vn -0.7071068 0 -0.7071068
vn 0.8944272 0 -0.4472136
vn 0.4472136 0 0.8944272
vn 0.4472136 0 -0.8944272
vn -0.7071068 0 -0.7071068
vn 0.8944272 0 0.4472136
vn -0.7071068 0 0.7071068
vn -0.7071068 0 0.7071068
vn -0.7071068 0 -0.7071068
vn 0.8944272 0 -0.4472136
vn 0.4472136 0 0.8944272
vn 0.4472136 0 -0.8944272
vn -0.7071068 0 -0.7071068
vn 0.8944272 0 0.4472136
vn -0.7071068 0 0.7071068
vn 0.8944272 0 -0.4472136
vn 0.4472136 0 -0.8944272
vn 0.8944272 0 0.4472136
vn 0.4472136 0 0.8944272
vn -0.4472136 0 -0.8944272
vn -0.8944272 0 -0.4472136
vn -0.8944272 0 0.4472136
vn -0.4472136 0 0.8944272
vn 0.8944272 0 -0.4472136
vn 0.4472136 0 0.8944272
vn -0.8944272 0 0.4472136
vn -0.4472136 0 -0.8944272
vn 0.8944272 0 0.4472136
vn 0.4472136 0 -0.8944272
vn -0.8944272 0 -0.4472136
vn -0.4472136 0 0.8944272
vn 0.8944272 0 0.4472136
vn 0.4472136 0 -0.8944272
vn -0.8944272 0 -0.4472136
vn -0.4472136 0 0.8944272
vn -0.4472136 0 -0.8944272
vn 0.8944272 0 -0.4472136
vn -0.8944272 0 0.4472136
vn 0.4472136 0 0.8944272
vn 0.8944272 0 -0.4472136
vn 0.4472136 0 0.8944272
vn -0.8944272 0 0.4472136
vn -0.4472136 0 -0.8944272
vn -0.4472136 0 0.8944272
vn -0.8944272 0 -0.4472136
vn 0.8944272 0 0.4472136
vn 0.4472136 0 -0.8944272
vn 0.8944272 0 -0.4472136
vn 0.4472136 0 0.8944272
vn -0.8944272 0 0.4472136
vn -0.4472136 0 -0.8944272
vn 0.8944272 0 0.4472136
vn 0.4472136 0 -0.8944272
vn -0.8944272 0 -0.4472136
vn -0.4472136 0 0.8944272
vn 0.7071068 0 -0.7071068
vn 0.7071051 0 -0.7071086
vn 0.7071068 0 0.7071068
vn 0.7071068 0 0.7071068
vn -0.447217 0 -0.8944255
vn -0.8944281 0 -0.4472119
vn -0.8944272 0 0.4472136
vn -0.4472136 0 0.8944272
vn 0.7071068 0 -0.7071068
vn 0.7071068 0 0.7071068
vn -0.8944272 0 0.4472136
vn -0.4472136 0 -0.8944272
vn 0.7071068 0 0.7071068
vn 0.7071068 0 -0.7071068
vn -0.8944272 0 -0.4472136
vn -0.4472136 0 0.8944272
vn 0.7071068 0 -0.7071068
vn 0.7071068 0 0.7071068
vn -0.8944272 0 0.4472136
vn -0.4472136 0 -0.8944272
vn 0.7071068 0 -0.7071068
vn 0.7071068 0 0.7071068
vn -0.8944272 0 -0.4472136
vn -0.4472136 0 0.8944272
vn 0.7071068 0 0.7071068
vn 0.7071068 0 -0.7071068
vn -0.8944272 0 -0.4472136
vn -0.4472136 0 0.8944272
vn -0.4472136 0 -0.8944272
vn 0.7071068 0 -0.7071068
vn -0.8944272 0 0.4472136
vn 0.7071068 0 0.7071068
vn 0.7071068 0 0.7071068
vn 0.7071085 0 -0.7071051
vn -0.8944263 0 -0.4472153
vn -0.4472136 0 0.8944272
vn -0.4472101 0 -0.8944289
vn 0.7071068 0 -0.7071068
vn -0.8944272 0 0.4472136
vn 0.7071068 0 0.7071068
vn 0.8944272 0 -0.4472136
vn 0.4472136 0 -0.8944272
vn 0.8944272 0 0.4472136
vn 0.4472136 0 0.8944272
vn -0.4472136 0 -0.8944272
vn -0.8944272 0 -0.4472136
vn -0.8944272 0 0.4472136
vn -0.4472136 0 0.8944272
vn 0.8944272 0 -0.4472136
vn 0.4472136 0 0.8944272
vn -0.8944272 0 0.4472136
vn -0.4472136 0 -0.8944272
vn 0.8944272 0 0.4472136
vn 0.4472136 0 -0.8944272
vn -0.8944272 0 -0.4472136
vn -0.4472136 0 0.8944272
vn 0.8944272 0 0.4472136
vn 0.4472136 0 -0.8944272
vn -0.8944272 0 -0.4472136
vn -0.4472136 0 0.8944272
vn -0.4472136 0 -0.8944272
vn 0.8944272 0 -0.4472136
vn -0.8944272 0 0.4472136
vn 0.4472136 0 0.8944272
vn 0.8944272 0 -0.4472136
vn 0.4472136 0 0.8944272
vn -0.8944272 0 0.4472136
vn -0.4472136 0 -0.8944272
vn -0.4472136 0 0.8944272
vn -0.8944272 0 -0.4472136
vn 0.8944272 0 0.4472136
vn 0.4472136 0 -0.8944272
vn 0.8944272 0 -0.4472136
vn 0.4472136 0 0.8944272
vn -0.8944272 0 0.4472136
vn -0.4472136 0 -0.8944272
vn 0.8944272 0 0.4472136
vn 0.4472136 0 -0.8944272
vn -0.8944272 0 -0.4472136
vn -0.4472136 0 0.8944272
vn 0.7071068 0 -0.7071068
vn 0.7071068 0 -0.7071068
vn 0.7071068 0 0.7071068
vn 0.7071068 0 0.7071068
vn -0.4472136 0 -0.8944272
vn -0.8944272 0 -0.4472136
vn -0.8944272 0 0.4472136
vn -0.4472136 0 0.8944272
vn 0.7071068 0 -0.7071068
vn 0.7071068 0 0.7071068
vn -0.8944272 0 0.4472136
vn -0.4472136 0 -0.8944272
vn 0.7071068 0 0.7071068
vn 0.7071068 0 -0.7071068
vn -0.8944272 0 -0.4472136
vn -0.4472136 0 0.8944272
vn 0.7071068 0 -0.7071068
vn 0.7071068 0 0.7071068
vn -0.8944272 0 0.4472136
vn -0.4472136 0 -0.8944272
vn 0.7071068 0 -0.7071068
vn 0.7071068 0 0.7071068
vn -0.8944272 0 -0.4472136
vn -0.4472136 0 0.8944272
vn 0.7071068 0 0.7071068
vn 0.7071068 0 -0.7071068
vn -0.8944272 0 -0.4472136
vn -0.4472136 0 0.8944272
vn -0.4472136 0 -0.8944272
vn 0.7071068 0 -0.7071068
vn -0.8944272 0 0.4472136
vn 0.7071068 0 0.7071068
vn 0.7071068 0 0.7071068
vn 0.7071068 0 -0.7071068
vn -0.8944272 0 -0.4472136
vn -0.4472136 0 0.8944272
vn -0.4472136 0 -0.8944272
vn 0.7071068 0 -0.7071068
vn -0.8944272 0 0.4472136
vn 0.7071068 0 0.7071068
vn 0 0.8944272 0.4472136
vn 0 -0.4472136 0.8944272
vn 0 -0.8944272 -0.4472136
vn 0 0.4472136 -0.8944272
vn 0 -0.8944272 0.4472136
vn 0 -0.4472136 -0.8944272
vn 0 0.8944272 -0.4472136
vn 0 0.4472136 0.8944272
vn -0.6729306 -0.1211342 -0.7297198
vn -0.6596469 -0.227402 0.7163479
vn 0.7684364 0.1898603 0.6111125
vn 0.5307926 0.1248649 -0.838253
vn -0.6681666 -0.005534641 -0.7439912
vn -0.8944302 -0.003968047 0.44719
vn 0.7290037 -0.01039336 -0.6844309
vn 0.4495828 -0.008554558 0.8931977
vn -0.4734806 -0.2876244 0.8325194
vn -0.6832805 -0.4150695 -0.600704
vn 0.6481982 0.5203069 0.5559855
vn -0.4697457 -0.3709006 0.8011066
vn 0.471094 0.2913228 0.8325872
vn -0.4457943 -0.3993692 -0.8011066
vn 0.4459257 0.5448048 0.7101676
vn -0.446428 -0.5444953 0.7100894
vn -0.394302 -0.5833516 -0.7100894
vn 0.1043623 0.5439612 0.8325953
vn -0.1195685 -0.6961699 0.7078495
vn 0.2594525 0.6549285 0.7097557
vn -0.3331763 -0.8286461 0.4498213
vn -0.1513841 -0.6899508 -0.7078494
vn -0.262824 -0.6536701 -0.7096753
vn 0.1506197 0.7850676 -0.6008183
vn 0.163723 0.4132837 -0.895763
vn 0.3930621 0.5840926 -0.7101676
vn 0 -0.7043635 -0.7098395
vn 0 -0.4444472 0.8958051
vn 0 0.8930343 0.4499885
vn 0 0.7043635 -0.7098395
vn 0.6798952 0.4204454 -0.6008064
vn 0.6169731 0.5569779 -0.5559855
vn 0.6729246 -0.1206277 -0.7298092
vn 0.5714709 -0.2935023 0.7663403
vn -0.7793824 0.1644967 0.6045693
vn -0.530826 0.1244236 -0.8382975
vn 0.6680267 -0.004768621 -0.744122
vn 0.8685865 -0.003507362 0.4955252
vn -0.7290776 -0.01153336 -0.6843339
vn -0.6876051 -0.0550286 0.7239966
vn 0.4734806 -0.2876244 0.8325194
vn 0.6832804 -0.4150696 -0.6007039
vn -0.6481984 0.5203067 0.5559855
vn 0.4697458 -0.3709005 0.8011066
vn -0.4710942 0.2913226 0.8325872
vn 0.4457944 -0.3993691 -0.8011066
vn -0.4459257 0.5448047 0.7101677
vn 0.4464281 -0.5444952 0.7100894
vn 0.3943021 -0.5833516 -0.7100894
vn -0.1043623 0.5439612 0.8325952
vn 0.1195685 -0.6961699 0.7078495
vn -0.2594525 0.6549284 0.7097557
vn 0.3331764 -0.8286461 0.4498214
vn 0.151384 -0.6899508 -0.7078494
vn 0.262824 -0.6536701 -0.7096753
vn -0.1506197 0.7850677 -0.6008182
vn -0.163723 0.4132836 -0.895763
vn -0.3930622 0.5840925 -0.7101676
vn -0.6798953 0.4204452 -0.6008064
vn -0.6169733 0.5569777 -0.5559855
vn 0 0.8944272 0.4472136
vn 0 -0.4472136 0.8944272
vn 0 -0.8944272 -0.4472136
vn 0 0.4472136 -0.8944272
vn 0 -0.8944272 0.4472136
vn 0 -0.4472136 -0.8944272
vn 0 0.8944272 -0.4472136
vn 0 0.4472136 0.8944272
vn -0.6734526 -0.1207833 -0.7292962
vn -0.6595919 -0.2275699 0.7163453
vn 0.7684662 0.1897884 0.6110975
vn 0.5306577 0.1250952 -0.838304
vn -0.6694983 -0.005316926 -0.7427946
vn -0.8944303 -0.004134319 0.4471883
vn 0.7282723 -0.01003109 -0.6852145
vn 0.4496634 -0.008867987 0.8931541
vn -0.4734786 -0.2876248 0.8325203
vn -0.6997123 -0.3966542 -0.5941954
vn 0.6481982 0.5203069 0.5559855
vn -0.4697457 -0.3709006 0.8011066
vn 0.4710953 0.2913225 0.8325866
vn -0.6072719 -0.5153346 -0.604691
vn 0.4459254 0.544805 0.7101676
vn -0.4464278 -0.5444953 0.7100894
vn -0.4526122 -0.6962924 -0.5570629
vn 0.1043628 0.5439611 0.8325952
vn -0.1195684 -0.6961699 0.7078495
vn 0.2594522 0.6549285 0.7097557
vn -0.3331763 -0.8286461 0.4498213
vn -0.2074791 -0.6862973 -0.6971001
vn -0.221 -0.6689199 -0.7097219
vn 0.1001191 0.7653946 -0.6357259
vn 0.1449702 0.3264584 -0.9340282
vn 0.2248307 0.4267127 -0.8759952
vn 0 -0.810864 -0.5852346
vn 0 -0.4444472 0.8958051
vn 0 0.8930343 0.4499885
vn 0 0.4795035 -0.87754
vn 0.6428232 0.4207696 -0.6401026
vn 0.5490663 0.5123957 -0.6602855
vn 0.6049684 -0.1724764 -0.7773449
vn 0.659636 -0.2273107 0.7163869
vn -0.7685539 0.189162 0.6111814
vn -0.5500802 0.09196183 -0.8300331
vn 0.4150969 -0.006390896 -0.9097548
vn 0.894436 -0.003107501 0.4471852
vn -0.8441747 -0.04508446 -0.5341689
vn -0.4496404 -0.009583401 0.8931583
vn 0.473482 -0.2876243 0.8325185
vn 0.6997127 -0.396654 -0.5941951
vn -0.6481984 0.5203066 0.5559855
vn 0.4697462 -0.3709005 0.8011063
vn -0.471093 0.2913225 0.8325879
vn 0.6072717 -0.5153346 -0.6046911
vn -0.4459256 0.5448049 0.7101676
vn 0.4464276 -0.5444953 0.7100896
vn 0.4526126 -0.6962925 -0.5570626
vn -0.1043628 0.5439612 0.8325952
vn 0.1195688 -0.6961699 0.7078495
vn -0.2594523 0.6549285 0.7097557
vn 0.3331762 -0.8286462 0.4498214
vn 0.2074792 -0.6862972 -0.6971
vn 0.2210001 -0.6689198 -0.709722
vn -0.100119 0.7653946 -0.6357259
vn -0.14497 0.3264582 -0.9340283
vn -0.2248304 0.4267122 -0.8759954
vn -0.6428236 0.420769 -0.6401026
vn -0.5490664 0.5123956 -0.6602855
vn 0 0.8944272 0.4472136
vn 0 -0.4472136 0.8944272
vn 0 -0.9483408 -0.3172536
vn 0 -0.03738964 -0.9993008
vn 0 -0.8944272 0.4472136
vn 0 -0.772917 -0.6345072
vn 0 0.8662271 -0.4996504
vn 0 0.4472136 0.8944272
vn 0 0.8944272 0.4472136
vn 0 -0.4472136 0.8944272
vn 0 -0.9483408 -0.3172536
vn 0 -0.03738975 -0.9993008
vn 0 -0.8944272 0.4472136
vn 0 -0.772917 -0.6345072
vn 0 0.8662272 -0.4996504
vn 0 0.4472136 0.8944272
vn -0.5686573 -0.6041896 0.558197
vn -0.5910733 -0.3847806 0.7089261
vn 0.5925283 0.3818795 0.7092801
vn -0.6990818 -0.07463576 0.7111358
vn 0.9511217 0.3088164 0
vn -0.177279 -0.6828493 0.7087235
vn 0 -0.7046072 0.7095976
vn 0.1581659 0.6881016 0.7081664
vn 0 0.8932047 0.4496503
vn -0.3276393 -0.6239993 0.7094205
vn 0.3190303 0.6274704 0.710282
vn 0.4065188 0.4368377 0.8024433
vn -0.6549021 -0.2630534 0.7084534
vn 0.2783764 0.1500191 0.9486837
vn -0.4472158 0 0.8944261
vn 0.9511217 0.3088164 0
vn 0.9511217 0.3088164 0
vn 0.9511217 0.3088164 0
vn 0.9511217 0.3088164 0
vn -0.4472158 0 0.8944261
vn 0 0.2425356 0.9701425
vn 0 0.8944272 0.4472136
vn 0 1 0
vn 0 0.2425356 0.9701425
vn 0.5686556 -0.6041905 0.5581978
vn 0.5897545 -0.3869633 0.7088364
vn -0.5888169 0.388095 0.7089971
vn 0.6994299 -0.07302897 0.7109604
vn -0.9511216 0.3088168 0
vn 0.1772792 -0.6828493 0.7087235
vn -0.1581749 0.6880973 0.7081687
vn 0.3276395 -0.6239992 0.7094204
vn -0.3252421 0.6238732 0.7106334
vn -0.4090647 0.4349208 0.8021908
vn 0.655492 -0.2610723 0.7086406
vn -0.2760198 0.1543104 0.9486841
vn 0.4472159 0 0.894426
vn -0.9511216 0.3088169 0
vn -0.9511216 0.3088169 0
vn -0.9511216 0.3088169 0
vn -0.9511216 0.3088169 0
vn 0.4472159 0 0.894426
vn 0 0.2425356 0.9701425
vn 0 1 0
vn 0 0.8944272 0.4472136
vn 0 0.2425356 0.9701425
vn 0.8944272 0 -0.4472136
vn 0.4472136 0 -0.8944272
vn 0.8944272 0 -0.4472136
vn 0.4472136 0 -0.8944272
vn 0.8944272 0 -0.4472136
vn 0.4472136 0 -0.8944272
vn 0.4472136 0 -0.8944272
vn 0.8944272 0 -0.4472136
vn 0.4472136 0 -0.8944272
vn 0.8944272 0 -0.4472136
vn 0.8944281 0 -0.4472119
vn 0.447217 0 -0.8944255
vn 0.8944272 0 -0.4472136
vn 0.4472136 0 -0.8944272
vn 0.8944272 0 -0.4472136
vn 0.4472136 0 -0.8944272
vn 0.8944272 0 -0.4472136
vn 0.4472136 0 -0.8944272
vn 0.8944263 0 -0.4472153
vn 0.4472101 0 -0.8944289
vn 0.8944272 0 -0.4472136
vn 0.4472136 0 -0.8944272
vn 0.8944272 0 -0.4472136
vn 0.4472136 0 -0.8944272
vn 0.8944272 0 -0.4472136
vn 0.4472136 0 -0.8944272
vn 0.4472136 0 -0.8944272
vn 0.8944272 0 -0.4472136
vn 0.4472136 0 -0.8944272
vn 0.8944272 0 -0.4472136
vn 0.8944272 0 -0.4472136
vn 0.4472136 0 -0.8944272
vn 0.8944272 0 -0.4472136
vn 0.4472136 0 -0.8944272
vn 0.8944272 0 -0.4472136
vn 0.4472136 0 -0.8944272
vn 0.8944272 0 -0.4472136
vn 0.4472136 0 -0.8944272
vn 0.8944272 0 -0.4472136
vn 0.4472136 0 -0.8944272
vn -0.8944272 0 -0.4472136
vn -0.4472136 0 -0.8944272
vn -0.8944272 0 -0.4472136
vn -0.4472136 0 -0.8944272
vn -0.8944272 0 -0.4472136
vn -0.4472136 0 -0.8944272
vn -0.4472136 0 -0.8944272
vn -0.8944272 0 -0.4472136
vn -0.4472136 0 -0.8944272
vn -0.8944272 0 -0.4472136
vn -0.8944281 0 -0.4472119
vn -0.447217 0 -0.8944255
vn -0.8944272 0 -0.4472136
vn -0.4472136 0 -0.8944272
vn -0.8944272 0 -0.4472136
vn -0.4472136 0 -0.8944272
vn -0.8944272 0 -0.4472136
vn -0.4472136 0 -0.8944272
vn -0.8944263 0 -0.4472153
vn -0.4472101 0 -0.8944289
vn -0.8944272 0 -0.4472136
vn -0.4472136 0 -0.8944272
vn -0.8944272 0 -0.4472136
vn -0.4472136 0 -0.8944272
vn -0.8944272 0 -0.4472136
vn -0.4472136 0 -0.8944272
vn -0.4472136 0 -0.8944272
vn -0.8944272 0 -0.4472136
vn -0.4472136 0 -0.8944272
vn -0.8944272 0 -0.4472136
vn -0.8944272 0 -0.4472136
vn -0.4472136 0 -0.8944272
vn -0.8944272 0 -0.4472136
vn -0.4472136 0 -0.8944272
vn -0.8944272 0 -0.4472136
vn -0.4472136 0 -0.8944272
vn -0.8944272 0 -0.4472136
vn -0.4472136 0 -0.8944272
vn -0.8944272 0 -0.4472136
vn -0.4472136 0 -0.8944272
vn 0 0.8944272 -0.4472136
vn 0 0.4472136 -0.8944272
vn 0.7290037 -0.01039336 -0.6844309
vn 0.5307926 0.1248649 -0.838253
vn -0.6596469 -0.227402 0.7163479
vn -0.6729306 -0.1211342 -0.7297198
vn -0.4734806 -0.2876244 0.8325194
vn -0.4697457 -0.3709006 0.8011066
vn -0.446428 -0.5444953 0.7100894
vn -0.1195685 -0.6961699 0.7078495
vn -0.3331763 -0.8286461 0.4498213
vn -0.1513841 -0.6899508 -0.7078494
vn -0.262824 -0.6536701 -0.7096753
vn -0.394302 -0.5833516 -0.7100894
vn 0.2594525 0.6549285 0.7097557
vn 0.3930621 0.5840926 -0.7101676
vn 0.4459257 0.5448048 0.7101676
vn 0.163723 0.4132837 -0.895763
vn 0.1506197 0.7850676 -0.6008183
vn 0.1043623 0.5439612 0.8325953
vn 0 -0.4444472 0.8958051
vn 0 0.8930343 0.4499885
vn 0.7684364 0.1898603 0.6111125
vn -0.6596469 -0.227402 0.7163479
vn -0.6832805 -0.4150695 -0.600704
vn 0.5307926 0.1248649 -0.838253
vn -0.6729306 -0.1211342 -0.7297198
vn 0.471094 0.2913228 0.8325872
vn 0.6798952 0.4204454 -0.6008064
vn 0.7684364 0.1898603 0.6111125
vn 0.5307926 0.1248649 -0.838253
vn -0.4457943 -0.3993692 -0.8011066
vn 0.6481982 0.5203069 0.5559855
vn 0.6169731 0.5569779 -0.5559855
vn 0 0.7043635 -0.7098395
vn 0 -0.7043635 -0.7098395
vn -0.7290776 -0.01153336 -0.6843339
vn -0.530826 0.1244236 -0.8382975
vn 0.5714709 -0.2935023 0.7663403
vn 0.6729246 -0.1206277 -0.7298092
vn 0.4734806 -0.2876244 0.8325194
vn 0.4697458 -0.3709005 0.8011066
vn 0.4464281 -0.5444952 0.7100894
vn 0.1195685 -0.6961699 0.7078495
vn 0.3331764 -0.8286461 0.4498214
vn 0.151384 -0.6899508 -0.7078494
vn 0.262824 -0.6536701 -0.7096753
vn 0.3943021 -0.5833516 -0.7100894
vn -0.2594525 0.6549284 0.7097557
vn -0.4459257 0.5448047 0.7101677
vn -0.3930622 0.5840925 -0.7101676
vn -0.163723 0.4132836 -0.895763
vn -0.1043623 0.5439612 0.8325952
vn -0.1506197 0.7850677 -0.6008182
vn -0.7793824 0.1644967 0.6045693
vn 0.5714709 -0.2935023 0.7663403
vn 0.6832804 -0.4150696 -0.6007039
vn -0.530826 0.1244236 -0.8382975
vn 0.6729246 -0.1206277 -0.7298092
vn -0.4710942 0.2913226 0.8325872
vn -0.7793824 0.1644967 0.6045693
vn -0.6798953 0.4204452 -0.6008064
vn -0.530826 0.1244236 -0.8382975
vn 0.4457944 -0.3993691 -0.8011066
vn -0.6481984 0.5203067 0.5559855
vn -0.6169733 0.5569777 -0.5559855
vn 0 0.8944272 -0.4472136
vn 0 0.4472136 -0.8944272
vn 0.7282723 -0.01003109 -0.6852145
vn 0.5306577 0.1250952 -0.838304
vn -0.6595919 -0.2275699 0.7163453
vn -0.6734526 -0.1207833 -0.7292962
vn -0.4734786 -0.2876248 0.8325203
vn -0.4697457 -0.3709006 0.8011066
vn -0.4464278 -0.5444953 0.7100894
vn -0.1195684 -0.6961699 0.7078495
vn -0.3331763 -0.8286461 0.4498213
vn -0.2074791 -0.6862973 -0.6971001
vn -0.221 -0.6689199 -0.7097219
vn -0.4526122 -0.6962924 -0.5570629
vn 0.2594522 0.6549285 0.7097557
vn 0.2248307 0.4267127 -0.8759952
vn 0.4459254 0.544805 0.7101676
vn 0.1449702 0.3264584 -0.9340282
vn 0.1001191 0.7653946 -0.6357259
vn 0.1043628 0.5439611 0.8325952
vn 0 -0.4444472 0.8958051
vn 0 0.8930343 0.4499885
vn 0.7684662 0.1897884 0.6110975
vn -0.6595919 -0.2275699 0.7163453
vn -0.6997123 -0.3966542 -0.5941954
vn 0.5306577 0.1250952 -0.838304
vn -0.6734526 -0.1207833 -0.7292962
vn 0.4710953 0.2913225 0.8325866
vn 0.6428232 0.4207696 -0.6401026
vn 0.7684662 0.1897884 0.6110975
vn 0.5306577 0.1250952 -0.838304
vn -0.6072719 -0.5153346 -0.604691
vn 0.6481982 0.5203069 0.5559855
vn 0.5490663 0.5123957 -0.6602855
vn 0 0.4795035 -0.87754
vn 0 -0.810864 -0.5852346
vn -0.8441747 -0.04508446 -0.5341689
vn -0.5500802 0.09196183 -0.8300331
vn 0.659636 -0.2273107 0.7163869
vn 0.6049684 -0.1724764 -0.7773449
vn 0.473482 -0.2876243 0.8325185
vn 0.4697462 -0.3709005 0.8011063
vn 0.4464276 -0.5444953 0.7100896
vn 0.1195688 -0.6961699 0.7078495
vn 0.3331762 -0.8286462 0.4498214
vn 0.2074792 -0.6862972 -0.6971
vn 0.2210001 -0.6689198 -0.709722
vn 0.4526126 -0.6962925 -0.5570626
vn -0.2594523 0.6549285 0.7097557
vn -0.4459256 0.5448049 0.7101676
vn -0.2248304 0.4267122 -0.8759954
vn -0.14497 0.3264582 -0.9340283
vn -0.1043628 0.5439612 0.8325952
vn -0.100119 0.7653946 -0.6357259
vn -0.7685539 0.189162 0.6111814
vn 0.659636 -0.2273107 0.7163869
vn 0.6997127 -0.396654 -0.5941951
vn -0.5500802 0.09196183 -0.8300331
vn 0.6049684 -0.1724764 -0.7773449
vn -0.471093 0.2913225 0.8325879
vn -0.7685539 0.189162 0.6111814
vn -0.6428236 0.420769 -0.6401026
vn -0.5500802 0.09196183 -0.8300331
vn 0.6072717 -0.5153346 -0.6046911
vn -0.6481984 0.5203066 0.5559855
vn -0.5490664 0.5123956 -0.6602855
vn 0 0.8662271 -0.4996504
vn 0 -0.03738964 -0.9993008
vn 0 0.8662272 -0.4996504
vn 0 -0.03738975 -0.9993008
vn 0.9511217 0.3088164 0
vn 0.9511337 0.3087794 0
vn -0.9511216 0.3088168 0
vn -0.9511034 0.3088726 0
vn -0.9786642 -0.2054662 0
vn -0.9786642 -0.2054662 0
vn -0.9786642 -0.2054662 0
vn -0.9786642 -0.2054662 0
vn 0.7156278 -0.2059686 0.6674234
vn 0.4647971 -0.06036162 0.8833573
vn -0.7071068 0 0.7071068
vn -0.162221 -0.1622214 0.9733286
vn 0.3268185 -0.2954167 0.8977298
vn 0.204925 -0.5062634 0.8376773
vn 0.4986553 -0.4123942 0.7624133
vn 0.6081746 0.634874 0.4765069
vn 0.05556548 0.5758424 0.8156703
vn 0.203911 0.4188803 0.88485
vn 0.5293571 0.5563095 0.6405473
vn 0.6247427 0.4483905 0.6392515
vn 0.2099743 -0.09051944 0.9735076
vn 0.3872377 -0.5357893 0.7503179
vn 0.5158334 -0.2349505 0.8238412
vn 0.9182147 0.1393823 0.3707483
vn 0.3367155 0.3244762 0.8839332
vn -0.1310111 0.8758631 0.464435
vn -0.4779328 -0.1092927 0.8715706
vn -0.1998807 -0.005659661 0.9798039
vn -0.21879 0.6962128 0.6836804
vn 0 0.7616414 0.6479988
vn 0 0 1
vn 0 -0.7071068 0.7071068
vn 0 0 1
vn 0 0.4727705 0.8811856
vn 0 0 1
vn -0.7156278 -0.2059686 0.6674234
vn -0.4647971 -0.06036162 0.8833573
vn 0.7071068 0 0.7071068
vn 0.1622211 -0.1622214 0.9733286
vn -0.3268183 -0.2954167 0.8977298
vn -0.2049245 -0.5062634 0.8376774
vn -0.4986551 -0.4123943 0.7624134
vn -0.6081743 0.6348742 0.4765071
vn -0.05556477 0.5758424 0.8156704
vn -0.2039105 0.4188805 0.8848501
vn -0.5293568 0.5563098 0.6405474
vn -0.6247427 0.4483907 0.6392515
vn -0.2099734 -0.09051946 0.9735078
vn -0.4183478 -0.502717 0.7564792
vn -0.5236871 -0.2264785 0.8212547
vn -0.9216688 0.05558237 0.3839757
vn -0.3769926 0.2855666 0.8810949
vn 0.08801529 0.8544424 0.5120367
vn 0.5144887 -0.1019292 0.8514176
vn 0.2106658 0.007473776 0.9775296
vn 0.2090618 0.7018552 0.6809496
vn 0 0.4727705 0.8811856
vn 0 0 1
vn 0.9538333 -0.2745278 -0.1218049
vn 0.9830311 -0.1276629 -0.1317273
vn 0.7403263 -0.669193 -0.06401397
vn 0.6770338 0.7067562 -0.2052336
vn 0.09535894 0.9882492 -0.1194578
vn 0.767476 -0.6347125 -0.09011483
vn 0.375157 -0.9268215 0.01609675
vn 0.4315796 0.8865671 -0.166547
vn 0.6624602 0.7168466 -0.2174338
vn -0.9913219 -0.01729903 0.1303143
vn -0.9803557 -0.1398814 0.1390536
vn -0.1632295 0.9736974 -0.1589643
vn 0.9083602 -0.4137382 -0.0608484
vn 0.9752817 0.1480448 -0.1640378
vn 0.5851449 -0.8096177 0.04609511
vn 0.9169379 -0.3952914 -0.05449462
vn -0.29771 0.9473434 -0.1179374
vn 0.6772908 0.7117752 -0.1861542
vn 0.7981869 0.5728748 -0.1863122
vn 3.229296E-05 0.9870853 -0.1601955
vn 0 0.9870853 -0.1601953
vn -0.9538334 -0.2745278 -0.1218049
vn -0.9830311 -0.1276629 -0.1317273
vn -0.740326 -0.6691932 -0.0640138
vn -0.7674761 -0.6347124 -0.09011488
vn -0.6770338 0.7067562 -0.2052336
vn -0.09535879 0.9882493 -0.1194578
vn -0.3751568 -0.9268216 0.01609687
vn -0.4315791 0.8865674 -0.166547
vn 0.9825127 -0.125006 0.1379944
vn 0.9917719 0.04766741 0.1188121
vn -0.7457475 0.6314218 -0.2125259
vn 0.1206976 0.9788427 -0.1652245
vn -0.9159899 -0.3961374 -0.06354272
vn -0.9869776 0.05952071 -0.1494409
vn -0.6393259 -0.7682604 0.03222619
vn -0.9169379 -0.3952915 -0.05449446
vn 0.2834011 0.9514236 -0.1203206
vn -0.6772903 0.7117755 -0.1861542
vn -0.7981868 0.5728748 -0.1863122
vn -3.229297E-05 0.9870853 -0.1601955
vn -1 0 0
vn -0.7071061 -0.7071075 0
vn 0 -1 0
vn 1 0 0
vn 0.7071061 -0.7071075 0
vn -0.7071068 0 0.7071068
vn 0 -0.7071068 0.7071068
vn -0.7071061 -0.7071075 0
vn -0.162221 -0.1622214 0.9733286
vn 0.7071068 0 0.7071068
vn 0.1622211 -0.1622214 0.9733286
vn 0 -1 0
vn 0.7071061 -0.7071075 0
vn 0 -0.7071068 0.7071068
vn 0 0 1
vn 0 0 1
vn 0 0 1
vn 0 0 1
vn 0 1 0
vn 0 1 0
vn 0 0 -1
vn 0 0 -1
vn 0 1 0
vn 0 1 0
vn 0 0 -1
vn 0 0 -1
vn 0 -1 0
vn 0 -1 0
vn 0 -1 0
vn 0 -1 0
vn 1 0 0
vn 1 0 0
vn 1 0 0
vn 1 0 0
vn -1 0 0
vn -1 0 0
vn -1 0 0
vn -1 0 0
vn 0 0 1
vn 0 0 1
vn 0 0 1
vn 0 0 1
vn 0 1 0
vn 0 1 0
vn 0 0 -1
vn 0 0 -1
vn 0 1 0
vn 0 1 0
vn 0 0 -1
vn 0 0 -1
vn 0 -1 0
vn 0 -1 0
vn 0 -1 0
vn 0 -1 0
vn 1 0 0
vn 1 0 0
vn 1 0 0
vn 1 0 0
vn -1 0 0
vn -1 0 0
vn -1 0 0
vn -1 0 0
vn -0.8517558 0 0.523939
vn -0.6363598 0 0.7713924
vn -0.7557514 0 0.6548588
vn -0.8517558 0 0.5239391
vn -0.3712072 0 0.9285501
vn -0.2280516 0 0.9736491
vn -0.05540638 0 0.9984639
vn -0.02770318 0 0.9996162
vn 0 0 1
vn 0 0 1
vn 0.8517557 0 0.5239392
vn 0.6363598 0 0.7713924
vn 0.7557513 0 0.6548589
vn 0.8517557 0 0.5239392
vn 0.3712072 0 0.9285501
vn 0.2280516 0 0.9736491
vn 0.05540638 0 0.9984639
vn 0.02770319 0 0.9996162
vn -0.9786641 -0.2054666 0.0002018438
vn -0.9786641 -0.2054666 0.0002018438
vn -0.9786641 -0.2054666 0.0002018438
vn -0.9786641 -0.2054666 0.0002018438
vn -0.9993542 -0.03593406 0.0002018398
vn -0.9993542 -0.03593406 0.0002018398
vn -0.9993542 -0.03593406 0.0002018398
vn -0.9993542 -0.03593406 0.0002018398
vn 0.9992737 -0.03810785 0
vn 0.9992737 -0.03810785 0
vn 0.9992737 -0.03810785 0
vn 0.9992737 -0.03810785 0
vn 0 0.1275628 0.9918305
vn 0 0.1275628 0.9918305
vn 0 0.1275628 0.9918305
vn 0 0.1275628 0.9918305
vn 0 0.1275624 0.9918306
vn 0 0.1275624 0.9918306
vn 0 0.1275624 0.9918306
vn 0 0.1275624 0.9918306
vn 0.9786644 -0.2054655 0
vn 0.9786644 -0.2054655 0
vn 0.9786644 -0.2054655 0
vn 0.9786644 -0.2054655 0
vn -0.9548282 0.2971585 0
vn -0.9548282 0.2971585 0
vn -0.9548282 0.2971585 0
vn -0.9548282 0.2971585 0
vn 0.9548282 -0.2971585 0
vn 0.9548282 -0.2971585 0
vn 0.9548282 -0.2971585 0
vn 0.9548282 -0.2971585 0
vn -0.9709917 0 0.2391131
vn -0.7854513 0 0.6189235
vn -0.1732097 0 0.984885
vn -0.4198027 0 0.9076154
vn -0.9856685 0 0.1686942
vn -0.9985312 0 0.05417989
vn -0.8294037 0 0.5586498
vn -0.4985096 0 0.8668842
vn -0.3089241 0 0.9510868
vn -0.9709917 0 0.2391131
vn -0.7854513 0 0.6189235
vn -0.1732097 0 0.984885
vn -0.4198027 0 0.9076154
vn -0.9856685 0 0.1686942
vn -0.9985312 0 0.05417989
vn -0.8294037 0 0.5586498
vn -0.4985096 0 0.8668842
vn -0.3089241 0 0.9510868
vn -0.985894 0 0.1673712
vn -0.8158023 0 0.5783309
vn -0.2064202 0 0.9784635
vn 0.1401903 0 0.9901246
vn -0.00424135 0 0.9999911
vn -0.2743522 0 0.9616293
vn -0.4469077 0 0.8945801
vn -0.3560131 0 0.934481
vn -0.1565473 0 0.9876705
vn -0.985894 0 0.1673712
vn -0.8158023 0 0.5783309
vn -0.2064202 0 0.9784635
vn 0.1401903 0 0.9901246
vn -0.00424135 0 0.9999911
vn -0.2743522 0 0.9616293
vn -0.4469077 0 0.8945801
vn -0.3560131 0 0.934481
vn -0.1565473 0 0.9876705
vn -0.951976 -0.3061727 0
vn -0.951976 -0.3061727 0
vn -0.951976 -0.3061727 0
vn -0.951976 -0.3061727 0
vn 0.951976 0.3061727 0
vn 0.951976 0.3061727 0
vn 0.951976 0.3061727 0
vn 0.951976 0.3061727 0
vn 0.2773261 0 0.9607759
vn -0.3095074 0 0.950897
vn -0.5067082 0 0.8621176
vn -0.03213476 0 0.9994836
vn 0.1509507 0 0.9885413
vn 0.2649546 0 0.9642609
vn 0.4626866 0 0.8865219
vn 0.8174993 0 0.5759296
vn 0.9561034 0 0.2930296
vn 0.2773261 0 0.9607759
vn -0.3095074 0 0.950897
vn -0.5067082 0 0.8621176
vn -0.03213476 0 0.9994836
vn 0.1509507 0 0.9885413
vn 0.2649546 0 0.9642609
vn 0.4626866 0 0.8865219
vn 0.8174993 0 0.5759296
vn 0.9561034 0 0.2930296
vn 0 -0.2054671 0.978664
vn 0 -0.2054671 0.978664
vn 0 -0.2054671 0.978664
vn 0 -0.2054671 0.978664
vn 0 -0.2054671 0.978664
vn 0 -0.2054671 0.978664
vn 0 -0.2054671 0.978664
vn 0 -0.2054671 0.978664
vn 0 -0.2054678 0.9786639
vn 0 -0.2054678 0.9786639
vn 0 -0.2054678 0.9786639
vn 0 -0.2054678 0.9786639
vn 0.008626023 0 0.9999628
vn 0.5082397 0 0.8612157
vn 0.9777016 0 0.2099991
vn 0.9268523 0 0.3754262
vn 0.2523637 0 0.9676325
vn -0.03029298 0 0.9995411
vn 0.380631 0 0.924727
vn 0.7782153 0 0.6279975
vn 0.9098527 0 0.4149314
vn 0.008626023 0 0.9999628
vn 0.5082397 0 0.8612157
vn 0.9777016 0 0.2099991
vn 0.9268523 0 0.3754262
vn 0.2523637 0 0.9676325
vn -0.03029298 0 0.9995411
vn 0.380631 0 0.924727
vn 0.7782153 0 0.6279975
vn 0.9098527 0 0.4149314
vn 0 -0.2054671 0.978664
vn 0 -0.2054671 0.978664
vn 0 -0.2054671 0.978664
vn 0 -0.2054671 0.978664
vn -0.7046744 0.7095309 0
vn -0.7046744 0.7095309 0
vn -1 0 0
vn -1 0 0
vn -0.9232211 0.3842692 0
vn -0.9232211 0.3842692 0
vn 0.7489557 0.6626201 0
vn 0.7489557 0.6626201 0
vn 1 0 0
vn 1 0 0
vn 0.9351352 0.3542911 0
vn 0.9351352 0.3542911 0
g Combined Mesh (root: scene)_0
f 4/4/4 1/1/1 2/2/2
f 3/3/3 1/1/1 4/4/4
g Combined Mesh (root: scene)_1
f 39/39/39 21/21/21 22/22/22
f 36/36/36 41/41/41 43/43/43
f 35/35/35 37/37/37 42/42/42
f 14/14/14 37/37/37 35/35/35
f 31/31/31 14/14/14 35/35/35
f 40/40/40 14/14/14 31/31/31
f 33/33/33 34/34/34 18/18/18
f 32/32/32 34/34/34 33/33/33
f 25/25/25 32/32/32 33/33/33
f 15/15/15 32/32/32 25/25/25
f 13/13/13 15/15/15 25/25/25
f 11/11/11 15/15/15 13/13/13
f 24/24/24 11/11/11 13/13/13
f 7/7/7 11/11/11 24/24/24
f 8/8/8 7/7/7 24/24/24
f 9/9/9 7/7/7 8/8/8
f 6/6/6 9/9/9 8/8/8
f 5/5/5 9/9/9 6/6/6
f 20/20/20 5/5/5 6/6/6
f 10/10/10 7/7/7 9/9/9
f 11/11/11 7/7/7 10/10/10
f 15/15/15 11/11/11 10/10/10
f 32/32/32 41/41/41 34/34/34
f 30/30/30 41/41/41 32/32/32
f 15/15/15 30/30/30 32/32/32
f 14/14/14 30/30/30 15/15/15
f 12/12/12 14/14/14 15/15/15
f 37/37/37 14/14/14 12/12/12
f 38/38/38 37/37/37 12/12/12
f 10/10/10 12/12/12 15/15/15
f 38/38/38 12/12/12 10/10/10
f 19/19/19 20/20/20 6/6/6
f 8/8/8 19/19/19 6/6/6
f 21/21/21 19/19/19 8/8/8
f 26/26/26 21/21/21 8/8/8
f 23/23/23 21/21/21 26/26/26
f 28/28/28 23/23/23 26/26/26
f 16/16/16 23/23/23 28/28/28
f 17/17/17 16/16/16 28/28/28
f 26/26/26 8/8/8 24/24/24
f 27/27/27 26/26/26 24/24/24
f 28/28/28 26/26/26 27/27/27
f 29/29/29 28/28/28 27/27/27
f 17/17/17 28/28/28 29/29/29
f 18/18/18 17/17/17 29/29/29
f 29/29/29 33/33/33 18/18/18
f 13/13/13 33/33/33 29/29/29
f 27/27/27 13/13/13 29/29/29
f 24/24/24 13/13/13 27/27/27
f 13/13/13 25/25/25 33/33/33
g Combined Mesh (root: scene)_2
f 81/81/81 83/83/83 91/91/91
f 53/53/53 83/83/83 81/81/81
f 77/77/77 53/53/53 81/81/81
f 89/89/89 53/53/53 77/77/77
f 78/78/78 76/76/76 90/90/90
f 54/54/54 76/76/76 78/78/78
f 71/71/71 54/54/54 78/78/78
f 52/52/52 54/54/54 71/71/71
f 79/79/79 52/52/52 71/71/71
f 75/75/75 52/52/52 79/79/79
f 61/61/61 75/75/75 79/79/79
f 58/58/58 75/75/75 61/61/61
f 60/60/60 58/58/58 61/61/61
f 86/86/86 58/58/58 60/60/60
f 59/59/59 86/86/86 60/60/60
f 85/85/85 86/86/86 59/59/59
f 82/82/82 85/85/85 59/59/59
f 94/94/94 85/85/85 82/82/82
f 92/92/92 94/94/94 82/82/82
f 93/93/93 94/94/94 92/92/92
f 45/45/45 63/63/63 44/44/44
f 48/48/48 45/45/45 44/44/44
f 47/47/47 45/45/45 48/48/48
f 46/46/46 47/47/47 48/48/48
f 70/70/70 47/47/47 46/46/46
f 50/50/50 70/70/70 46/46/46
f 52/52/52 70/70/70 50/50/50
f 54/54/54 52/52/52 50/50/50
f 49/49/49 46/46/46 48/48/48
f 50/50/50 46/46/46 49/49/49
f 54/54/54 50/50/50 49/49/49
f 53/53/53 76/76/76 54/54/54
f 51/51/51 53/53/53 54/54/54
f 83/83/83 53/53/53 51/51/51
f 84/84/84 83/83/83 51/51/51
f 49/49/49 51/51/51 54/54/54
f 84/84/84 51/51/51 49/49/49
f 68/68/68 57/57/57 56/56/56
f 58/58/58 57/57/57 68/68/68
f 55/55/55 58/58/58 68/68/68
f 74/74/74 58/58/58 55/55/55
f 69/69/69 74/74/74 55/55/55
f 72/72/72 74/74/74 69/69/69
f 64/64/64 72/72/72 69/69/69
f 47/47/47 72/72/72 64/64/64
f 62/62/62 47/47/47 64/64/64
f 45/45/45 47/47/47 62/62/62
f 63/63/63 45/45/45 62/62/62
f 68/68/68 69/69/69 55/55/55
f 66/66/66 69/69/69 68/68/68
f 65/65/65 66/66/66 68/68/68
f 87/87/87 66/66/66 65/65/65
f 88/88/88 87/87/87 65/65/65
f 67/67/67 68/68/68 56/56/56
f 65/65/65 68/68/68 67/67/67
f 88/88/88 65/65/65 67/67/67
f 64/64/64 66/66/66 87/87/87
f 69/69/69 66/66/66 64/64/64
f 80/80/80 61/61/61 79/79/79
f 60/60/60 61/61/61 80/80/80
f 90/90/90 60/60/60 80/80/80
f 82/82/82 60/60/60 90/90/90
f 92/92/92 82/82/82 90/90/90
f 74/74/74 75/75/75 58/58/58
f 73/73/73 75/75/75 74/74/74
f 72/72/72 73/73/73 74/74/74
f 70/70/70 73/73/73 72/72/72
f 47/47/47 70/70/70 72/72/72
f 52/52/52 73/73/73 70/70/70
f 75/75/75 73/73/73 52/52/52
f 78/78/78 79/79/79 71/71/71
f 80/80/80 79/79/79 78/78/78
f 90/90/90 80/80/80 78/78/78
f 59/59/59 60/60/60 82/82/82
g Combined Mesh (root: scene)_3
f 129/129/129 111/111/111 112/112/112
f 126/126/126 131/131/131 133/133/133
f 125/125/125 127/127/127 132/132/132
f 104/104/104 127/127/127 125/125/125
f 121/121/121 104/104/104 125/125/125
f 130/130/130 104/104/104 121/121/121
f 123/123/123 124/124/124 108/108/108
f 122/122/122 124/124/124 123/123/123
f 115/115/115 122/122/122 123/123/123
f 105/105/105 122/122/122 115/115/115
f 103/103/103 105/105/105 115/115/115
f 101/101/101 105/105/105 103/103/103
f 114/114/114 101/101/101 103/103/103
f 97/97/97 101/101/101 114/114/114
f 98/98/98 97/97/97 114/114/114
f 99/99/99 97/97/97 98/98/98
f 96/96/96 99/99/99 98/98/98
f 95/95/95 99/99/99 96/96/96
f 110/110/110 95/95/95 96/96/96
f 100/100/100 97/97/97 99/99/99
f 101/101/101 97/97/97 100/100/100
f 105/105/105 101/101/101 100/100/100
f 122/122/122 131/131/131 124/124/124
f 120/120/120 131/131/131 122/122/122
f 105/105/105 120/120/120 122/122/122
f 104/104/104 120/120/120 105/105/105
f 102/102/102 104/104/104 105/105/105
f 127/127/127 104/104/104 102/102/102
f 128/128/128 127/127/127 102/102/102
f 100/100/100 102/102/102 105/105/105
f 128/128/128 102/102/102 100/100/100
f 109/109/109 110/110/110 96/96/96
f 98/98/98 109/109/109 96/96/96
f 111/111/111 109/109/109 98/98/98
f 116/116/116 111/111/111 98/98/98
f 113/113/113 111/111/111 116/116/116
f 118/118/118 113/113/113 116/116/116
f 106/106/106 113/113/113 118/118/118
f 107/107/107 106/106/106 118/118/118
f 116/116/116 98/98/98 114/114/114
f 117/117/117 116/116/116 114/114/114
f 118/118/118 116/116/116 117/117/117
f 119/119/119 118/118/118 117/117/117
f 107/107/107 118/118/118 119/119/119
f 108/108/108 107/107/107 119/119/119
f 119/119/119 123/123/123 108/108/108
f 103/103/103 123/123/123 119/119/119
f 117/117/117 103/103/103 119/119/119
f 114/114/114 103/103/103 117/117/117
f 103/103/103 115/115/115 123/123/123
g Combined Mesh (root: scene)_4
f 168/168/168 150/150/150 151/151/151
f 165/165/165 170/170/170 172/172/172
f 164/164/164 166/166/166 171/171/171
f 143/143/143 166/166/166 164/164/164
f 160/160/160 143/143/143 164/164/164
f 169/169/169 143/143/143 160/160/160
f 162/162/162 163/163/163 147/147/147
f 161/161/161 163/163/163 162/162/162
f 154/154/154 161/161/161 162/162/162
f 144/144/144 161/161/161 154/154/154
f 142/142/142 144/144/144 154/154/154
f 140/140/140 144/144/144 142/142/142
f 153/153/153 140/140/140 142/142/142
f 136/136/136 140/140/140 153/153/153
f 137/137/137 136/136/136 153/153/153
f 138/138/138 136/136/136 137/137/137
f 135/135/135 138/138/138 137/137/137
f 134/134/134 138/138/138 135/135/135
f 149/149/149 134/134/134 135/135/135
f 139/139/139 136/136/136 138/138/138
f 140/140/140 136/136/136 139/139/139
f 144/144/144 140/140/140 139/139/139
f 161/161/161 170/170/170 163/163/163
f 159/159/159 170/170/170 161/161/161
f 144/144/144 159/159/159 161/161/161
f 143/143/143 159/159/159 144/144/144
f 141/141/141 143/143/143 144/144/144
f 166/166/166 143/143/143 141/141/141
f 167/167/167 166/166/166 141/141/141
f 139/139/139 141/141/141 144/144/144
f 167/167/167 141/141/141 139/139/139
f 148/148/148 149/149/149 135/135/135
f 137/137/137 148/148/148 135/135/135
f 150/150/150 148/148/148 137/137/137
f 155/155/155 150/150/150 137/137/137
f 152/152/152 150/150/150 155/155/155
f 157/157/157 152/152/152 155/155/155
f 145/145/145 152/152/152 157/157/157
f 146/146/146 145/145/145 157/157/157
f 155/155/155 137/137/137 153/153/153
f 156/156/156 155/155/155 153/153/153
f 157/157/157 155/155/155 156/156/156
f 158/158/158 157/157/157 156/156/156
f 146/146/146 157/157/157 158/158/158
f 147/147/147 146/146/146 158/158/158
f 158/158/158 162/162/162 147/147/147
f 142/142/142 162/162/162 158/158/158
f 156/156/156 142/142/142 158/158/158
f 153/153/153 142/142/142 156/156/156
f 142/142/142 154/154/154 162/162/162
g Combined Mesh (root: scene)_5
f 207/207/207 189/189/189 190/190/190
f 204/204/204 209/209/209 211/211/211
f 203/203/203 205/205/205 210/210/210
f 182/182/182 205/205/205 203/203/203
f 199/199/199 182/182/182 203/203/203
f 208/208/208 182/182/182 199/199/199
f 201/201/201 202/202/202 186/186/186
f 200/200/200 202/202/202 201/201/201
f 193/193/193 200/200/200 201/201/201
f 183/183/183 200/200/200 193/193/193
f 181/181/181 183/183/183 193/193/193
f 179/179/179 183/183/183 181/181/181
f 192/192/192 179/179/179 181/181/181
f 175/175/175 179/179/179 192/192/192
f 176/176/176 175/175/175 192/192/192
f 177/177/177 175/175/175 176/176/176
f 174/174/174 177/177/177 176/176/176
f 173/173/173 177/177/177 174/174/174
f 188/188/188 173/173/173 174/174/174
f 178/178/178 175/175/175 177/177/177
f 179/179/179 175/175/175 178/178/178
f 183/183/183 179/179/179 178/178/178
f 200/200/200 209/209/209 202/202/202
f 198/198/198 209/209/209 200/200/200
f 183/183/183 198/198/198 200/200/200
f 182/182/182 198/198/198 183/183/183
f 180/180/180 182/182/182 183/183/183
f 205/205/205 182/182/182 180/180/180
f 206/206/206 205/205/205 180/180/180
f 178/178/178 180/180/180 183/183/183
f 206/206/206 180/180/180 178/178/178
f 187/187/187 188/188/188 174/174/174
f 176/176/176 187/187/187 174/174/174
f 189/189/189 187/187/187 176/176/176
f 194/194/194 189/189/189 176/176/176
f 191/191/191 189/189/189 194/194/194
f 196/196/196 191/191/191 194/194/194
f 184/184/184 191/191/191 196/196/196
f 185/185/185 184/184/184 196/196/196
f 194/194/194 176/176/176 192/192/192
f 195/195/195 194/194/194 192/192/192
f 196/196/196 194/194/194 195/195/195
f 197/197/197 196/196/196 195/195/195
f 185/185/185 196/196/196 197/197/197
f 186/186/186 185/185/185 197/197/197
f 197/197/197 201/201/201 186/186/186
f 181/181/181 201/201/201 197/197/197
f 195/195/195 181/181/181 197/197/197
f 192/192/192 181/181/181 195/195/195
f 181/181/181 193/193/193 201/201/201
g Combined Mesh (root: scene)_6
f 249/249/249 251/251/251 259/259/259
f 221/221/221 251/251/251 249/249/249
f 245/245/245 221/221/221 249/249/249
f 257/257/257 221/221/221 245/245/245
f 246/246/246 244/244/244 258/258/258
f 222/222/222 244/244/244 246/246/246
f 239/239/239 222/222/222 246/246/246
f 220/220/220 222/222/222 239/239/239
f 247/247/247 220/220/220 239/239/239
f 243/243/243 220/220/220 247/247/247
f 229/229/229 243/243/243 247/247/247
f 226/226/226 243/243/243 229/229/229
f 228/228/228 226/226/226 229/229/229
f 254/254/254 226/226/226 228/228/228
f 227/227/227 254/254/254 228/228/228
f 253/253/253 254/254/254 227/227/227
f 250/250/250 253/253/253 227/227/227
f 262/262/262 253/253/253 250/250/250
f 260/260/260 262/262/262 250/250/250
f 261/261/261 262/262/262 260/260/260
f 213/213/213 231/231/231 212/212/212
f 216/216/216 213/213/213 212/212/212
f 215/215/215 213/213/213 216/216/216
f 214/214/214 215/215/215 216/216/216
f 238/238/238 215/215/215 214/214/214
f 218/218/218 238/238/238 214/214/214
f 220/220/220 238/238/238 218/218/218
f 222/222/222 220/220/220 218/218/218
f 217/217/217 214/214/214 216/216/216
f 218/218/218 214/214/214 217/217/217
f 222/222/222 218/218/218 217/217/217
f 221/221/221 244/244/244 222/222/222
f 219/219/219 221/221/221 222/222/222
f 251/251/251 221/221/221 219/219/219
f 252/252/252 251/251/251 219/219/219
f 217/217/217 219/219/219 222/222/222
f 252/252/252 219/219/219 217/217/217
f 236/236/236 225/225/225 224/224/224
f 226/226/226 225/225/225 236/236/236
f 223/223/223 226/226/226 236/236/236
f 242/242/242 226/226/226 223/223/223
f 237/237/237 242/242/242 223/223/223
f 240/240/240 242/242/242 237/237/237
f 232/232/232 240/240/240 237/237/237
f 215/215/215 240/240/240 232/232/232
f 230/230/230 215/215/215 232/232/232
f 213/213/213 215/215/215 230/230/230
f 231/231/231 213/213/213 230/230/230
f 236/236/236 237/237/237 223/223/223
f 234/234/234 237/237/237 236/236/236
f 233/233/233 234/234/234 236/236/236
f 255/255/255 234/234/234 233/233/233
f 256/256/256 255/255/255 233/233/233
f 235/235/235 236/236/236 224/224/224
f 233/233/233 236/236/236 235/235/235
f 256/256/256 233/233/233 235/235/235
f 232/232/232 234/234/234 255/255/255
f 237/237/237 234/234/234 232/232/232
f 248/248/248 229/229/229 247/247/247
f 228/228/228 229/229/229 248/248/248
f 258/258/258 228/228/228 248/248/248
f 250/250/250 228/228/228 258/258/258
f 260/260/260 250/250/250 258/258/258
f 242/242/242 243/243/243 226/226/226
f 241/241/241 243/243/243 242/242/242
f 240/240/240 241/241/241 242/242/242
f 238/238/238 241/241/241 240/240/240
f 215/215/215 238/238/238 240/240/240
f 220/220/220 241/241/241 238/238/238
f 243/243/243 241/241/241 220/220/220
f 246/246/246 247/247/247 239/239/239
f 248/248/248 247/247/247 246/246/246
f 258/258/258 248/248/248 246/246/246
f 227/227/227 228/228/228 250/250/250
g Combined Mesh (root: scene)_7
f 300/300/300 302/302/302 310/310/310
f 272/272/272 302/302/302 300/300/300
f 296/296/296 272/272/272 300/300/300
f 308/308/308 272/272/272 296/296/296
f 297/297/297 295/295/295 309/309/309
f 273/273/273 295/295/295 297/297/297
f 290/290/290 273/273/273 297/297/297
f 271/271/271 273/273/273 290/290/290
f 298/298/298 271/271/271 290/290/290
f 294/294/294 271/271/271 298/298/298
f 280/280/280 294/294/294 298/298/298
f 277/277/277 294/294/294 280/280/280
f 279/279/279 277/277/277 280/280/280
f 305/305/305 277/277/277 279/279/279
f 278/278/278 305/305/305 279/279/279
f 304/304/304 305/305/305 278/278/278
f 301/301/301 304/304/304 278/278/278
f 313/313/313 304/304/304 301/301/301
f 311/311/311 313/313/313 301/301/301
f 312/312/312 313/313/313 311/311/311
f 264/264/264 282/282/282 263/263/263
f 267/267/267 264/264/264 263/263/263
f 266/266/266 264/264/264 267/267/267
f 265/265/265 266/266/266 267/267/267
f 289/289/289 266/266/266 265/265/265
f 269/269/269 289/289/289 265/265/265
f 271/271/271 289/289/289 269/269/269
f 273/273/273 271/271/271 269/269/269
f 268/268/268 265/265/265 267/267/267
f 269/269/269 265/265/265 268/268/268
f 273/273/273 269/269/269 268/268/268
f 272/272/272 295/295/295 273/273/273
f 270/270/270 272/272/272 273/273/273
f 302/302/302 272/272/272 270/270/270
f 303/303/303 302/302/302 270/270/270
f 268/268/268 270/270/270 273/273/273
f 303/303/303 270/270/270 268/268/268
f 287/287/287 276/276/276 275/275/275
f 277/277/277 276/276/276 287/287/287
f 274/274/274 277/277/277 287/287/287
f 293/293/293 277/277/277 274/274/274
f 288/288/288 293/293/293 274/274/274
f 291/291/291 293/293/293 288/288/288
f 283/283/283 291/291/291 288/288/288
f 266/266/266 291/291/291 283/283/283
f 281/281/281 266/266/266 283/283/283
f 264/264/264 266/266/266 281/281/281
f 282/282/282 264/264/264 281/281/281
f 287/287/287 288/288/288 274/274/274
f 285/285/285 288/288/288 287/287/287
f 284/284/284 285/285/285 287/287/287
f 306/306/306 285/285/285 284/284/284
f 307/307/307 306/306/306 284/284/284
f 286/286/286 287/287/287 275/275/275
f 284/284/284 287/287/287 286/286/286
f 307/307/307 284/284/284 286/286/286
f 283/283/283 285/285/285 306/306/306
f 288/288/288 285/285/285 283/283/283
f 299/299/299 280/280/280 298/298/298
f 279/279/279 280/280/280 299/299/299
f 309/309/309 279/279/279 299/299/299
f 301/301/301 279/279/279 309/309/309
f 311/311/311 301/301/301 309/309/309
f 293/293/293 294/294/294 277/277/277
f 292/292/292 294/294/294 293/293/293
f 291/291/291 292/292/292 293/293/293
f 289/289/289 292/292/292 291/291/291
f 266/266/266 289/289/289 291/291/291
f 271/271/271 292/292/292 289/289/289
f 294/294/294 292/292/292 271/271/271
f 297/297/297 298/298/298 290/290/290
f 299/299/299 298/298/298 297/297/297
f 309/309/309 299/299/299 297/297/297
f 278/278/278 279/279/279 301/301/301
g Combined Mesh (root: scene)_8
f 348/348/348 330/330/330 331/331/331
f 345/345/345 350/350/350 352/352/352
f 344/344/344 346/346/346 351/351/351
f 323/323/323 346/346/346 344/344/344
f 340/340/340 323/323/323 344/344/344
f 349/349/349 323/323/323 340/340/340
f 342/342/342 343/343/343 327/327/327
f 341/341/341 343/343/343 342/342/342
f 334/334/334 341/341/341 342/342/342
f 324/324/324 341/341/341 334/334/334
f 322/322/322 324/324/324 334/334/334
f 320/320/320 324/324/324 322/322/322
f 333/333/333 320/320/320 322/322/322
f 316/316/316 320/320/320 333/333/333
f 317/317/317 316/316/316 333/333/333
f 318/318/318 316/316/316 317/317/317
f 315/315/315 318/318/318 317/317/317
f 314/314/314 318/318/318 315/315/315
f 329/329/329 314/314/314 315/315/315
f 319/319/319 316/316/316 318/318/318
f 320/320/320 316/316/316 319/319/319
f 324/324/324 320/320/320 319/319/319
f 341/341/341 350/350/350 343/343/343
f 339/339/339 350/350/350 341/341/341
f 324/324/324 339/339/339 341/341/341
f 323/323/323 339/339/339 324/324/324
f 321/321/321 323/323/323 324/324/324
f 346/346/346 323/323/323 321/321/321
f 347/347/347 346/346/346 321/321/321
f 319/319/319 321/321/321 324/324/324
f 347/347/347 321/321/321 319/319/319
f 328/328/328 329/329/329 315/315/315
f 317/317/317 328/328/328 315/315/315
f 330/330/330 328/328/328 317/317/317
f 335/335/335 330/330/330 317/317/317
f 332/332/332 330/330/330 335/335/335
f 337/337/337 332/332/332 335/335/335
f 325/325/325 332/332/332 337/337/337
f 326/326/326 325/325/325 337/337/337
f 335/335/335 317/317/317 333/333/333
f 336/336/336 335/335/335 333/333/333
f 337/337/337 335/335/335 336/336/336
f 338/338/338 337/337/337 336/336/336
f 326/326/326 337/337/337 338/338/338
f 327/327/327 326/326/326 338/338/338
f 338/338/338 342/342/342 327/327/327
f 322/322/322 342/342/342 338/338/338
f 336/336/336 322/322/322 338/338/338
f 333/333/333 322/322/322 336/336/336
f 322/322/322 334/334/334 342/342/342
g Combined Mesh (root: scene)_9
f 390/390/390 392/392/392 400/400/400
f 362/362/362 392/392/392 390/390/390
f 386/386/386 362/362/362 390/390/390
f 398/398/398 362/362/362 386/386/386
f 387/387/387 385/385/385 399/399/399
f 363/363/363 385/385/385 387/387/387
f 380/380/380 363/363/363 387/387/387
f 361/361/361 363/363/363 380/380/380
f 388/388/388 361/361/361 380/380/380
f 384/384/384 361/361/361 388/388/388
f 370/370/370 384/384/384 388/388/388
f 367/367/367 384/384/384 370/370/370
f 369/369/369 367/367/367 370/370/370
f 395/395/395 367/367/367 369/369/369
f 368/368/368 395/395/395 369/369/369
f 394/394/394 395/395/395 368/368/368
f 391/391/391 394/394/394 368/368/368
f 403/403/403 394/394/394 391/391/391
f 401/401/401 403/403/403 391/391/391
f 402/402/402 403/403/403 401/401/401
f 354/354/354 372/372/372 353/353/353
f 357/357/357 354/354/354 353/353/353
f 356/356/356 354/354/354 357/357/357
f 355/355/355 356/356/356 357/357/357
f 379/379/379 356/356/356 355/355/355
f 359/359/359 379/379/379 355/355/355
f 361/361/361 379/379/379 359/359/359
f 363/363/363 361/361/361 359/359/359
f 358/358/358 355/355/355 357/357/357
f 359/359/359 355/355/355 358/358/358
f 363/363/363 359/359/359 358/358/358
f 362/362/362 385/385/385 363/363/363
f 360/360/360 362/362/362 363/363/363
f 392/392/392 362/362/362 360/360/360
f 393/393/393 392/392/392 360/360/360
f 358/358/358 360/360/360 363/363/363
f 393/393/393 360/360/360 358/358/358
f 377/377/377 366/366/366 365/365/365
f 367/367/367 366/366/366 377/377/377
f 364/364/364 367/367/367 377/377/377
f 383/383/383 367/367/367 364/364/364
f 378/378/378 383/383/383 364/364/364
f 381/381/381 383/383/383 378/378/378
f 373/373/373 381/381/381 378/378/378
f 356/356/356 381/381/381 373/373/373
f 371/371/371 356/356/356 373/373/373
f 354/354/354 356/356/356 371/371/371
f 372/372/372 354/354/354 371/371/371
f 377/377/377 378/378/378 364/364/364
f 375/375/375 378/378/378 377/377/377
f 374/374/374 375/375/375 377/377/377
f 396/396/396 375/375/375 374/374/374
f 397/397/397 396/396/396 374/374/374
f 376/376/376 377/377/377 365/365/365
f 374/374/374 377/377/377 376/376/376
f 397/397/397 374/374/374 376/376/376
f 373/373/373 375/375/375 396/396/396
f 378/378/378 375/375/375 373/373/373
f 389/389/389 370/370/370 388/388/388
f 369/369/369 370/370/370 389/389/389
f 399/399/399 369/369/369 389/389/389
f 391/391/391 369/369/369 399/399/399
f 401/401/401 391/391/391 399/399/399
f 383/383/383 384/384/384 367/367/367
f 382/382/382 384/384/384 383/383/383
f 381/381/381 382/382/382 383/383/383
f 379/379/379 382/382/382 381/381/381
f 356/356/356 379/379/379 381/381/381
f 361/361/361 382/382/382 379/379/379
f 384/384/384 382/382/382 361/361/361
f 387/387/387 388/388/388 380/380/380
f 389/389/389 388/388/388 387/387/387
f 399/399/399 389/389/389 387/387/387
f 368/368/368 369/369/369 391/391/391
g Combined Mesh (root: scene)_10
f 441/441/441 443/443/443 451/451/451
f 413/413/413 443/443/443 441/441/441
f 437/437/437 413/413/413 441/441/441
f 449/449/449 413/413/413 437/437/437
f 438/438/438 436/436/436 450/450/450
f 414/414/414 436/436/436 438/438/438
f 431/431/431 414/414/414 438/438/438
f 412/412/412 414/414/414 431/431/431
f 439/439/439 412/412/412 431/431/431
f 435/435/435 412/412/412 439/439/439
f 421/421/421 435/435/435 439/439/439
f 418/418/418 435/435/435 421/421/421
f 420/420/420 418/418/418 421/421/421
f 446/446/446 418/418/418 420/420/420
f 419/419/419 446/446/446 420/420/420
f 445/445/445 446/446/446 419/419/419
f 442/442/442 445/445/445 419/419/419
f 454/454/454 445/445/445 442/442/442
f 452/452/452 454/454/454 442/442/442
f 453/453/453 454/454/454 452/452/452
f 405/405/405 423/423/423 404/404/404
f 408/408/408 405/405/405 404/404/404
f 407/407/407 405/405/405 408/408/408
f 406/406/406 407/407/407 408/408/408
f 430/430/430 407/407/407 406/406/406
f 410/410/410 430/430/430 406/406/406
f 412/412/412 430/430/430 410/410/410
f 414/414/414 412/412/412 410/410/410
f 409/409/409 406/406/406 408/408/408
f 410/410/410 406/406/406 409/409/409
f 414/414/414 410/410/410 409/409/409
f 413/413/413 436/436/436 414/414/414
f 411/411/411 413/413/413 414/414/414
f 443/443/443 413/413/413 411/411/411
f 444/444/444 443/443/443 411/411/411
f 409/409/409 411/411/411 414/414/414
f 444/444/444 411/411/411 409/409/409
f 428/428/428 417/417/417 416/416/416
f 418/418/418 417/417/417 428/428/428
f 415/415/415 418/418/418 428/428/428
f 434/434/434 418/418/418 415/415/415
f 429/429/429 434/434/434 415/415/415
f 432/432/432 434/434/434 429/429/429
f 424/424/424 432/432/432 429/429/429
f 407/407/407 432/432/432 424/424/424
f 422/422/422 407/407/407 424/424/424
f 405/405/405 407/407/407 422/422/422
f 423/423/423 405/405/405 422/422/422
f 428/428/428 429/429/429 415/415/415
f 426/426/426 429/429/429 428/428/428
f 425/425/425 426/426/426 428/428/428
f 447/447/447 426/426/426 425/425/425
f 448/448/448 447/447/447 425/425/425
f 427/427/427 428/428/428 416/416/416
f 425/425/425 428/428/428 427/427/427
f 448/448/448 425/425/425 427/427/427
f 424/424/424 426/426/426 447/447/447
f 429/429/429 426/426/426 424/424/424
f 440/440/440 421/421/421 439/439/439
f 420/420/420 421/421/421 440/440/440
f 450/450/450 420/420/420 440/440/440
f 442/442/442 420/420/420 450/450/450
f 452/452/452 442/442/442 450/450/450
f 434/434/434 435/435/435 418/418/418
f 433/433/433 435/435/435 434/434/434
f 432/432/432 433/433/433 434/434/434
f 430/430/430 433/433/433 432/432/432
f 407/407/407 430/430/430 432/432/432
f 412/412/412 433/433/433 430/430/430
f 435/435/435 433/433/433 412/412/412
f 438/438/438 439/439/439 431/431/431
f 440/440/440 439/439/439 438/438/438
f 450/450/450 440/440/440 438/438/438
f 419/419/419 420/420/420 442/442/442
g Combined Mesh (root: scene)_11
f 489/489/489 471/471/471 472/472/472
f 486/486/486 491/491/491 493/493/493
f 485/485/485 487/487/487 492/492/492
f 464/464/464 487/487/487 485/485/485
f 481/481/481 464/464/464 485/485/485
f 490/490/490 464/464/464 481/481/481
f 483/483/483 484/484/484 468/468/468
f 482/482/482 484/484/484 483/483/483
f 475/475/475 482/482/482 483/483/483
f 465/465/465 482/482/482 475/475/475
f 463/463/463 465/465/465 475/475/475
f 461/461/461 465/465/465 463/463/463
f 474/474/474 461/461/461 463/463/463
f 457/457/457 461/461/461 474/474/474
f 458/458/458 457/457/457 474/474/474
f 459/459/459 457/457/457 458/458/458
f 456/456/456 459/459/459 458/458/458
f 455/455/455 459/459/459 456/456/456
f 470/470/470 455/455/455 456/456/456
f 460/460/460 457/457/457 459/459/459
f 461/461/461 457/457/457 460/460/460
f 465/465/465 461/461/461 460/460/460
f 482/482/482 491/491/491 484/484/484
f 480/480/480 491/491/491 482/482/482
f 465/465/465 480/480/480 482/482/482
f 464/464/464 480/480/480 465/465/465
f 462/462/462 464/464/464 465/465/465
f 487/487/487 464/464/464 462/462/462
f 488/488/488 487/487/487 462/462/462
f 460/460/460 462/462/462 465/465/465
f 488/488/488 462/462/462 460/460/460
f 469/469/469 470/470/470 456/456/456
f 458/458/458 469/469/469 456/456/456
f 471/471/471 469/469/469 458/458/458
f 476/476/476 471/471/471 458/458/458
f 473/473/473 471/471/471 476/476/476
f 478/478/478 473/473/473 476/476/476
f 466/466/466 473/473/473 478/478/478
f 467/467/467 466/466/466 478/478/478
f 476/476/476 458/458/458 474/474/474
f 477/477/477 476/476/476 474/474/474
f 478/478/478 476/476/476 477/477/477
f 479/479/479 478/478/478 477/477/477
f 467/467/467 478/478/478 479/479/479
f 468/468/468 467/467/467 479/479/479
f 479/479/479 483/483/483 468/468/468
f 463/463/463 483/483/483 479/479/479
f 477/477/477 463/463/463 479/479/479
f 474/474/474 463/463/463 477/477/477
f 463/463/463 475/475/475 483/483/483
g Combined Mesh (root: scene)_12
f 528/528/528 510/510/510 511/511/511
f 525/525/525 530/530/530 532/532/532
f 524/524/524 526/526/526 531/531/531
f 503/503/503 526/526/526 524/524/524
f 520/520/520 503/503/503 524/524/524
f 529/529/529 503/503/503 520/520/520
f 522/522/522 523/523/523 507/507/507
f 521/521/521 523/523/523 522/522/522
f 514/514/514 521/521/521 522/522/522
f 504/504/504 521/521/521 514/514/514
f 502/502/502 504/504/504 514/514/514
f 500/500/500 504/504/504 502/502/502
f 513/513/513 500/500/500 502/502/502
f 496/496/496 500/500/500 513/513/513
f 497/497/497 496/496/496 513/513/513
f 498/498/498 496/496/496 497/497/497
f 495/495/495 498/498/498 497/497/497
f 494/494/494 498/498/498 495/495/495
f 509/509/509 494/494/494 495/495/495
f 499/499/499 496/496/496 498/498/498
f 500/500/500 496/496/496 499/499/499
f 504/504/504 500/500/500 499/499/499
f 521/521/521 530/530/530 523/523/523
f 519/519/519 530/530/530 521/521/521
f 504/504/504 519/519/519 521/521/521
f 503/503/503 519/519/519 504/504/504
f 501/501/501 503/503/503 504/504/504
f 526/526/526 503/503/503 501/501/501
f 527/527/527 526/526/526 501/501/501
f 499/499/499 501/501/501 504/504/504
f 527/527/527 501/501/501 499/499/499
f 508/508/508 509/509/509 495/495/495
f 497/497/497 508/508/508 495/495/495
f 510/510/510 508/508/508 497/497/497
f 515/515/515 510/510/510 497/497/497
f 512/512/512 510/510/510 515/515/515
f 517/517/517 512/512/512 515/515/515
f 505/505/505 512/512/512 517/517/517
f 506/506/506 505/505/505 517/517/517
f 515/515/515 497/497/497 513/513/513
f 516/516/516 515/515/515 513/513/513
f 517/517/517 515/515/515 516/516/516
f 518/518/518 517/517/517 516/516/516
f 506/506/506 517/517/517 518/518/518
f 507/507/507 506/506/506 518/518/518
f 518/518/518 522/522/522 507/507/507
f 502/502/502 522/522/522 518/518/518
f 516/516/516 502/502/502 518/518/518
f 513/513/513 502/502/502 516/516/516
f 502/502/502 514/514/514 522/522/522
g Combined Mesh (root: scene)_13
f 570/570/570 572/572/572 580/580/580
f 542/542/542 572/572/572 570/570/570
f 566/566/566 542/542/542 570/570/570
f 578/578/578 542/542/542 566/566/566
f 567/567/567 565/565/565 579/579/579
f 543/543/543 565/565/565 567/567/567
f 560/560/560 543/543/543 567/567/567
f 541/541/541 543/543/543 560/560/560
f 568/568/568 541/541/541 560/560/560
f 564/564/564 541/541/541 568/568/568
f 550/550/550 564/564/564 568/568/568
f 547/547/547 564/564/564 550/550/550
f 549/549/549 547/547/547 550/550/550
f 575/575/575 547/547/547 549/549/549
f 548/548/548 575/575/575 549/549/549
f 574/574/574 575/575/575 548/548/548
f 571/571/571 574/574/574 548/548/548
f 583/583/583 574/574/574 571/571/571
f 581/581/581 583/583/583 571/571/571
f 582/582/582 583/583/583 581/581/581
f 534/534/534 552/552/552 533/533/533
f 537/537/537 534/534/534 533/533/533
f 536/536/536 534/534/534 537/537/537
f 535/535/535 536/536/536 537/537/537
f 559/559/559 536/536/536 535/535/535
f 539/539/539 559/559/559 535/535/535
f 541/541/541 559/559/559 539/539/539
f 543/543/543 541/541/541 539/539/539
f 538/538/538 535/535/535 537/537/537
f 539/539/539 535/535/535 538/538/538
f 543/543/543 539/539/539 538/538/538
f 542/542/542 565/565/565 543/543/543
f 540/540/540 542/542/542 543/543/543
f 572/572/572 542/542/542 540/540/540
f 573/573/573 572/572/572 540/540/540
f 538/538/538 540/540/540 543/543/543
f 573/573/573 540/540/540 538/538/538
f 557/557/557 546/546/546 545/545/545
f 547/547/547 546/546/546 557/557/557
f 544/544/544 547/547/547 557/557/557
f 563/563/563 547/547/547 544/544/544
f 558/558/558 563/563/563 544/544/544
f 561/561/561 563/563/563 558/558/558
f 553/553/553 561/561/561 558/558/558
f 536/536/536 561/561/561 553/553/553
f 551/551/551 536/536/536 553/553/553
f 534/534/534 536/536/536 551/551/551
f 552/552/552 534/534/534 551/551/551
f 557/557/557 558/558/558 544/544/544
f 555/555/555 558/558/558 557/557/557
f 554/554/554 555/555/555 557/557/557
f 576/576/576 555/555/555 554/554/554
f 577/577/577 576/576/576 554/554/554
f 556/556/556 557/557/557 545/545/545
f 554/554/554 557/557/557 556/556/556
f 577/577/577 554/554/554 556/556/556
f 553/553/553 555/555/555 576/576/576
f 558/558/558 555/555/555 553/553/553
f 569/569/569 550/550/550 568/568/568
f 549/549/549 550/550/550 569/569/569
f 579/579/579 549/549/549 569/569/569
f 571/571/571 549/549/549 579/579/579
f 581/581/581 571/571/571 579/579/579
f 563/563/563 564/564/564 547/547/547
f 562/562/562 564/564/564 563/563/563
f 561/561/561 562/562/562 563/563/563
f 559/559/559 562/562/562 561/561/561
f 536/536/536 559/559/559 561/561/561
f 541/541/541 562/562/562 559/559/559
f 564/564/564 562/562/562 541/541/541
f 567/567/567 568/568/568 560/560/560
f 569/569/569 568/568/568 567/567/567
f 579/579/579 569/569/569 567/567/567
f 548/548/548 549/549/549 571/571/571
g Combined Mesh (root: scene)_14
f 621/621/621 623/623/623 631/631/631
f 593/593/593 623/623/623 621/621/621
f 617/617/617 593/593/593 621/621/621
f 629/629/629 593/593/593 617/617/617
f 618/618/618 616/616/616 630/630/630
f 594/594/594 616/616/616 618/618/618
f 611/611/611 594/594/594 618/618/618
f 592/592/592 594/594/594 611/611/611
f 619/619/619 592/592/592 611/611/611
f 615/615/615 592/592/592 619/619/619
f 601/601/601 615/615/615 619/619/619
f 598/598/598 615/615/615 601/601/601
f 600/600/600 598/598/598 601/601/601
f 626/626/626 598/598/598 600/600/600
f 599/599/599 626/626/626 600/600/600
f 625/625/625 626/626/626 599/599/599
f 622/622/622 625/625/625 599/599/599
f 634/634/634 625/625/625 622/622/622
f 632/632/632 634/634/634 622/622/622
f 633/633/633 634/634/634 632/632/632
f 585/585/585 603/603/603 584/584/584
f 588/588/588 585/585/585 584/584/584
f 587/587/587 585/585/585 588/588/588
f 586/586/586 587/587/587 588/588/588
f 610/610/610 587/587/587 586/586/586
f 590/590/590 610/610/610 586/586/586
f 592/592/592 610/610/610 590/590/590
f 594/594/594 592/592/592 590/590/590
f 589/589/589 586/586/586 588/588/588
f 590/590/590 586/586/586 589/589/589
f 594/594/594 590/590/590 589/589/589
f 593/593/593 616/616/616 594/594/594
f 591/591/591 593/593/593 594/594/594
f 623/623/623 593/593/593 591/591/591
f 624/624/624 623/623/623 591/591/591
f 589/589/589 591/591/591 594/594/594
f 624/624/624 591/591/591 589/589/589
f 608/608/608 597/597/597 596/596/596
f 598/598/598 597/597/597 608/608/608
f 595/595/595 598/598/598 608/608/608
f 614/614/614 598/598/598 595/595/595
f 609/609/609 614/614/614 595/595/595
f 612/612/612 614/614/614 609/609/609
f 604/604/604 612/612/612 609/609/609
f 587/587/587 612/612/612 604/604/604
f 602/602/602 587/587/587 604/604/604
f 585/585/585 587/587/587 602/602/602
f 603/603/603 585/585/585 602/602/602
f 608/608/608 609/609/609 595/595/595
f 606/606/606 609/609/609 608/608/608
f 605/605/605 606/606/606 608/608/608
f 627/627/627 606/606/606 605/605/605
f 628/628/628 627/627/627 605/605/605
f 607/607/607 608/608/608 596/596/596
f 605/605/605 608/608/608 607/607/607
f 628/628/628 605/605/605 607/607/607
f 604/604/604 606/606/606 627/627/627
f 609/609/609 606/606/606 604/604/604
f 620/620/620 601/601/601 619/619/619
f 600/600/600 601/601/601 620/620/620
f 630/630/630 600/600/600 620/620/620
f 622/622/622 600/600/600 630/630/630
f 632/632/632 622/622/622 630/630/630
f 614/614/614 615/615/615 598/598/598
f 613/613/613 615/615/615 614/614/614
f 612/612/612 613/613/613 614/614/614
f 610/610/610 613/613/613 612/612/612
f 587/587/587 610/610/610 612/612/612
f 592/592/592 613/613/613 610/610/610
f 615/615/615 613/613/613 592/592/592
f 618/618/618 619/619/619 611/611/611
f 620/620/620 619/619/619 618/618/618
f 630/630/630 620/620/620 618/618/618
f 599/599/599 600/600/600 622/622/622
g Combined Mesh (root: scene)_15
f 638/638/638 635/635/635 636/636/636
f 637/637/637 635/635/635 638/638/638
f 642/642/642 639/639/639 640/640/640
f 641/641/641 639/639/639 642/642/642
g Combined Mesh (root: scene)_16
f 643/643/643 645/645/645 644/644/644
f 646/646/646 645/645/645 643/643/643
f 657/657/657 647/647/647 658/658/658
f 648/648/648 647/647/647 657/657/657
f 660/660/660 649/649/649 661/661/661
f 659/659/659 649/649/649 660/660/660
f 652/652/652 650/650/650 651/651/651
f 653/653/653 650/650/650 652/652/652
f 654/654/654 662/662/662 663/663/663
f 655/655/655 662/662/662 654/654/654
f 656/656/656 665/665/665 666/666/666
f 664/664/664 665/665/665 656/656/656
f 668/668/668 667/667/667 669/669/669
f 670/670/670 667/667/667 668/668/668
g Combined Mesh (root: scene)_17
f 674/674/674 671/671/671 673/673/673
f 672/672/672 671/671/671 674/674/674
f 678/678/678 675/675/675 677/677/677
f 676/676/676 675/675/675 678/678/678
g Combined Mesh (root: scene)_18
f 682/682/682 697/697/697 683/683/683
f 681/681/681 682/682/682 683/683/683
f 680/680/680 682/682/682 681/681/681
f 679/679/679 680/680/680 681/681/681
f 699/699/699 722/722/722 725/725/725
f 724/724/724 722/722/722 699/699/699
f 702/702/702 724/724/724 699/699/699
f 713/713/713 724/724/724 702/702/702
f 703/703/703 713/713/713 702/702/702
f 704/704/704 713/713/713 703/703/703
f 687/687/687 704/704/704 703/703/703
f 685/685/685 704/704/704 687/687/687
f 686/686/686 685/685/685 687/687/687
f 684/684/684 685/685/685 686/686/686
f 704/704/704 716/716/716 711/711/711
f 701/701/701 716/716/716 704/704/704
f 690/690/690 701/701/701 704/704/704
f 689/689/689 701/701/701 690/690/690
f 688/688/688 689/689/689 690/690/690
f 692/692/692 693/693/693 691/691/691
f 694/694/694 693/693/693 692/692/692
f 695/695/695 694/694/694 692/692/692
f 696/696/696 694/694/694 695/695/695
f 698/698/698 696/696/696 695/695/695
f 699/699/699 696/696/696 698/698/698
f 702/702/702 699/699/699 698/698/698
f 699/699/699 700/700/700 696/696/696
f 708/708/708 709/709/709 723/723/723
f 707/707/707 709/709/709 708/708/708
f 706/706/706 707/707/707 708/708/708
f 705/705/705 707/707/707 706/706/706
f 711/711/711 713/713/713 704/704/704
f 712/712/712 713/713/713 711/711/711
f 710/710/710 712/712/712 711/711/711
f 715/715/715 716/716/716 701/701/701
f 714/714/714 716/716/716 715/715/715
f 721/721/721 722/722/722 724/724/724
f 720/720/720 722/722/722 721/721/721
f 718/718/718 720/720/720 721/721/721
f 719/719/719 720/720/720 718/718/718
f 717/717/717 719/719/719 718/718/718
f 697/697/697 698/698/698 695/695/695
f 682/682/682 698/698/698 697/697/697
f 702/702/702 687/687/687 703/703/703
f 698/698/698 687/687/687 702/702/702
f 685/685/685 690/690/690 704/704/704
f 724/724/724 723/723/723 721/721/721
f 708/708/708 723/723/723 724/724/724
g Combined Mesh (root: scene)_19
f 728/728/728 726/726/726 727/727/727
f 729/729/729 726/726/726 728/728/728
f 730/730/730 734/734/734 735/735/735
f 731/731/731 734/734/734 730/730/730
f 737/737/737 736/736/736 732/732/732
f 738/738/738 736/736/736 737/737/737
f 740/740/740 739/739/739 741/741/741
f 733/733/733 739/739/739 740/740/740
g Combined Mesh (root: scene)_20
f 745/745/745 742/742/742 743/743/743
f 744/744/744 742/742/742 745/745/745
g Combined Mesh (root: scene)_21
f 758/758/758 757/757/757 759/759/759
f 764/764/764 777/777/777 778/778/778
f 747/747/747 748/748/748 749/749/749
f 746/746/746 748/748/748 747/747/747
f 751/751/751 770/770/770 750/750/750
f 769/769/769 770/770/770 751/751/751
f 756/756/756 753/753/753 760/760/760
f 754/754/754 753/753/753 756/756/756
f 752/752/752 754/754/754 756/756/756
f 772/772/772 761/761/761 771/771/771
f 760/760/760 761/761/761 772/772/772
f 756/756/756 760/760/760 772/772/772
f 760/760/760 776/776/776 755/755/755
f 762/762/762 760/760/760 755/755/755
f 773/773/773 760/760/760 762/762/762
f 763/763/763 773/773/773 762/762/762
f 774/774/774 773/773/773 763/763/763
f 775/775/775 774/774/774 763/763/763
f 766/766/766 767/767/767 768/768/768
f 765/765/765 767/767/767 766/766/766
g Combined Mesh (root: scene)_22
f 792/792/792 790/790/790 791/791/791
f 811/811/811 810/810/810 797/797/797
f 781/781/781 780/780/780 782/782/782
f 779/779/779 780/780/780 781/781/781
f 803/803/803 784/784/784 783/783/783
f 802/802/802 784/784/784 803/803/803
f 789/789/789 787/787/787 785/785/785
f 786/786/786 787/787/787 789/789/789
f 793/793/793 786/786/786 789/789/789
f 805/805/805 793/793/793 789/789/789
f 794/794/794 793/793/793 805/805/805
f 804/804/804 794/794/794 805/805/805
f 793/793/793 788/788/788 809/809/809
f 795/795/795 788/788/788 793/793/793
f 806/806/806 795/795/795 793/793/793
f 796/796/796 795/795/795 806/806/806
f 807/807/807 796/796/796 806/806/806
f 808/808/808 796/796/796 807/807/807
f 800/800/800 799/799/799 801/801/801
f 798/798/798 799/799/799 800/800/800
g Combined Mesh (root: scene)_23
f 815/815/815 812/812/812 814/814/814
f 813/813/813 812/812/812 815/815/815
g Combined Mesh (root: scene)_24
f 818/818/818 816/816/816 817/817/817
f 819/819/819 816/816/816 818/818/818
g Combined Mesh (root: scene)_25
f 822/822/822 820/820/820 821/821/821
f 823/823/823 820/820/820 822/822/822
g Combined Mesh (root: scene)_26
f 826/826/826 825/825/825 827/827/827
f 824/824/824 825/825/825 826/826/826
f 830/830/830 829/829/829 831/831/831
f 828/828/828 829/829/829 830/830/830
f 857/857/857 858/858/858 859/859/859
f 856/856/856 858/858/858 857/857/857
f 861/861/861 862/862/862 863/863/863
f 860/860/860 862/862/862 861/861/861
f 832/832/832 835/835/835 834/834/834
f 833/833/833 835/835/835 832/832/832
f 865/865/865 838/838/838 864/864/864
f 837/837/837 838/838/838 865/865/865
f 842/842/842 837/837/837 865/865/865
f 836/836/836 837/837/837 842/842/842
f 847/847/847 836/836/836 842/842/842
f 839/839/839 869/869/869 847/847/847
f 837/837/837 869/869/869 839/839/839
f 840/840/840 837/837/837 839/839/839
f 866/866/866 837/837/837 840/840/840
f 841/841/841 866/866/866 840/840/840
f 867/867/867 866/866/866 841/841/841
f 868/868/868 867/867/867 841/841/841
f 846/846/846 843/843/843 845/845/845
f 844/844/844 843/843/843 846/846/846
f 871/871/871 847/847/847 842/842/842
f 848/848/848 847/847/847 871/871/871
f 870/870/870 848/848/848 871/871/871
f 850/850/850 873/873/873 874/874/874
f 872/872/872 873/873/873 850/850/850
f 849/849/849 872/872/872 850/850/850
f 847/847/847 872/872/872 849/849/849
f 839/839/839 847/847/847 849/849/849
f 851/851/851 876/876/876 877/877/877
f 875/875/875 876/876/876 851/851/851
f 878/878/878 875/875/875 851/851/851
f 879/879/879 878/878/878 851/851/851
f 854/854/854 853/853/853 855/855/855
f 852/852/852 853/853/853 854/854/854
g Combined Mesh (root: scene)_27
f 882/882/882 880/880/880 881/881/881
f 883/883/883 880/880/880 882/882/882
f 884/884/884 890/890/890 891/891/891
f 885/885/885 890/890/890 884/884/884
f 886/886/886 893/893/893 887/887/887
f 892/892/892 893/893/893 886/886/886
f 895/895/895 894/894/894 888/888/888
f 896/896/896 894/894/894 895/895/895
f 898/898/898 897/897/897 889/889/889
f 899/899/899 897/897/897 898/898/898
g Combined Mesh (root: scene)_28
f 902/902/902 901/901/901 903/903/903
f 900/900/900 901/901/901 902/902/902
f 906/906/906 905/905/905 907/907/907
f 904/904/904 905/905/905 906/906/906
f 933/933/933 934/934/934 935/935/935
f 932/932/932 934/934/934 933/933/933
f 937/937/937 938/938/938 939/939/939
f 936/936/936 938/938/938 937/937/937
f 908/908/908 911/911/911 910/910/910
f 909/909/909 911/911/911 908/908/908
f 941/941/941 914/914/914 940/940/940
f 913/913/913 914/914/914 941/941/941
f 918/918/918 913/913/913 941/941/941
f 912/912/912 913/913/913 918/918/918
f 923/923/923 912/912/912 918/918/918
f 915/915/915 945/945/945 923/923/923
f 913/913/913 945/945/945 915/915/915
f 916/916/916 913/913/913 915/915/915
f 942/942/942 913/913/913 916/916/916
f 917/917/917 942/942/942 916/916/916
f 943/943/943 942/942/942 917/917/917
f 944/944/944 943/943/943 917/917/917
f 922/922/922 919/919/919 921/921/921
f 920/920/920 919/919/919 922/922/922
f 947/947/947 923/923/923 918/918/918
f 924/924/924 923/923/923 947/947/947
f 946/946/946 924/924/924 947/947/947
f 926/926/926 949/949/949 950/950/950
f 948/948/948 949/949/949 926/926/926
f 925/925/925 948/948/948 926/926/926
f 923/923/923 948/948/948 925/925/925
f 915/915/915 923/923/923 925/925/925
f 927/927/927 952/952/952 953/953/953
f 951/951/951 952/952/952 927/927/927
f 954/954/954 951/951/951 927/927/927
f 955/955/955 954/954/954 927/927/927
f 930/930/930 929/929/929 931/931/931
f 928/928/928 929/929/929 930/930/930
g Combined Mesh (root: scene)_29
f 957/957/957 958/958/958 959/959/959
f 956/956/956 958/958/958 957/957/957
f 961/961/961 962/962/962 963/963/963
f 960/960/960 962/962/962 961/961/961
f 989/989/989 990/990/990 991/991/991
f 988/988/988 990/990/990 989/989/989
f 993/993/993 994/994/994 995/995/995
f 992/992/992 994/994/994 993/993/993
f 967/967/967 964/964/964 966/966/966
f 965/965/965 964/964/964 967/967/967
f 974/974/974 968/968/968 979/979/979
f 969/969/969 968/968/968 974/974/974
f 997/997/997 969/969/969 974/974/974
f 970/970/970 969/969/969 997/997/997
f 996/996/996 970/970/970 997/997/997
f 973/973/973 999/999/999 1000/1000/1000
f 998/998/998 999/999/999 973/973/973
f 972/972/972 998/998/998 973/973/973
f 969/969/969 998/998/998 972/972/972
f 971/971/971 969/969/969 972/972/972
f 1001/1001/1001 969/969/969 971/971/971
f 979/979/979 1001/1001/1001 971/971/971
f 975/975/975 978/978/978 977/977/977
f 976/976/976 978/978/978 975/975/975
f 1003/1003/1003 980/980/980 1002/1002/1002
f 979/979/979 980/980/980 1003/1003/1003
f 974/974/974 979/979/979 1003/1003/1003
f 981/981/981 979/979/979 971/971/971
f 1004/1004/1004 979/979/979 981/981/981
f 982/982/982 1004/1004/1004 981/981/981
f 1005/1005/1005 1004/1004/1004 982/982/982
f 1006/1006/1006 1005/1005/1005 982/982/982
f 983/983/983 1007/1007/1007 1010/1010/1010
f 1008/1008/1008 1007/1007/1007 983/983/983
f 1009/1009/1009 1008/1008/1008 983/983/983
f 983/983/983 1010/1010/1010 1011/1011/1011
f 985/985/985 986/986/986 987/987/987
f 984/984/984 986/986/986 985/985/985
g Combined Mesh (root: scene)_30
f 1013/1013/1013 1014/1014/1014 1015/1015/1015
f 1012/1012/1012 1014/1014/1014 1013/1013/1013
f 1017/1017/1017 1018/1018/1018 1019/1019/1019
f 1016/1016/1016 1018/1018/1018 1017/1017/1017
f 1045/1045/1045 1046/1046/1046 1047/1047/1047
f 1044/1044/1044 1046/1046/1046 1045/1045/1045
f 1049/1049/1049 1050/1050/1050 1051/1051/1051
f 1048/1048/1048 1050/1050/1050 1049/1049/1049
f 1023/1023/1023 1020/1020/1020 1022/1022/1022
f 1021/1021/1021 1020/1020/1020 1023/1023/1023
f 1030/1030/1030 1024/1024/1024 1035/1035/1035
f 1025/1025/1025 1024/1024/1024 1030/1030/1030
f 1053/1053/1053 1025/1025/1025 1030/1030/1030
f 1026/1026/1026 1025/1025/1025 1053/1053/1053
f 1052/1052/1052 1026/1026/1026 1053/1053/1053
f 1029/1029/1029 1055/1055/1055 1056/1056/1056
f 1054/1054/1054 1055/1055/1055 1029/1029/1029
f 1028/1028/1028 1054/1054/1054 1029/1029/1029
f 1025/1025/1025 1054/1054/1054 1028/1028/1028
f 1027/1027/1027 1025/1025/1025 1028/1028/1028
f 1057/1057/1057 1025/1025/1025 1027/1027/1027
f 1035/1035/1035 1057/1057/1057 1027/1027/1027
f 1031/1031/1031 1034/1034/1034 1033/1033/1033
f 1032/1032/1032 1034/1034/1034 1031/1031/1031
f 1059/1059/1059 1036/1036/1036 1058/1058/1058
f 1035/1035/1035 1036/1036/1036 1059/1059/1059
f 1030/1030/1030 1035/1035/1035 1059/1059/1059
f 1037/1037/1037 1035/1035/1035 1027/1027/1027
f 1060/1060/1060 1035/1035/1035 1037/1037/1037
f 1038/1038/1038 1060/1060/1060 1037/1037/1037
f 1061/1061/1061 1060/1060/1060 1038/1038/1038
f 1062/1062/1062 1061/1061/1061 1038/1038/1038
f 1039/1039/1039 1063/1063/1063 1066/1066/1066
f 1064/1064/1064 1063/1063/1063 1039/1039/1039
f 1065/1065/1065 1064/1064/1064 1039/1039/1039
f 1039/1039/1039 1066/1066/1066 1067/1067/1067
f 1041/1041/1041 1042/1042/1042 1043/1043/1043
f 1040/1040/1040 1042/1042/1042 1041/1041/1041
g Combined Mesh (root: scene)_31
f 1071/1071/1071 1068/1068/1068 1070/1070/1070
f 1069/1069/1069 1068/1068/1068 1071/1071/1071
g Combined Mesh (root: scene)_32
f 1072/1072/1072 1074/1074/1074 1073/1073/1073
f 1075/1075/1075 1074/1074/1074 1072/1072/1072
f 1082/1082/1082 1076/1076/1076 1083/1083/1083
f 1077/1077/1077 1076/1076/1076 1082/1082/1082
f 1085/1085/1085 1078/1078/1078 1079/1079/1079
f 1084/1084/1084 1078/1078/1078 1085/1085/1085
f 1080/1080/1080 1089/1089/1089 1081/1081/1081
f 1087/1087/1087 1089/1089/1089 1080/1080/1080
f 1086/1086/1086 1087/1087/1087 1080/1080/1080
f 1088/1088/1088 1087/1087/1087 1086/1086/1086
g Combined Mesh (root: scene)_33
f 1109/1109/1109 1633/1633/1633 1624/1624/1624
f 1107/1107/1107 1109/1109/1109 1624/1624/1624
f 1108/1108/1108 1109/1109/1109 1107/1107/1107
f 1636/1636/1636 1108/1108/1108 1107/1107/1107
f 1637/1637/1637 1108/1108/1108 1636/1636/1636
f 1095/1095/1095 1637/1637/1637 1636/1636/1636
f 1094/1094/1094 1637/1637/1637 1095/1095/1095
f 1093/1093/1093 1094/1094/1094 1095/1095/1095
f 1118/1118/1118 1099/1099/1099 1129/1129/1129
f 1096/1096/1096 1099/1099/1099 1118/1118/1118
f 1117/1117/1117 1096/1096/1096 1118/1118/1118
f 1103/1103/1103 1096/1096/1096 1117/1117/1117
f 1119/1119/1119 1103/1103/1103 1117/1117/1117
f 1106/1106/1106 1103/1103/1103 1119/1119/1119
f 1635/1635/1635 1106/1106/1106 1119/1119/1119
f 1114/1114/1114 1106/1106/1106 1635/1635/1635
f 1626/1626/1626 1114/1114/1114 1635/1635/1635
f 1113/1113/1113 1114/1114/1114 1626/1626/1626
f 1115/1115/1115 1113/1113/1113 1626/1626/1626
f 1886/1886/1886 1628/1628/1628 1091/1091/1091
f 1887/1887/1887 1628/1628/1628 1886/1886/1886
f 1627/1627/1627 1092/1092/1092 1638/1638/1638
f 1090/1090/1090 1092/1092/1092 1627/1627/1627
f 1110/1110/1110 1090/1090/1090 1627/1627/1627
f 1111/1111/1111 1090/1090/1090 1110/1110/1110
f 1625/1625/1625 1111/1111/1111 1110/1110/1110
f 1112/1112/1112 1111/1111/1111 1625/1625/1625
f 1104/1104/1104 1112/1112/1112 1625/1625/1625
f 1105/1105/1105 1112/1112/1112 1104/1104/1104
f 1101/1101/1101 1105/1105/1105 1104/1104/1104
f 1102/1102/1102 1105/1105/1105 1101/1101/1101
f 1100/1100/1100 1102/1102/1102 1101/1101/1101
f 1097/1097/1097 1102/1102/1102 1100/1100/1100
f 1116/1116/1116 1097/1097/1097 1100/1100/1100
f 1098/1098/1098 1097/1097/1097 1116/1116/1116
f 1130/1130/1130 1098/1098/1098 1116/1116/1116
f 1640/1640/1640 1639/1639/1639 1641/1641/1641
f 1642/1642/1642 1639/1639/1639 1640/1640/1640
f 1644/1644/1644 1120/1120/1120 1121/1121/1121
f 1643/1643/1643 1120/1120/1120 1644/1644/1644
f 1645/1645/1645 1646/1646/1646 1647/1647/1647
f 1122/1122/1122 1646/1646/1646 1645/1645/1645
f 1140/1140/1140 1648/1648/1648 1655/1655/1655
f 1138/1138/1138 1648/1648/1648 1140/1140/1140
f 1139/1139/1139 1138/1138/1138 1140/1140/1140
f 1658/1658/1658 1138/1138/1138 1139/1139/1139
f 1659/1659/1659 1658/1658/1658 1139/1139/1139
f 1128/1128/1128 1658/1658/1658 1659/1659/1659
f 1127/1127/1127 1128/1128/1128 1659/1659/1659
f 1126/1126/1126 1128/1128/1128 1127/1127/1127
f 1650/1650/1650 1144/1144/1144 1146/1146/1146
f 1145/1145/1145 1144/1144/1144 1650/1650/1650
f 1657/1657/1657 1145/1145/1145 1650/1650/1650
f 1137/1137/1137 1145/1145/1145 1657/1657/1657
f 1148/1148/1148 1137/1137/1137 1657/1657/1657
f 1134/1134/1134 1137/1137/1137 1148/1148/1148
f 1147/1147/1147 1134/1134/1134 1148/1148/1148
f 1129/1129/1129 1134/1134/1134 1147/1147/1147
f 1118/1118/1118 1129/1129/1129 1147/1147/1147
f 1652/1652/1652 1888/1888/1888 1124/1124/1124
f 1889/1889/1889 1888/1888/1888 1652/1652/1652
f 1131/1131/1131 1130/1130/1130 1116/1116/1116
f 1133/1133/1133 1130/1130/1130 1131/1131/1131
f 1132/1132/1132 1133/1133/1133 1131/1131/1131
f 1136/1136/1136 1133/1133/1133 1132/1132/1132
f 1135/1135/1135 1136/1136/1136 1132/1132/1132
f 1143/1143/1143 1136/1136/1136 1135/1135/1135
f 1649/1649/1649 1143/1143/1143 1135/1135/1135
f 1142/1142/1142 1143/1143/1143 1649/1649/1649
f 1141/1141/1141 1142/1142/1142 1649/1649/1649
f 1123/1123/1123 1142/1142/1142 1141/1141/1141
f 1651/1651/1651 1123/1123/1123 1141/1141/1141
f 1125/1125/1125 1123/1123/1123 1651/1651/1651
f 1660/1660/1660 1125/1125/1125 1651/1651/1651
f 1662/1662/1662 1661/1661/1661 1663/1663/1663
f 1664/1664/1664 1661/1661/1661 1662/1662/1662
f 1149/1149/1149 1666/1666/1666 1150/1150/1150
f 1665/1665/1665 1666/1666/1666 1149/1149/1149
f 1667/1667/1667 1668/1668/1668 1669/1669/1669
f 1151/1151/1151 1668/1668/1668 1667/1667/1667
f 1158/1158/1158 1670/1670/1670 1671/1671/1671
f 1159/1159/1159 1670/1670/1670 1158/1158/1158
f 1155/1155/1155 1159/1159/1159 1158/1158/1158
f 1154/1154/1154 1159/1159/1159 1155/1155/1155
f 1152/1152/1152 1154/1154/1154 1155/1155/1155
f 1153/1153/1153 1154/1154/1154 1152/1152/1152
f 1156/1156/1156 1153/1153/1153 1152/1152/1152
f 1157/1157/1157 1153/1153/1153 1156/1156/1156
f 1162/1162/1162 1672/1672/1672 1673/1673/1673
f 1167/1167/1167 1672/1672/1672 1162/1162/1162
f 1161/1161/1161 1167/1167/1167 1162/1162/1162
f 1164/1164/1164 1167/1167/1167 1161/1161/1161
f 1160/1160/1160 1164/1164/1164 1161/1161/1161
f 1165/1165/1165 1164/1164/1164 1160/1160/1160
f 1163/1163/1163 1165/1165/1165 1160/1160/1160
f 1166/1166/1166 1165/1165/1165 1163/1163/1163
f 1174/1174/1174 1674/1674/1674 1675/1675/1675
f 1171/1171/1171 1674/1674/1674 1174/1174/1174
f 1175/1175/1175 1171/1171/1171 1174/1174/1174
f 1168/1168/1168 1171/1171/1171 1175/1175/1175
f 1173/1173/1173 1168/1168/1168 1175/1175/1175
f 1169/1169/1169 1168/1168/1168 1173/1173/1173
f 1172/1172/1172 1169/1169/1169 1173/1173/1173
f 1170/1170/1170 1169/1169/1169 1172/1172/1172
f 1183/1183/1183 1676/1676/1676 1677/1677/1677
f 1176/1176/1176 1676/1676/1676 1183/1183/1183
f 1182/1182/1182 1176/1176/1176 1183/1183/1183
f 1177/1177/1177 1176/1176/1176 1182/1182/1182
f 1180/1180/1180 1177/1177/1177 1182/1182/1182
f 1178/1178/1178 1177/1177/1177 1180/1180/1180
f 1181/1181/1181 1178/1178/1178 1180/1180/1180
f 1179/1179/1179 1178/1178/1178 1181/1181/1181
f 1189/1189/1189 1678/1678/1678 1679/1679/1679
f 1184/1184/1184 1678/1678/1678 1189/1189/1189
f 1188/1188/1188 1184/1184/1184 1189/1189/1189
f 1185/1185/1185 1184/1184/1184 1188/1188/1188
f 1191/1191/1191 1185/1185/1185 1188/1188/1188
f 1186/1186/1186 1185/1185/1185 1191/1191/1191
f 1190/1190/1190 1186/1186/1186 1191/1191/1191
f 1187/1187/1187 1186/1186/1186 1190/1190/1190
f 1193/1193/1193 1196/1196/1196 1197/1197/1197
f 1192/1192/1192 1196/1196/1196 1193/1193/1193
f 1194/1194/1194 1192/1192/1192 1193/1193/1193
f 1198/1198/1198 1680/1680/1680 1681/1681/1681
f 1199/1199/1199 1680/1680/1680 1198/1198/1198
f 1194/1194/1194 1199/1199/1199 1198/1198/1198
f 1195/1195/1195 1199/1199/1199 1194/1194/1194
f 1193/1193/1193 1195/1195/1195 1194/1194/1194
f 1205/1205/1205 1203/1203/1203 1206/1206/1206
f 1200/1200/1200 1203/1203/1203 1205/1205/1205
f 1201/1201/1201 1200/1200/1200 1205/1205/1205
f 1202/1202/1202 1682/1682/1682 1683/1683/1683
f 1207/1207/1207 1682/1682/1682 1202/1202/1202
f 1201/1201/1201 1207/1207/1207 1202/1202/1202
f 1204/1204/1204 1207/1207/1207 1201/1201/1201
f 1205/1205/1205 1204/1204/1204 1201/1201/1201
f 1212/1212/1212 1211/1211/1211 1214/1214/1214
f 1208/1208/1208 1211/1211/1211 1212/1212/1212
f 1209/1209/1209 1208/1208/1208 1212/1212/1212
f 1210/1210/1210 1684/1684/1684 1685/1685/1685
f 1215/1215/1215 1684/1684/1684 1210/1210/1210
f 1209/1209/1209 1215/1215/1215 1210/1210/1210
f 1213/1213/1213 1215/1215/1215 1209/1209/1209
f 1212/1212/1212 1213/1213/1213 1209/1209/1209
f 1217/1217/1217 1220/1220/1220 1218/1218/1218
f 1221/1221/1221 1220/1220/1220 1217/1217/1217
f 1223/1223/1223 1221/1221/1221 1217/1217/1217
f 1222/1222/1222 1686/1686/1686 1687/1687/1687
f 1219/1219/1219 1686/1686/1686 1222/1222/1222
f 1223/1223/1223 1219/1219/1219 1222/1222/1222
f 1216/1216/1216 1219/1219/1219 1223/1223/1223
f 1217/1217/1217 1216/1216/1216 1223/1223/1223
f 1225/1225/1225 1228/1228/1228 1226/1226/1226
f 1229/1229/1229 1228/1228/1228 1225/1225/1225
f 1231/1231/1231 1229/1229/1229 1225/1225/1225
f 1230/1230/1230 1688/1688/1688 1689/1689/1689
f 1227/1227/1227 1688/1688/1688 1230/1230/1230
f 1231/1231/1231 1227/1227/1227 1230/1230/1230
f 1224/1224/1224 1227/1227/1227 1231/1231/1231
f 1225/1225/1225 1224/1224/1224 1231/1231/1231
f 1238/1238/1238 1690/1690/1690 1691/1691/1691
f 1239/1239/1239 1690/1690/1690 1238/1238/1238
f 1235/1235/1235 1239/1239/1239 1238/1238/1238
f 1234/1234/1234 1239/1239/1239 1235/1235/1235
f 1232/1232/1232 1234/1234/1234 1235/1235/1235
f 1233/1233/1233 1234/1234/1234 1232/1232/1232
f 1236/1236/1236 1233/1233/1233 1232/1232/1232
f 1237/1237/1237 1233/1233/1233 1236/1236/1236
f 1242/1242/1242 1692/1692/1692 1693/1693/1693
f 1247/1247/1247 1692/1692/1692 1242/1242/1242
f 1241/1241/1241 1247/1247/1247 1242/1242/1242
f 1244/1244/1244 1247/1247/1247 1241/1241/1241
f 1240/1240/1240 1244/1244/1244 1241/1241/1241
f 1245/1245/1245 1244/1244/1244 1240/1240/1240
f 1243/1243/1243 1245/1245/1245 1240/1240/1240
f 1246/1246/1246 1245/1245/1245 1243/1243/1243
f 1254/1254/1254 1694/1694/1694 1695/1695/1695
f 1251/1251/1251 1694/1694/1694 1254/1254/1254
f 1255/1255/1255 1251/1251/1251 1254/1254/1254
f 1248/1248/1248 1251/1251/1251 1255/1255/1255
f 1253/1253/1253 1248/1248/1248 1255/1255/1255
f 1249/1249/1249 1248/1248/1248 1253/1253/1253
f 1252/1252/1252 1249/1249/1249 1253/1253/1253
f 1250/1250/1250 1249/1249/1249 1252/1252/1252
f 1263/1263/1263 1696/1696/1696 1697/1697/1697
f 1256/1256/1256 1696/1696/1696 1263/1263/1263
f 1262/1262/1262 1256/1256/1256 1263/1263/1263
f 1257/1257/1257 1256/1256/1256 1262/1262/1262
f 1260/1260/1260 1257/1257/1257 1262/1262/1262
f 1258/1258/1258 1257/1257/1257 1260/1260/1260
f 1261/1261/1261 1258/1258/1258 1260/1260/1260
f 1259/1259/1259 1258/1258/1258 1261/1261/1261
f 1269/1269/1269 1698/1698/1698 1699/1699/1699
f 1264/1264/1264 1698/1698/1698 1269/1269/1269
f 1268/1268/1268 1264/1264/1264 1269/1269/1269
f 1265/1265/1265 1264/1264/1264 1268/1268/1268
f 1271/1271/1271 1265/1265/1265 1268/1268/1268
f 1266/1266/1266 1265/1265/1265 1271/1271/1271
f 1270/1270/1270 1266/1266/1266 1271/1271/1271
f 1267/1267/1267 1266/1266/1266 1270/1270/1270
f 1273/1273/1273 1276/1276/1276 1277/1277/1277
f 1272/1272/1272 1276/1276/1276 1273/1273/1273
f 1274/1274/1274 1272/1272/1272 1273/1273/1273
f 1278/1278/1278 1700/1700/1700 1701/1701/1701
f 1279/1279/1279 1700/1700/1700 1278/1278/1278
f 1274/1274/1274 1279/1279/1279 1278/1278/1278
f 1275/1275/1275 1279/1279/1279 1274/1274/1274
f 1273/1273/1273 1275/1275/1275 1274/1274/1274
f 1285/1285/1285 1283/1283/1283 1286/1286/1286
f 1280/1280/1280 1283/1283/1283 1285/1285/1285
f 1281/1281/1281 1280/1280/1280 1285/1285/1285
f 1282/1282/1282 1702/1702/1702 1703/1703/1703
f 1287/1287/1287 1702/1702/1702 1282/1282/1282
f 1281/1281/1281 1287/1287/1287 1282/1282/1282
f 1284/1284/1284 1287/1287/1287 1281/1281/1281
f 1285/1285/1285 1284/1284/1284 1281/1281/1281
f 1292/1292/1292 1291/1291/1291 1294/1294/1294
f 1288/1288/1288 1291/1291/1291 1292/1292/1292
f 1289/1289/1289 1288/1288/1288 1292/1292/1292
f 1290/1290/1290 1704/1704/1704 1705/1705/1705
f 1295/1295/1295 1704/1704/1704 1290/1290/1290
f 1289/1289/1289 1295/1295/1295 1290/1290/1290
f 1293/1293/1293 1295/1295/1295 1289/1289/1289
f 1292/1292/1292 1293/1293/1293 1289/1289/1289
f 1297/1297/1297 1300/1300/1300 1298/1298/1298
f 1301/1301/1301 1300/1300/1300 1297/1297/1297
f 1303/1303/1303 1301/1301/1301 1297/1297/1297
f 1302/1302/1302 1706/1706/1706 1707/1707/1707
f 1299/1299/1299 1706/1706/1706 1302/1302/1302
f 1303/1303/1303 1299/1299/1299 1302/1302/1302
f 1296/1296/1296 1299/1299/1299 1303/1303/1303
f 1297/1297/1297 1296/1296/1296 1303/1303/1303
f 1305/1305/1305 1308/1308/1308 1306/1306/1306
f 1309/1309/1309 1308/1308/1308 1305/1305/1305
f 1311/1311/1311 1309/1309/1309 1305/1305/1305
f 1310/1310/1310 1708/1708/1708 1709/1709/1709
f 1307/1307/1307 1708/1708/1708 1310/1310/1310
f 1311/1311/1311 1307/1307/1307 1310/1310/1310
f 1304/1304/1304 1307/1307/1307 1311/1311/1311
f 1305/1305/1305 1304/1304/1304 1311/1311/1311
f 1318/1318/1318 1711/1711/1711 1710/1710/1710
f 1319/1319/1319 1318/1318/1318 1710/1710/1710
f 1315/1315/1315 1318/1318/1318 1319/1319/1319
f 1314/1314/1314 1315/1315/1315 1319/1319/1319
f 1312/1312/1312 1315/1315/1315 1314/1314/1314
f 1313/1313/1313 1312/1312/1312 1314/1314/1314
f 1316/1316/1316 1312/1312/1312 1313/1313/1313
f 1317/1317/1317 1316/1316/1316 1313/1313/1313
f 1322/1322/1322 1713/1713/1713 1712/1712/1712
f 1327/1327/1327 1322/1322/1322 1712/1712/1712
f 1321/1321/1321 1322/1322/1322 1327/1327/1327
f 1324/1324/1324 1321/1321/1321 1327/1327/1327
f 1320/1320/1320 1321/1321/1321 1324/1324/1324
f 1325/1325/1325 1320/1320/1320 1324/1324/1324
f 1323/1323/1323 1320/1320/1320 1325/1325/1325
f 1326/1326/1326 1323/1323/1323 1325/1325/1325
f 1334/1334/1334 1715/1715/1715 1714/1714/1714
f 1331/1331/1331 1334/1334/1334 1714/1714/1714
f 1335/1335/1335 1334/1334/1334 1331/1331/1331
f 1328/1328/1328 1335/1335/1335 1331/1331/1331
f 1333/1333/1333 1335/1335/1335 1328/1328/1328
f 1329/1329/1329 1333/1333/1333 1328/1328/1328
f 1332/1332/1332 1333/1333/1333 1329/1329/1329
f 1330/1330/1330 1332/1332/1332 1329/1329/1329
f 1343/1343/1343 1717/1717/1717 1716/1716/1716
f 1336/1336/1336 1343/1343/1343 1716/1716/1716
f 1342/1342/1342 1343/1343/1343 1336/1336/1336
f 1337/1337/1337 1342/1342/1342 1336/1336/1336
f 1340/1340/1340 1342/1342/1342 1337/1337/1337
f 1338/1338/1338 1340/1340/1340 1337/1337/1337
f 1341/1341/1341 1340/1340/1340 1338/1338/1338
f 1339/1339/1339 1341/1341/1341 1338/1338/1338
f 1349/1349/1349 1719/1719/1719 1718/1718/1718
f 1344/1344/1344 1349/1349/1349 1718/1718/1718
f 1348/1348/1348 1349/1349/1349 1344/1344/1344
f 1345/1345/1345 1348/1348/1348 1344/1344/1344
f 1351/1351/1351 1348/1348/1348 1345/1345/1345
f 1346/1346/1346 1351/1351/1351 1345/1345/1345
f 1350/1350/1350 1351/1351/1351 1346/1346/1346
f 1347/1347/1347 1350/1350/1350 1346/1346/1346
f 1353/1353/1353 1352/1352/1352 1354/1354/1354
f 1356/1356/1356 1352/1352/1352 1353/1353/1353
f 1357/1357/1357 1356/1356/1356 1353/1353/1353
f 1354/1354/1354 1355/1355/1355 1353/1353/1353
f 1359/1359/1359 1355/1355/1355 1354/1354/1354
f 1358/1358/1358 1359/1359/1359 1354/1354/1354
f 1720/1720/1720 1359/1359/1359 1358/1358/1358
f 1721/1721/1721 1720/1720/1720 1358/1358/1358
f 1365/1365/1365 1360/1360/1360 1361/1361/1361
f 1363/1363/1363 1360/1360/1360 1365/1365/1365
f 1366/1366/1366 1363/1363/1363 1365/1365/1365
f 1361/1361/1361 1364/1364/1364 1365/1365/1365
f 1367/1367/1367 1364/1364/1364 1361/1361/1361
f 1362/1362/1362 1367/1367/1367 1361/1361/1361
f 1722/1722/1722 1367/1367/1367 1362/1362/1362
f 1723/1723/1723 1722/1722/1722 1362/1362/1362
f 1372/1372/1372 1368/1368/1368 1369/1369/1369
f 1371/1371/1371 1368/1368/1368 1372/1372/1372
f 1374/1374/1374 1371/1371/1371 1372/1372/1372
f 1369/1369/1369 1373/1373/1373 1372/1372/1372
f 1375/1375/1375 1373/1373/1373 1369/1369/1369
f 1370/1370/1370 1375/1375/1375 1369/1369/1369
f 1724/1724/1724 1375/1375/1375 1370/1370/1370
f 1725/1725/1725 1724/1724/1724 1370/1370/1370
f 1377/1377/1377 1381/1381/1381 1383/1383/1383
f 1380/1380/1380 1381/1381/1381 1377/1377/1377
f 1378/1378/1378 1380/1380/1380 1377/1377/1377
f 1383/1383/1383 1376/1376/1376 1377/1377/1377
f 1379/1379/1379 1376/1376/1376 1383/1383/1383
f 1382/1382/1382 1379/1379/1379 1383/1383/1383
f 1726/1726/1726 1379/1379/1379 1382/1382/1382
f 1727/1727/1727 1726/1726/1726 1382/1382/1382
f 1385/1385/1385 1389/1389/1389 1391/1391/1391
f 1388/1388/1388 1389/1389/1389 1385/1385/1385
f 1386/1386/1386 1388/1388/1388 1385/1385/1385
f 1391/1391/1391 1384/1384/1384 1385/1385/1385
f 1387/1387/1387 1384/1384/1384 1391/1391/1391
f 1390/1390/1390 1387/1387/1387 1391/1391/1391
f 1728/1728/1728 1387/1387/1387 1390/1390/1390
f 1729/1729/1729 1728/1728/1728 1390/1390/1390
f 1398/1398/1398 1731/1731/1731 1730/1730/1730
f 1399/1399/1399 1398/1398/1398 1730/1730/1730
f 1395/1395/1395 1398/1398/1398 1399/1399/1399
f 1394/1394/1394 1395/1395/1395 1399/1399/1399
f 1392/1392/1392 1395/1395/1395 1394/1394/1394
f 1393/1393/1393 1392/1392/1392 1394/1394/1394
f 1396/1396/1396 1392/1392/1392 1393/1393/1393
f 1397/1397/1397 1396/1396/1396 1393/1393/1393
f 1402/1402/1402 1733/1733/1733 1732/1732/1732
f 1407/1407/1407 1402/1402/1402 1732/1732/1732
f 1401/1401/1401 1402/1402/1402 1407/1407/1407
f 1404/1404/1404 1401/1401/1401 1407/1407/1407
f 1400/1400/1400 1401/1401/1401 1404/1404/1404
f 1405/1405/1405 1400/1400/1400 1404/1404/1404
f 1403/1403/1403 1400/1400/1400 1405/1405/1405
f 1406/1406/1406 1403/1403/1403 1405/1405/1405
f 1414/1414/1414 1735/1735/1735 1734/1734/1734
f 1411/1411/1411 1414/1414/1414 1734/1734/1734
f 1415/1415/1415 1414/1414/1414 1411/1411/1411
f 1408/1408/1408 1415/1415/1415 1411/1411/1411
f 1413/1413/1413 1415/1415/1415 1408/1408/1408
f 1409/1409/1409 1413/1413/1413 1408/1408/1408
f 1412/1412/1412 1413/1413/1413 1409/1409/1409
f 1410/1410/1410 1412/1412/1412 1409/1409/1409
f 1423/1423/1423 1737/1737/1737 1736/1736/1736
f 1416/1416/1416 1423/1423/1423 1736/1736/1736
f 1422/1422/1422 1423/1423/1423 1416/1416/1416
f 1417/1417/1417 1422/1422/1422 1416/1416/1416
f 1420/1420/1420 1422/1422/1422 1417/1417/1417
f 1418/1418/1418 1420/1420/1420 1417/1417/1417
f 1421/1421/1421 1420/1420/1420 1418/1418/1418
f 1419/1419/1419 1421/1421/1421 1418/1418/1418
f 1429/1429/1429 1739/1739/1739 1738/1738/1738
f 1424/1424/1424 1429/1429/1429 1738/1738/1738
f 1428/1428/1428 1429/1429/1429 1424/1424/1424
f 1425/1425/1425 1428/1428/1428 1424/1424/1424
f 1431/1431/1431 1428/1428/1428 1425/1425/1425
f 1426/1426/1426 1431/1431/1431 1425/1425/1425
f 1430/1430/1430 1431/1431/1431 1426/1426/1426
f 1427/1427/1427 1430/1430/1430 1426/1426/1426
f 1433/1433/1433 1432/1432/1432 1434/1434/1434
f 1436/1436/1436 1432/1432/1432 1433/1433/1433
f 1437/1437/1437 1436/1436/1436 1433/1433/1433
f 1434/1434/1434 1435/1435/1435 1433/1433/1433
f 1439/1439/1439 1435/1435/1435 1434/1434/1434
f 1438/1438/1438 1439/1439/1439 1434/1434/1434
f 1740/1740/1740 1439/1439/1439 1438/1438/1438
f 1741/1741/1741 1740/1740/1740 1438/1438/1438
f 1445/1445/1445 1440/1440/1440 1441/1441/1441
f 1443/1443/1443 1440/1440/1440 1445/1445/1445
f 1446/1446/1446 1443/1443/1443 1445/1445/1445
f 1441/1441/1441 1444/1444/1444 1445/1445/1445
f 1447/1447/1447 1444/1444/1444 1441/1441/1441
f 1442/1442/1442 1447/1447/1447 1441/1441/1441
f 1742/1742/1742 1447/1447/1447 1442/1442/1442
f 1743/1743/1743 1742/1742/1742 1442/1442/1442
f 1452/1452/1452 1448/1448/1448 1449/1449/1449
f 1451/1451/1451 1448/1448/1448 1452/1452/1452
f 1454/1454/1454 1451/1451/1451 1452/1452/1452
f 1449/1449/1449 1453/1453/1453 1452/1452/1452
f 1455/1455/1455 1453/1453/1453 1449/1449/1449
f 1450/1450/1450 1455/1455/1455 1449/1449/1449
f 1744/1744/1744 1455/1455/1455 1450/1450/1450
f 1745/1745/1745 1744/1744/1744 1450/1450/1450
f 1457/1457/1457 1461/1461/1461 1463/1463/1463
f 1460/1460/1460 1461/1461/1461 1457/1457/1457
f 1458/1458/1458 1460/1460/1460 1457/1457/1457
f 1463/1463/1463 1456/1456/1456 1457/1457/1457
f 1459/1459/1459 1456/1456/1456 1463/1463/1463
f 1462/1462/1462 1459/1459/1459 1463/1463/1463
f 1746/1746/1746 1459/1459/1459 1462/1462/1462
f 1747/1747/1747 1746/1746/1746 1462/1462/1462
f 1465/1465/1465 1469/1469/1469 1471/1471/1471
f 1468/1468/1468 1469/1469/1469 1465/1465/1465
f 1466/1466/1466 1468/1468/1468 1465/1465/1465
f 1471/1471/1471 1464/1464/1464 1465/1465/1465
f 1467/1467/1467 1464/1464/1464 1471/1471/1471
f 1470/1470/1470 1467/1467/1467 1471/1471/1471
f 1748/1748/1748 1467/1467/1467 1470/1470/1470
f 1749/1749/1749 1748/1748/1748 1470/1470/1470
f 1472/1472/1472 1751/1751/1751 1750/1750/1750
f 1479/1479/1479 1472/1472/1472 1750/1750/1750
f 1473/1473/1473 1472/1472/1472 1479/1479/1479
f 1476/1476/1476 1473/1473/1473 1479/1479/1479
f 1474/1474/1474 1473/1473/1473 1476/1476/1476
f 1477/1477/1477 1474/1474/1474 1476/1476/1476
f 1475/1475/1475 1474/1474/1474 1477/1477/1477
f 1478/1478/1478 1475/1475/1475 1477/1477/1477
f 1480/1480/1480 1484/1484/1484 1485/1485/1485
f 1486/1486/1486 1484/1484/1484 1480/1480/1480
f 1483/1483/1483 1486/1486/1486 1480/1480/1480
f 1482/1482/1482 1752/1752/1752 1753/1753/1753
f 1487/1487/1487 1752/1752/1752 1482/1482/1482
f 1481/1481/1481 1487/1487/1487 1482/1482/1482
f 1485/1485/1485 1487/1487/1487 1481/1481/1481
f 1480/1480/1480 1485/1485/1485 1481/1481/1481
f 1489/1489/1489 1488/1488/1488 1757/1757/1757
f 1754/1754/1754 1488/1488/1488 1489/1489/1489
f 1755/1755/1755 1754/1754/1754 1489/1489/1489
f 1491/1491/1491 1490/1490/1490 1494/1494/1494
f 1492/1492/1492 1490/1490/1490 1491/1491/1491
f 1756/1756/1756 1492/1492/1492 1491/1491/1491
f 1772/1772/1772 1492/1492/1492 1756/1756/1756
f 1773/1773/1773 1772/1772/1772 1756/1756/1756
f 1774/1774/1774 1775/1775/1775 1776/1776/1776
f 1510/1510/1510 1775/1775/1775 1774/1774/1774
f 1781/1781/1781 1510/1510/1510 1774/1774/1774
f 1511/1511/1511 1510/1510/1510 1781/1781/1781
f 1505/1505/1505 1511/1511/1511 1781/1781/1781
f 1778/1778/1778 1779/1779/1779 1780/1780/1780
f 1777/1777/1777 1779/1779/1779 1778/1778/1778
f 1782/1782/1782 1777/1777/1777 1778/1778/1778
f 1512/1512/1512 1518/1518/1518 1515/1515/1515
f 1516/1516/1516 1518/1518/1518 1512/1512/1512
f 1517/1517/1517 1516/1516/1516 1512/1512/1512
f 1513/1513/1513 1517/1517/1517 1512/1512/1512
f 1519/1519/1519 1517/1517/1517 1513/1513/1513
f 1514/1514/1514 1519/1519/1519 1513/1513/1513
f 1786/1786/1786 1519/1519/1519 1514/1514/1514
f 1787/1787/1787 1786/1786/1786 1514/1514/1514
f 1521/1521/1521 1788/1788/1788 1789/1789/1789
f 1520/1520/1520 1788/1788/1788 1521/1521/1521
f 1791/1791/1791 1520/1520/1520 1521/1521/1521
f 1790/1790/1790 1804/1804/1804 1805/1805/1805
f 1524/1524/1524 1804/1804/1804 1790/1790/1790
f 1523/1523/1523 1524/1524/1524 1790/1790/1790
f 1522/1522/1522 1524/1524/1524 1523/1523/1523
f 1526/1526/1526 1522/1522/1522 1523/1523/1523
f 1813/1813/1813 1539/1539/1539 1537/1537/1537
f 1538/1538/1538 1539/1539/1539 1813/1813/1813
f 1806/1806/1806 1538/1538/1538 1813/1813/1813
f 1807/1807/1807 1538/1538/1538 1806/1806/1806
f 1808/1808/1808 1807/1807/1807 1806/1806/1806
f 1811/1811/1811 1809/1809/1809 1814/1814/1814
f 1810/1810/1810 1809/1809/1809 1811/1811/1811
f 1812/1812/1812 1810/1810/1810 1811/1811/1811
f 1540/1540/1540 1816/1816/1816 1817/1817/1817
f 1547/1547/1547 1816/1816/1816 1540/1540/1540
f 1541/1541/1541 1547/1547/1547 1540/1540/1540
f 1544/1544/1544 1547/1547/1547 1541/1541/1541
f 1542/1542/1542 1544/1544/1544 1541/1541/1541
f 1545/1545/1545 1544/1544/1544 1542/1542/1542
f 1543/1543/1543 1545/1545/1545 1542/1542/1542
f 1546/1546/1546 1545/1545/1545 1543/1543/1543
f 1548/1548/1548 1552/1552/1552 1553/1553/1553
f 1554/1554/1554 1552/1552/1552 1548/1548/1548
f 1551/1551/1551 1554/1554/1554 1548/1548/1548
f 1550/1550/1550 1818/1818/1818 1819/1819/1819
f 1555/1555/1555 1818/1818/1818 1550/1550/1550
f 1549/1549/1549 1555/1555/1555 1550/1550/1550
f 1553/1553/1553 1555/1555/1555 1549/1549/1549
f 1548/1548/1548 1553/1553/1553 1549/1549/1549
f 1557/1557/1557 1556/1556/1556 1823/1823/1823
f 1820/1820/1820 1556/1556/1556 1557/1557/1557
f 1821/1821/1821 1820/1820/1820 1557/1557/1557
f 1559/1559/1559 1558/1558/1558 1562/1562/1562
f 1560/1560/1560 1558/1558/1558 1559/1559/1559
f 1822/1822/1822 1560/1560/1560 1559/1559/1559
f 1838/1838/1838 1560/1560/1560 1822/1822/1822
f 1839/1839/1839 1838/1838/1838 1822/1822/1822
f 1840/1840/1840 1841/1841/1841 1842/1842/1842
f 1578/1578/1578 1841/1841/1841 1840/1840/1840
f 1847/1847/1847 1578/1578/1578 1840/1840/1840
f 1579/1579/1579 1578/1578/1578 1847/1847/1847
f 1573/1573/1573 1579/1579/1579 1847/1847/1847
f 1844/1844/1844 1845/1845/1845 1846/1846/1846
f 1843/1843/1843 1845/1845/1845 1844/1844/1844
f 1848/1848/1848 1843/1843/1843 1844/1844/1844
f 1580/1580/1580 1586/1586/1586 1583/1583/1583
f 1584/1584/1584 1586/1586/1586 1580/1580/1580
f 1585/1585/1585 1584/1584/1584 1580/1580/1580
f 1581/1581/1581 1585/1585/1585 1580/1580/1580
f 1587/1587/1587 1585/1585/1585 1581/1581/1581
f 1582/1582/1582 1587/1587/1587 1581/1581/1581
f 1852/1852/1852 1587/1587/1587 1582/1582/1582
f 1853/1853/1853 1852/1852/1852 1582/1582/1582
f 1589/1589/1589 1854/1854/1854 1855/1855/1855
f 1588/1588/1588 1854/1854/1854 1589/1589/1589
f 1857/1857/1857 1588/1588/1588 1589/1589/1589
f 1856/1856/1856 1870/1870/1870 1871/1871/1871
f 1592/1592/1592 1870/1870/1870 1856/1856/1856
f 1591/1591/1591 1592/1592/1592 1856/1856/1856
f 1590/1590/1590 1592/1592/1592 1591/1591/1591
f 1594/1594/1594 1590/1590/1590 1591/1591/1591
f 1879/1879/1879 1607/1607/1607 1605/1605/1605
f 1606/1606/1606 1607/1607/1607 1879/1879/1879
f 1872/1872/1872 1606/1606/1606 1879/1879/1879
f 1873/1873/1873 1606/1606/1606 1872/1872/1872
f 1874/1874/1874 1873/1873/1873 1872/1872/1872
f 1877/1877/1877 1875/1875/1875 1880/1880/1880
f 1876/1876/1876 1875/1875/1875 1877/1877/1877
f 1878/1878/1878 1876/1876/1876 1877/1877/1877
f 1608/1608/1608 1882/1882/1882 1883/1883/1883
f 1615/1615/1615 1882/1882/1882 1608/1608/1608
f 1609/1609/1609 1615/1615/1615 1608/1608/1608
f 1612/1612/1612 1615/1615/1615 1609/1609/1609
f 1610/1610/1610 1612/1612/1612 1609/1609/1609
f 1613/1613/1613 1612/1612/1612 1610/1610/1610
f 1611/1611/1611 1613/1613/1613 1610/1610/1610
f 1614/1614/1614 1613/1613/1613 1611/1611/1611
f 1616/1616/1616 1885/1885/1885 1884/1884/1884
f 1623/1623/1623 1616/1616/1616 1884/1884/1884
f 1617/1617/1617 1616/1616/1616 1623/1623/1623
f 1620/1620/1620 1617/1617/1617 1623/1623/1623
f 1618/1618/1618 1617/1617/1617 1620/1620/1620
f 1621/1621/1621 1618/1618/1618 1620/1620/1620
f 1619/1619/1619 1618/1618/1618 1621/1621/1621
f 1622/1622/1622 1619/1619/1619 1621/1621/1621
f 1634/1634/1634 1633/1633/1633 1109/1109/1109
f 1629/1629/1629 1633/1633/1633 1634/1634/1634
f 1631/1631/1631 1629/1629/1629 1634/1634/1634
f 1630/1630/1630 1629/1629/1629 1631/1631/1631
f 1632/1632/1632 1630/1630/1630 1631/1631/1631
f 1654/1654/1654 1630/1630/1630 1632/1632/1632
f 1656/1656/1656 1140/1140/1140 1655/1655/1655
f 1653/1653/1653 1656/1656/1656 1655/1655/1655
f 1654/1654/1654 1656/1656/1656 1653/1653/1653
f 1630/1630/1630 1654/1654/1654 1653/1653/1653
f 1760/1760/1760 1501/1501/1501 1502/1502/1502
f 1496/1496/1496 1760/1760/1760 1502/1502/1502
f 1758/1758/1758 1760/1760/1760 1496/1496/1496
f 1493/1493/1493 1758/1758/1758 1496/1496/1496
f 1757/1757/1757 1758/1758/1758 1493/1493/1493
f 1489/1489/1489 1757/1757/1757 1493/1493/1493
f 1499/1499/1499 1498/1498/1498 1500/1500/1500
f 1495/1495/1495 1499/1499/1499 1500/1500/1500
f 1494/1494/1494 1499/1499/1499 1495/1495/1495
f 1491/1491/1491 1494/1494/1494 1495/1495/1495
f 1770/1770/1770 1771/1771/1771 1529/1529/1529
f 1497/1497/1497 1771/1771/1771 1770/1770/1770
f 1498/1498/1498 1497/1497/1497 1770/1770/1770
f 1499/1499/1499 1497/1497/1497 1498/1498/1498
f 1506/1506/1506 1507/1507/1507 1793/1793/1793
f 1759/1759/1759 1507/1507/1507 1506/1506/1506
f 1501/1501/1501 1759/1759/1759 1506/1506/1506
f 1760/1760/1760 1759/1759/1759 1501/1501/1501
f 1785/1785/1785 1535/1535/1535 1784/1784/1784
f 1503/1503/1503 1785/1785/1785 1784/1784/1784
f 1761/1761/1761 1785/1785/1785 1503/1503/1503
f 1504/1504/1504 1761/1761/1761 1503/1503/1503
f 1762/1762/1762 1761/1761/1761 1504/1504/1504
f 1763/1763/1763 1762/1762/1762 1504/1504/1504
f 1763/1763/1763 1505/1505/1505 1781/1781/1781
f 1504/1504/1504 1505/1505/1505 1763/1763/1763
f 1783/1783/1783 1782/1782/1782 1778/1778/1778
f 1766/1766/1766 1782/1782/1782 1783/1783/1783
f 1765/1765/1765 1766/1766/1766 1783/1783/1783
f 1764/1764/1764 1766/1766/1766 1765/1765/1765
f 1767/1767/1767 1764/1764/1764 1765/1765/1765
f 1768/1768/1768 1764/1764/1764 1767/1767/1767
f 1768/1768/1768 1769/1769/1769 1764/1764/1764
f 1508/1508/1508 1769/1769/1769 1768/1768/1768
f 1509/1509/1509 1508/1508/1508 1768/1768/1768
f 1803/1803/1803 1508/1508/1508 1509/1509/1509
f 1794/1794/1794 1534/1534/1534 1533/1533/1533
f 1528/1528/1528 1534/1534/1534 1794/1794/1794
f 1792/1792/1792 1528/1528/1528 1794/1794/1794
f 1525/1525/1525 1528/1528/1528 1792/1792/1792
f 1791/1791/1791 1525/1525/1525 1792/1792/1792
f 1521/1521/1521 1525/1525/1525 1791/1791/1791
f 1531/1531/1531 1532/1532/1532 1530/1530/1530
f 1527/1527/1527 1532/1532/1532 1531/1531/1531
f 1526/1526/1526 1527/1527/1527 1531/1531/1531
f 1523/1523/1523 1527/1527/1527 1526/1526/1526
f 1530/1530/1530 1529/1529/1529 1531/1531/1531
f 1770/1770/1770 1529/1529/1529 1530/1530/1530
f 1533/1533/1533 1793/1793/1793 1794/1794/1794
f 1506/1506/1506 1793/1793/1793 1533/1533/1533
f 1795/1795/1795 1535/1535/1535 1785/1785/1785
f 1536/1536/1536 1535/1535/1535 1795/1795/1795
f 1796/1796/1796 1536/1536/1536 1795/1795/1795
f 1797/1797/1797 1536/1536/1536 1796/1796/1796
f 1537/1537/1537 1797/1797/1797 1813/1813/1813
f 1536/1536/1536 1797/1797/1797 1537/1537/1537
f 1815/1815/1815 1811/1811/1811 1814/1814/1814
f 1799/1799/1799 1815/1815/1815 1814/1814/1814
f 1800/1800/1800 1815/1815/1815 1799/1799/1799
f 1798/1798/1798 1800/1800/1800 1799/1799/1799
f 1801/1801/1801 1800/1800/1800 1798/1798/1798
f 1803/1803/1803 1801/1801/1801 1798/1798/1798
f 1802/1802/1802 1803/1803/1803 1798/1798/1798
f 1508/1508/1508 1803/1803/1803 1802/1802/1802
f 1826/1826/1826 1569/1569/1569 1570/1570/1570
f 1564/1564/1564 1826/1826/1826 1570/1570/1570
f 1824/1824/1824 1826/1826/1826 1564/1564/1564
f 1561/1561/1561 1824/1824/1824 1564/1564/1564
f 1823/1823/1823 1824/1824/1824 1561/1561/1561
f 1557/1557/1557 1823/1823/1823 1561/1561/1561
f 1567/1567/1567 1566/1566/1566 1568/1568/1568
f 1563/1563/1563 1567/1567/1567 1568/1568/1568
f 1562/1562/1562 1567/1567/1567 1563/1563/1563
f 1559/1559/1559 1562/1562/1562 1563/1563/1563
f 1836/1836/1836 1837/1837/1837 1597/1597/1597
f 1565/1565/1565 1837/1837/1837 1836/1836/1836
f 1566/1566/1566 1565/1565/1565 1836/1836/1836
f 1567/1567/1567 1565/1565/1565 1566/1566/1566
f 1574/1574/1574 1575/1575/1575 1859/1859/1859
f 1825/1825/1825 1575/1575/1575 1574/1574/1574
f 1569/1569/1569 1825/1825/1825 1574/1574/1574
f 1826/1826/1826 1825/1825/1825 1569/1569/1569
f 1851/1851/1851 1603/1603/1603 1850/1850/1850
f 1571/1571/1571 1851/1851/1851 1850/1850/1850
f 1827/1827/1827 1851/1851/1851 1571/1571/1571
f 1572/1572/1572 1827/1827/1827 1571/1571/1571
f 1828/1828/1828 1827/1827/1827 1572/1572/1572
f 1829/1829/1829 1828/1828/1828 1572/1572/1572
f 1829/1829/1829 1573/1573/1573 1847/1847/1847
f 1572/1572/1572 1573/1573/1573 1829/1829/1829
f 1849/1849/1849 1848/1848/1848 1844/1844/1844
f 1832/1832/1832 1848/1848/1848 1849/1849/1849
f 1831/1831/1831 1832/1832/1832 1849/1849/1849
f 1830/1830/1830 1832/1832/1832 1831/1831/1831
f 1833/1833/1833 1830/1830/1830 1831/1831/1831
f 1834/1834/1834 1830/1830/1830 1833/1833/1833
f 1834/1834/1834 1835/1835/1835 1830/1830/1830
f 1576/1576/1576 1835/1835/1835 1834/1834/1834
f 1577/1577/1577 1576/1576/1576 1834/1834/1834
f 1869/1869/1869 1576/1576/1576 1577/1577/1577
f 1860/1860/1860 1602/1602/1602 1601/1601/1601
f 1596/1596/1596 1602/1602/1602 1860/1860/1860
f 1858/1858/1858 1596/1596/1596 1860/1860/1860
f 1593/1593/1593 1596/1596/1596 1858/1858/1858
f 1857/1857/1857 1593/1593/1593 1858/1858/1858
f 1589/1589/1589 1593/1593/1593 1857/1857/1857
f 1599/1599/1599 1600/1600/1600 1598/1598/1598
f 1595/1595/1595 1600/1600/1600 1599/1599/1599
f 1594/1594/1594 1595/1595/1595 1599/1599/1599
f 1591/1591/1591 1595/1595/1595 1594/1594/1594
f 1598/1598/1598 1597/1597/1597 1599/1599/1599
f 1836/1836/1836 1597/1597/1597 1598/1598/1598
f 1601/1601/1601 1859/1859/1859 1860/1860/1860
f 1574/1574/1574 1859/1859/1859 1601/1601/1601
f 1861/1861/1861 1603/1603/1603 1851/1851/1851
f 1604/1604/1604 1603/1603/1603 1861/1861/1861
f 1862/1862/1862 1604/1604/1604 1861/1861/1861
f 1863/1863/1863 1604/1604/1604 1862/1862/1862
f 1605/1605/1605 1863/1863/1863 1879/1879/1879
f 1604/1604/1604 1863/1863/1863 1605/1605/1605
f 1881/1881/1881 1877/1877/1877 1880/1880/1880
f 1865/1865/1865 1881/1881/1881 1880/1880/1880
f 1866/1866/1866 1881/1881/1881 1865/1865/1865
f 1864/1864/1864 1866/1866/1866 1865/1865/1865
f 1867/1867/1867 1866/1866/1866 1864/1864/1864
f 1869/1869/1869 1867/1867/1867 1864/1864/1864
f 1868/1868/1868 1869/1869/1869 1864/1864/1864
f 1576/1576/1576 1869/1869/1869 1868/1868/1868
g Combined Mesh (root: scene)_34
f 1893/1893/1893 1890/1890/1890 1891/1891/1891
f 1892/1892/1892 1890/1890/1890 1893/1893/1893
g Combined Mesh (root: scene)_35
f 1898/1898/1898 1946/1946/1946 1950/1950/1950
f 1894/1894/1894 1946/1946/1946 1898/1898/1898
f 1897/1897/1897 1894/1894/1894 1898/1898/1898
f 1895/1895/1895 1894/1894/1894 1897/1897/1897
f 1896/1896/1896 1895/1895/1895 1897/1897/1897
f 1924/1924/1924 1922/1922/1922 1923/1923/1923
f 1921/1921/1921 1922/1922/1922 1924/1924/1924
f 1925/1925/1925 1921/1921/1921 1924/1924/1924
f 1965/1965/1965 1921/1921/1921 1925/1925/1925
f 1967/1967/1967 1965/1965/1965 1925/1925/1925
f 1944/1944/1944 1895/1895/1895 1945/1945/1945
f 1894/1894/1894 1895/1895/1895 1944/1944/1944
f 1946/1946/1946 1894/1894/1894 1944/1944/1944
f 1985/1985/1985 1897/1897/1897 1986/1986/1986
f 1990/1990/1990 1897/1897/1897 1985/1985/1985
f 1992/1992/1992 1991/1991/1991 1987/1987/1987
f 1993/1993/1993 1991/1991/1991 1992/1992/1992
f 1989/1989/1989 1994/1994/1994 1988/1988/1988
f 1995/1995/1995 1994/1994/1994 1989/1989/1989
f 1996/1996/1996 1924/1924/1924 1997/1997/1997
f 1998/1998/1998 1924/1924/1924 1996/1996/1996
f 1901/1901/1901 1947/1947/1947 1948/1948/1948
f 1900/1900/1900 1947/1947/1947 1901/1901/1901
f 1902/1902/1902 1900/1900/1900 1901/1901/1901
f 1899/1899/1899 1900/1900/1900 1902/1902/1902
f 1903/1903/1903 1899/1899/1899 1902/1902/1902
f 1898/1898/1898 1899/1899/1899 1903/1903/1903
f 1920/1920/1920 1898/1898/1898 1903/1903/1903
f 1897/1897/1897 1898/1898/1898 1920/1920/1920
f 1916/1916/1916 1897/1897/1897 1920/1920/1920
f 1917/1917/1917 1897/1897/1897 1916/1916/1916
f 1924/1924/1924 1917/1917/1917 1916/1916/1916
f 1899/1899/1899 1898/1898/1898 1950/1950/1950
f 1949/1949/1949 1899/1899/1899 1950/1950/1950
f 1900/1900/1900 1899/1899/1899 1949/1949/1949
f 1947/1947/1947 1900/1900/1900 1949/1949/1949
f 1926/1926/1926 1967/1967/1967 1925/1925/1925
f 1971/1971/1971 1967/1967/1967 1926/1926/1926
f 1927/1927/1927 1971/1971/1971 1926/1926/1926
f 1968/1968/1968 1971/1971/1971 1927/1927/1927
f 1928/1928/1928 1968/1968/1968 1927/1927/1927
f 1969/1969/1969 1968/1968/1968 1928/1928/1928
f 1929/1929/1929 1969/1969/1969 1928/1928/1928
f 1970/1970/1970 1969/1969/1969 1929/1929/1929
f 1930/1930/1930 1970/1970/1970 1929/1929/1929
f 1972/1972/1972 1970/1970/1970 1930/1930/1930
f 1931/1931/1931 1972/1972/1972 1930/1930/1930
f 1982/1982/1982 1972/1972/1972 1931/1931/1931
f 1932/1932/1932 1982/1982/1982 1931/1931/1931
f 1983/1983/1983 1982/1982/1982 1932/1932/1932
f 1933/1933/1933 1983/1983/1983 1932/1932/1932
f 1980/1980/1980 1983/1983/1983 1933/1933/1933
f 1934/1934/1934 1980/1980/1980 1933/1933/1933
f 1979/1979/1979 1980/1980/1980 1934/1934/1934
f 1935/1935/1935 1979/1979/1979 1934/1934/1934
f 1977/1977/1977 1979/1979/1979 1935/1935/1935
f 1936/1936/1936 1977/1977/1977 1935/1935/1935
f 1978/1978/1978 1977/1977/1977 1936/1936/1936
f 1937/1937/1937 1978/1978/1978 1936/1936/1936
f 1975/1975/1975 1978/1978/1978 1937/1937/1937
f 1938/1938/1938 1975/1975/1975 1937/1937/1937
f 1976/1976/1976 1975/1975/1975 1938/1938/1938
f 1939/1939/1939 1976/1976/1976 1938/1938/1938
f 1973/1973/1973 1976/1976/1976 1939/1939/1939
f 1940/1940/1940 1973/1973/1973 1939/1939/1939
f 1974/1974/1974 1973/1973/1973 1940/1940/1940
f 1941/1941/1941 1974/1974/1974 1940/1940/1940
f 1981/1981/1981 1974/1974/1974 1941/1941/1941
f 1942/1942/1942 1981/1981/1981 1941/1941/1941
f 1984/1984/1984 1981/1981/1981 1942/1942/1942
f 1915/1915/1915 1984/1984/1984 1942/1942/1942
f 1964/1964/1964 1984/1984/1984 1915/1915/1915
f 1919/1919/1919 1964/1964/1964 1915/1915/1915
f 1963/1963/1963 1964/1964/1964 1919/1919/1919
f 1914/1914/1914 1963/1963/1963 1919/1919/1919
f 1960/1960/1960 1963/1963/1963 1914/1914/1914
f 1913/1913/1913 1960/1960/1960 1914/1914/1914
f 1953/1953/1953 1960/1960/1960 1913/1913/1913
f 1912/1912/1912 1953/1953/1953 1913/1913/1913
f 1954/1954/1954 1953/1953/1953 1912/1912/1912
f 1911/1911/1911 1954/1954/1954 1912/1912/1912
f 1955/1955/1955 1954/1954/1954 1911/1911/1911
f 1910/1910/1910 1955/1955/1955 1911/1911/1911
f 1952/1952/1952 1955/1955/1955 1910/1910/1910
f 1909/1909/1909 1952/1952/1952 1910/1910/1910
f 1957/1957/1957 1952/1952/1952 1909/1909/1909
f 1908/1908/1908 1957/1957/1957 1909/1909/1909
f 1956/1956/1956 1957/1957/1957 1908/1908/1908
f 1907/1907/1907 1956/1956/1956 1908/1908/1908
f 1958/1958/1958 1956/1956/1956 1907/1907/1907
f 1906/1906/1906 1958/1958/1958 1907/1907/1907
f 1959/1959/1959 1958/1958/1958 1906/1906/1906
f 1905/1905/1905 1959/1959/1959 1906/1906/1906
f 1962/1962/1962 1959/1959/1959 1905/1905/1905
f 1904/1904/1904 1962/1962/1962 1905/1905/1905
f 1961/1961/1961 1962/1962/1962 1904/1904/1904
f 1903/1903/1903 1961/1961/1961 1904/1904/1904
f 1951/1951/1951 1961/1961/1961 1903/1903/1903
f 1902/1902/1902 1951/1951/1951 1903/1903/1903
f 1948/1948/1948 1951/1951/1951 1902/1902/1902
f 1901/1901/1901 1948/1948/1948 1902/1902/1902
f 1966/1966/1966 1921/1921/1921 1965/1965/1965
f 1922/1922/1922 1921/1921/1921 1966/1966/1966
f 1910/1910/1910 1911/1911/1911 1912/1912/1912
f 1913/1913/1913 1910/1910/1910 1912/1912/1912
f 1908/1908/1908 1910/1910/1910 1913/1913/1913
f 1907/1907/1907 1908/1908/1908 1913/1913/1913
f 1910/1910/1910 1908/1908/1908 1909/1909/1909
f 1906/1906/1906 1914/1914/1914 1919/1919/1919
f 1913/1913/1913 1914/1914/1914 1906/1906/1906
f 1907/1907/1907 1913/1913/1913 1906/1906/1906
f 1920/1920/1920 1905/1905/1905 1906/1906/1906
f 1904/1904/1904 1905/1905/1905 1920/1920/1920
f 1903/1903/1903 1904/1904/1904 1920/1920/1920
f 1943/1943/1943 1925/1925/1925 1924/1924/1924
f 1916/1916/1916 1943/1943/1943 1924/1924/1924
f 1918/1918/1918 1943/1943/1943 1916/1916/1916
f 1920/1920/1920 1918/1918/1918 1916/1916/1916
f 1919/1919/1919 1918/1918/1918 1920/1920/1920
f 1906/1906/1906 1919/1919/1919 1920/1920/1920
f 1943/1943/1943 1933/1933/1933 1932/1932/1932
f 1942/1942/1942 1933/1933/1933 1943/1943/1943
f 1918/1918/1918 1942/1942/1942 1943/1943/1943
f 1915/1915/1915 1942/1942/1942 1918/1918/1918
f 1919/1919/1919 1915/1915/1915 1918/1918/1918
f 1930/1930/1930 1925/1925/1925 1943/1943/1943
f 1926/1926/1926 1925/1925/1925 1930/1930/1930
f 1929/1929/1929 1926/1926/1926 1930/1930/1930
f 1927/1927/1927 1926/1926/1926 1929/1929/1929
f 1928/1928/1928 1927/1927/1927 1929/1929/1929
f 1937/1937/1937 1939/1939/1939 1938/1938/1938
f 1940/1940/1940 1939/1939/1939 1937/1937/1937
f 1935/1935/1935 1940/1940/1940 1937/1937/1937
f 1934/1934/1934 1940/1940/1940 1935/1935/1935
f 1936/1936/1936 1935/1935/1935 1937/1937/1937
f 1933/1933/1933 1940/1940/1940 1934/1934/1934
f 1941/1941/1941 1940/1940/1940 1933/1933/1933
f 1942/1942/1942 1941/1941/1941 1933/1933/1933
f 1931/1931/1931 1943/1943/1943 1932/1932/1932
f 1930/1930/1930 1943/1943/1943 1931/1931/1931
g Combined Mesh (root: scene)_36
f 2002/2002/2002 1999/1999/1999 2000/2000/2000
f 2001/2001/2001 1999/1999/1999 2002/2002/2002
f 2004/2004/2004 2007/2007/2007 2008/2008/2008
f 2003/2003/2003 2007/2007/2007 2004/2004/2004
f 2006/2006/2006 2009/2009/2009 2010/2010/2010
f 2005/2005/2005 2009/2009/2009 2006/2006/2006
f 2012/2012/2012 2011/2011/2011 2013/2013/2013
f 2014/2014/2014 2011/2011/2011 2012/2012/2012
f 2016/2016/2016 2015/2015/2015 2017/2017/2017
f 2018/2018/2018 2015/2015/2015 2016/2016/2016
f 2020/2020/2020 2019/2019/2019 2021/2021/2021
f 2022/2022/2022 2019/2019/2019 2020/2020/2020
g Combined Mesh (root: scene)_37
f 2026/2026/2026 2023/2023/2023 2024/2024/2024
f 2025/2025/2025 2023/2023/2023 2026/2026/2026
f 2028/2028/2028 2031/2031/2031 2032/2032/2032
f 2027/2027/2027 2031/2031/2031 2028/2028/2028
f 2030/2030/2030 2033/2033/2033 2034/2034/2034
f 2029/2029/2029 2033/2033/2033 2030/2030/2030
f 2036/2036/2036 2035/2035/2035 2037/2037/2037
f 2038/2038/2038 2035/2035/2035 2036/2036/2036
f 2040/2040/2040 2039/2039/2039 2041/2041/2041
f 2042/2042/2042 2039/2039/2039 2040/2040/2040
f 2044/2044/2044 2043/2043/2043 2045/2045/2045
f 2046/2046/2046 2043/2043/2043 2044/2044/2044
g Combined Mesh (root: scene)_38
f 2049/2049/2049 2047/2047/2047 2050/2050/2050
f 2048/2048/2048 2047/2047/2047 2049/2049/2049
f 2051/2051/2051 2048/2048/2048 2049/2049/2049
f 2052/2052/2052 2048/2048/2048 2051/2051/2051
f 2053/2053/2053 2052/2052/2052 2051/2051/2051
f 2054/2054/2054 2052/2052/2052 2053/2053/2053
f 2055/2055/2055 2054/2054/2054 2053/2053/2053
f 2056/2056/2056 2054/2054/2054 2055/2055/2055
f 2064/2064/2064 2056/2056/2056 2055/2055/2055
f 2063/2063/2063 2064/2064/2064 2055/2055/2055
f 2062/2062/2062 2064/2064/2064 2063/2063/2063
f 2061/2061/2061 2062/2062/2062 2063/2063/2063
f 2058/2058/2058 2062/2062/2062 2061/2061/2061
f 2059/2059/2059 2058/2058/2058 2061/2061/2061
f 2057/2057/2057 2058/2058/2058 2059/2059/2059
f 2060/2060/2060 2057/2057/2057 2059/2059/2059
g Combined Mesh (root: scene)_39
f 2068/2068/2068 2065/2065/2065 2066/2066/2066
f 2067/2067/2067 2065/2065/2065 2068/2068/2068
g Combined Mesh (root: scene)_40
f 2072/2072/2072 2069/2069/2069 2070/2070/2070
f 2071/2071/2071 2069/2069/2069 2072/2072/2072
g Combined Mesh (root: scene)_41
f 2076/2076/2076 2073/2073/2073 2075/2075/2075
f 2074/2074/2074 2073/2073/2073 2076/2076/2076
g Combined Mesh (root: scene)_42
f 2080/2080/2080 2077/2077/2077 2079/2079/2079
f 2078/2078/2078 2077/2077/2077 2080/2080/2080
g Combined Mesh (root: scene)_43
f 2084/2084/2084 2081/2081/2081 2082/2082/2082
f 2083/2083/2083 2081/2081/2081 2084/2084/2084
g Combined Mesh (root: scene)_44
f 2088/2088/2088 2085/2085/2085 2087/2087/2087
f 2086/2086/2086 2085/2085/2085 2088/2088/2088
g Combined Mesh (root: scene)_45
f 2092/2092/2092 2089/2089/2089 2090/2090/2090
f 2091/2091/2091 2089/2089/2089 2092/2092/2092
f 2094/2094/2094 2093/2093/2093 2095/2095/2095
f 2096/2096/2096 2093/2093/2093 2094/2094/2094
g Combined Mesh (root: scene)_46
f 2104/2104/2104 2105/2105/2105 2114/2114/2114
f 2113/2113/2113 2104/2104/2104 2114/2114/2114
f 2103/2103/2103 2104/2104/2104 2113/2113/2113
f 2112/2112/2112 2103/2103/2103 2113/2113/2113
f 2102/2102/2102 2103/2103/2103 2112/2112/2112
f 2111/2111/2111 2102/2102/2102 2112/2112/2112
f 2101/2101/2101 2102/2102/2102 2111/2111/2111
f 2110/2110/2110 2101/2101/2101 2111/2111/2111
f 2100/2100/2100 2101/2101/2101 2110/2110/2110
f 2109/2109/2109 2100/2100/2100 2110/2110/2110
f 2099/2099/2099 2100/2100/2100 2109/2109/2109
f 2108/2108/2108 2099/2099/2099 2109/2109/2109
f 2098/2098/2098 2099/2099/2099 2108/2108/2108
f 2107/2107/2107 2098/2098/2098 2108/2108/2108
f 2097/2097/2097 2098/2098/2098 2107/2107/2107
f 2106/2106/2106 2097/2097/2097 2107/2107/2107
g Combined Mesh (root: scene)_47
f 2122/2122/2122 2123/2123/2123 2132/2132/2132
f 2131/2131/2131 2122/2122/2122 2132/2132/2132
f 2121/2121/2121 2122/2122/2122 2131/2131/2131
f 2130/2130/2130 2121/2121/2121 2131/2131/2131
f 2120/2120/2120 2121/2121/2121 2130/2130/2130
f 2129/2129/2129 2120/2120/2120 2130/2130/2130
f 2119/2119/2119 2120/2120/2120 2129/2129/2129
f 2128/2128/2128 2119/2119/2119 2129/2129/2129
f 2118/2118/2118 2119/2119/2119 2128/2128/2128
f 2127/2127/2127 2118/2118/2118 2128/2128/2128
f 2117/2117/2117 2118/2118/2118 2127/2127/2127
f 2126/2126/2126 2117/2117/2117 2127/2127/2127
f 2116/2116/2116 2117/2117/2117 2126/2126/2126
f 2125/2125/2125 2116/2116/2116 2126/2126/2126
f 2115/2115/2115 2116/2116/2116 2125/2125/2125
f 2124/2124/2124 2115/2115/2115 2125/2125/2125
g Combined Mesh (root: scene)_48
f 2136/2136/2136 2133/2133/2133 2134/2134/2134
f 2135/2135/2135 2133/2133/2133 2136/2136/2136
f 2138/2138/2138 2137/2137/2137 2139/2139/2139
f 2140/2140/2140 2137/2137/2137 2138/2138/2138
g Combined Mesh (root: scene)_49
f 2148/2148/2148 2149/2149/2149 2158/2158/2158
f 2157/2157/2157 2148/2148/2148 2158/2158/2158
f 2147/2147/2147 2148/2148/2148 2157/2157/2157
f 2156/2156/2156 2147/2147/2147 2157/2157/2157
f 2146/2146/2146 2147/2147/2147 2156/2156/2156
f 2155/2155/2155 2146/2146/2146 2156/2156/2156
f 2145/2145/2145 2146/2146/2146 2155/2155/2155
f 2154/2154/2154 2145/2145/2145 2155/2155/2155
f 2144/2144/2144 2145/2145/2145 2154/2154/2154
f 2153/2153/2153 2144/2144/2144 2154/2154/2154
f 2143/2143/2143 2144/2144/2144 2153/2153/2153
f 2152/2152/2152 2143/2143/2143 2153/2153/2153
f 2142/2142/2142 2143/2143/2143 2152/2152/2152
f 2151/2151/2151 2142/2142/2142 2152/2152/2152
f 2141/2141/2141 2142/2142/2142 2151/2151/2151
f 2150/2150/2150 2141/2141/2141 2151/2151/2151
g Combined Mesh (root: scene)_50
f 2162/2162/2162 2159/2159/2159 2160/2160/2160
f 2161/2161/2161 2159/2159/2159 2162/2162/2162
g Combined Mesh (root: scene)_51
f 2166/2166/2166 2163/2163/2163 2165/2165/2165
f 2164/2164/2164 2163/2163/2163 2166/2166/2166
g Combined Mesh (root: scene)_52
f 2170/2170/2170 2167/2167/2167 2169/2169/2169
f 2168/2168/2168 2167/2167/2167 2170/2170/2170
g Combined Mesh (root: scene)_53
f 2178/2178/2178 2179/2179/2179 2188/2188/2188
f 2187/2187/2187 2178/2178/2178 2188/2188/2188
f 2177/2177/2177 2178/2178/2178 2187/2187/2187
f 2186/2186/2186 2177/2177/2177 2187/2187/2187
f 2176/2176/2176 2177/2177/2177 2186/2186/2186
f 2185/2185/2185 2176/2176/2176 2186/2186/2186
f 2175/2175/2175 2176/2176/2176 2185/2185/2185
f 2184/2184/2184 2175/2175/2175 2185/2185/2185
f 2174/2174/2174 2175/2175/2175 2184/2184/2184
f 2183/2183/2183 2174/2174/2174 2184/2184/2184
f 2173/2173/2173 2174/2174/2174 2183/2183/2183
f 2182/2182/2182 2173/2173/2173 2183/2183/2183
f 2172/2172/2172 2173/2173/2173 2182/2182/2182
f 2181/2181/2181 2172/2172/2172 2182/2182/2182
f 2171/2171/2171 2172/2172/2172 2181/2181/2181
f 2180/2180/2180 2171/2171/2171 2181/2181/2181
g Combined Mesh (root: scene)_54
f 2192/2192/2192 2189/2189/2189 2190/2190/2190
f 2191/2191/2191 2189/2189/2189 2192/2192/2192
g Combined Mesh (root: scene)_55
f 2198/2198/2198 2195/2195/2195 2196/2196/2196
f 2197/2197/2197 2195/2195/2195 2198/2198/2198
f 2193/2193/2193 2197/2197/2197 2198/2198/2198
f 2194/2194/2194 2197/2197/2197 2193/2193/2193
g Combined Mesh (root: scene)_56
f 2204/2204/2204 2201/2201/2201 2202/2202/2202
f 2203/2203/2203 2201/2201/2201 2204/2204/2204
f 2200/2200/2200 2203/2203/2203 2204/2204/2204
f 2199/2199/2199 2203/2203/2203 2200/2200/2200
