g Combined Mesh (root: scene)
v 306.6379 461.3668 680.7125
v -314.3039 461.3668 680.7125
v 306.6379 461.3668 -3588.868
v -314.3039 461.3668 -3588.867
v -311.3693 6.479952 710.0762
v 308.0586 6.479952 710.0762
v -311.3693 6.479952 16.87304
v 308.0586 6.479952 16.87304
v -138.1687 257.0862 -3140.928
v 130.2663 257.0862 -3140.928
v -138.1687 468.2506 -3037.467
v 130.2662 468.2506 -3037.467
v 3019.974 -440.6414 -1243.781
v 1926.558 -440.6414 -4040.968
v -105.7166 -440.6414 -4588.48
v -2137.991 -440.6414 -4040.971
v -3231.408 -440.6414 -1243.785
v 3019.974 928.6286 -1243.781
v 1926.558 928.6286 -4040.968
v -105.7166 928.6286 -4588.48
v -2137.991 928.6286 -4040.971
v -3231.408 928.6286 -1243.785
v -105.7166 -440.6414 -4588.48
v -105.7166 928.6286 -4588.48
v 92.79546 1.956497 -82.48926
v -94.20454 1.956497 -82.48926
v 92.79546 1.956497 -422.4893
v -94.20454 1.956497 -422.4893
v -305.8804 -127.5534 -2828.787
v 305.8804 -127.5534 -2828.787
v -305.8804 257.3782 -2828.787
v 305.8804 257.3782 -2828.787
v -305.8804 257.3782 -2990.298
v 305.8804 257.3782 -2990.298
v -305.8804 -127.5534 -2990.298
v 305.8804 -127.5534 -2990.298
v -305.8804 257.3782 -2828.787
v 305.8804 257.3782 -2828.787
v -305.8804 257.3782 -2990.298
v 305.8804 257.3782 -2990.298
v -305.8804 -127.5534 -2990.298
v 305.8804 -127.5534 -2828.787
v 305.8804 -127.5534 -2990.298
v -305.8804 -127.5534 -2828.787
v 305.8804 -127.5534 -2828.787
v 305.8804 257.3782 -2990.298
v 305.8804 -127.5534 -2990.298
v 305.8804 257.3782 -2828.787
v -305.8804 -127.5534 -2990.298
v -305.8804 257.3782 -2828.787
v -305.8804 -127.5534 -2828.787
v -305.8804 257.3782 -2990.298
v -157.2173 -60.02718 -3387.432
v 157.5752 -60.02718 -3387.432
v -157.2173 138.0463 -3387.432
v 157.5752 138.0463 -3387.432
v -157.2173 138.0463 -3666.604
v 157.5752 138.0463 -3666.604
v -157.2173 -60.02718 -3666.604
v 157.5752 -60.02718 -3666.604
v -157.2173 138.0463 -3387.432
v 157.5752 138.0463 -3387.432
v -157.2173 138.0463 -3666.604
v 157.5752 138.0463 -3666.604
v -157.2173 -60.02718 -3666.604
v 157.5752 -60.02718 -3387.432
v 157.5752 -60.02718 -3666.604
v -157.2173 -60.02718 -3387.432
v 157.5752 -60.02718 -3387.432
v 157.5752 138.0463 -3666.604
v 157.5752 -60.02718 -3666.604
v 157.5752 138.0463 -3387.432
v -157.2173 -60.02718 -3666.604
v -157.2173 138.0463 -3387.432
v -157.2173 -60.02718 -3387.432
v -157.2173 138.0463 -3666.604
v -95.73034 -0.1366823 -3396.739
v 92.41959 -0.1366823 -3396.739
v -95.73034 -109.6959 -3396.739
v 92.41959 -109.6959 -3396.739
v -303.2752 140.8984 -3282.885
v -303.2753 -478.5295 -3282.885
v -303.2752 140.8984 -3643.576
v -303.2753 -478.5295 -3643.576
v -200.2078 -26.16863 16.06641
v -141.9444 -26.16863 16.06641
v -200.2078 8.878398 16.06665
v -141.9444 8.878398 16.06665
v -200.2078 -26.16864 -3330.468
v -141.9444 -26.16864 -3330.468
v -200.2078 8.878392 -2986.335
v -141.9444 8.878392 -2986.335
v -191.075 12.35734 16.06641
v -151.0772 12.35734 16.06641
v -151.1233 12.35502 -2986.34
v -191.0289 12.35502 -2986.34
v -141.9444 74.79353 -3142.865
v -200.2078 74.79353 -3142.865
v -141.9444 74.79352 -3330.468
v -200.2078 74.79352 -3330.468
v 137.6297 -26.16863 16.06641
v 195.8931 -26.16863 16.06641
v 137.6297 8.878398 16.06665
v 195.8931 8.878398 16.06665
v 137.6297 -26.16864 -3330.33
v 195.8931 -26.16864 -3330.33
v 137.6297 8.878392 -2986.198
v 195.8931 8.878392 -2986.198
v 146.7625 12.35734 16.06641
v 186.7603 12.35734 16.06641
v 186.7142 12.35502 -2986.202
v 146.8086 12.35502 -2986.202
v 195.8931 74.78377 -3142.727
v 137.6297 74.78377 -3142.727
v 195.8931 74.78375 -3330.331
v 137.6297 74.78375 -3330.331
v -200.2078 8.878392 -2882.37
v -141.9444 8.878392 -2882.37
v -200.2078 -26.16864 -2882.37
v -141.9444 -26.16864 -2882.37
v -151.1217 12.3551 -2882.37
v -191.0305 12.3551 -2882.37
v 137.6297 8.878392 -2882.37
v 195.8931 8.878392 -2882.37
v 137.6297 -26.16864 -2882.37
v 195.8931 -26.16864 -2882.37
v 186.7158 12.3551 -2882.37
v 146.8071 12.3551 -2882.37
v -141.9444 -26.16863 16.06641
v -141.9444 8.878398 16.06665
v -141.9444 8.878398 16.06665
v -151.1217 12.3551 -2882.37
v -141.9444 8.878392 -2882.37
v -151.0772 12.35734 16.06641
v -200.2078 8.878392 -2986.335
v -191.0305 12.3551 -2882.37
v -200.2078 8.878392 -2882.37
v -191.0289 12.35502 -2986.34
v -200.2078 74.79353 -3142.865
v -191.0289 12.35502 -2986.34
v -200.2078 8.878392 -2986.335
v -141.9444 8.878392 -2986.335
v -151.1233 12.35502 -2986.34
v -141.9444 74.79353 -3142.865
v -141.9444 74.79353 -3142.865
v -191.0289 12.35502 -2986.34
v -200.2078 74.79353 -3142.865
v -151.1233 12.35502 -2986.34
v -200.2078 74.79353 -3142.865
v -141.9444 74.79352 -3330.468
v -141.9444 74.79353 -3142.865
v -200.2078 74.79352 -3330.468
v 195.8931 -26.16863 16.06641
v 195.8931 8.878398 16.06665
v 195.8931 8.878398 16.06665
v 186.7158 12.3551 -2882.37
v 195.8931 8.878392 -2882.37
v 186.7603 12.35734 16.06641
v 137.6297 8.878392 -2986.198
v 146.8071 12.3551 -2882.37
v 137.6297 8.878392 -2882.37
v 146.8086 12.35502 -2986.202
v 137.6297 74.78377 -3142.727
v 146.8086 12.35502 -2986.202
v 137.6297 8.878392 -2986.198
v 195.8931 8.878392 -2986.198
v 186.7142 12.35502 -2986.202
v 195.8931 74.78377 -3142.727
v 195.8931 74.78377 -3142.727
v 146.8086 12.35502 -2986.202
v 137.6297 74.78377 -3142.727
v 186.7142 12.35502 -2986.202
v 137.6297 74.78377 -3142.727
v 195.8931 74.78375 -3330.331
v 195.8931 74.78377 -3142.727
v 137.6297 74.78375 -3330.331
v -151.1217 12.3551 -2882.37
v -191.075 12.35734 16.06641
v -191.0305 12.3551 -2882.37
v -151.0772 12.35734 16.06641
v -200.2078 -26.16863 16.06641
v -200.2078 8.878398 16.06665
v -151.1217 12.3551 -2882.37
v -141.9444 8.878392 -2986.335
v -141.9444 8.878392 -2882.37
v -151.1233 12.35502 -2986.34
v -191.0305 12.3551 -2882.37
v -200.2078 8.878398 16.06665
v -200.2078 8.878392 -2882.37
v -191.075 12.35734 16.06641
v 186.7158 12.3551 -2882.37
v 146.7625 12.35734 16.06641
v 146.8071 12.3551 -2882.37
v 186.7603 12.35734 16.06641
v 137.6297 -26.16863 16.06641
v 137.6297 8.878398 16.06665
v 186.7158 12.3551 -2882.37
v 195.8931 8.878392 -2986.198
v 195.8931 8.878392 -2882.37
v 186.7142 12.35502 -2986.202
v 146.8071 12.3551 -2882.37
v 137.6297 8.878398 16.06665
v 137.6297 8.878392 -2882.37
v 146.7625 12.35734 16.06641
v -311.3693 133.2325 -3638.551
v 308.0585 133.2325 -3638.552
v -311.3693 133.2325 -3277.86
v 308.0586 133.2325 -3277.86
v 303.6255 140.8984 -3645.017
v 303.6254 -478.5297 -3645.017
v 303.6254 140.8984 -3284.326
v 303.6253 -478.5297 -3284.326
v -314.3191 382.4346 -782.5128
v -154.5937 382.4346 -782.5125
v -127.6739 461.3625 -782.5125
v -314.3191 382.4346 -372.4406
v -154.4862 382.4346 -505.9751
v -125.9649 461.3625 -505.9751
v -121.5891 382.4346 -413.9431
v -93.06774 461.3625 -413.9431
v -121.5891 382.4346 -331.0279
v -93.06774 461.3625 -331.0279
v -167.2753 382.4347 -633.0614
v -139.5193 461.3625 -633.0614
v -314.3192 382.4346 38.08784
v -162.9643 382.4346 38.08784
v -314.3192 461.3625 70.25211
v -140.1526 461.3625 70.25211
v -127.674 461.3625 13.16167
v -154.5938 382.4346 13.16167
v -314.3191 382.4346 -372.5302
v -154.4864 382.4346 -238.9962
v -125.9651 461.3625 -238.9962
v -167.2754 382.4347 -111.9095
v -139.5194 461.3625 -111.9095
v -314.3191 382.4346 -1603.748
v -154.5937 382.4346 -1603.748
v -127.6739 461.3625 -1603.748
v -314.3191 382.4346 -1192.495
v -154.4862 382.4346 -1326.029
v -125.9649 461.3625 -1326.029
v -121.5891 382.4346 -1233.998
v -93.06774 461.3625 -1233.998
v -121.5891 382.4346 -1151.082
v -93.06774 461.3625 -1151.082
v -167.2753 382.4347 -1453.116
v -139.5193 461.3625 -1453.116
v -314.3191 382.4346 -1192.585
v -154.4864 382.4346 -1059.05
v -125.9651 461.3625 -1059.05
v -167.2754 382.4347 -931.9639
v -139.5194 461.3625 -931.9639
v -314.3191 382.4346 -2424.984
v -154.5937 382.4346 -2424.984
v -127.6739 461.3625 -2424.984
v -314.3191 382.4346 -2014.912
v -154.4862 382.4346 -2148.446
v -125.9649 461.3625 -2148.446
v -121.5891 382.4346 -2056.415
v -93.06774 461.3625 -2056.415
v -121.5891 382.4346 -1973.499
v -93.06774 461.3625 -1973.499
v -167.2753 382.4347 -2275.533
v -139.5193 461.3625 -2275.533
v -314.3191 382.4346 -2015.002
v -154.4864 382.4346 -1881.467
v -125.9651 461.3625 -1881.467
v -167.2754 382.4347 -1754.381
v -139.5194 461.3625 -1754.381
v -314.3191 382.4346 -3245.584
v -162.9641 382.4346 -3245.584
v -140.1524 461.3625 -3277.749
v -154.5936 382.4346 -3220.658
v -127.6738 461.3625 -3220.658
v -314.3191 382.4346 -2834.967
v -154.4862 382.4346 -2968.501
v -125.9649 461.3625 -2968.501
v -121.5891 382.4346 -2876.469
v -93.06774 461.3625 -2876.469
v -121.5891 382.4346 -2793.553
v -93.06774 461.3625 -2793.553
v -167.2753 382.4347 -3095.587
v -139.5193 461.3625 -3095.587
v -314.3191 382.4346 -2835.056
v -154.4864 382.4346 -2701.522
v -125.9651 461.3625 -2701.522
v -167.2754 382.4347 -2574.435
v -139.5194 461.3625 -2574.435
v -167.2753 382.4347 -633.0614
v -154.5937 382.4346 -782.5125
v -121.5891 382.4346 -413.9431
v -154.4862 382.4346 -505.9751
v -121.5891 382.4346 -413.9431
v -93.06774 461.3625 -413.9431
v -121.5891 382.4346 -331.0279
v -121.5891 382.4346 -413.9431
v -314.3192 382.4346 38.08784
v -162.9643 382.4346 38.08784
v -154.5938 382.4346 13.16167
v -167.2754 382.4347 -111.9095
v -154.4864 382.4346 -238.9962
v -167.2753 382.4347 -1453.116
v -154.5937 382.4346 -1603.748
v -121.5891 382.4346 -1233.998
v -154.4862 382.4346 -1326.029
v -121.5891 382.4346 -1233.998
v -93.06774 461.3625 -1233.998
v -121.5891 382.4346 -1151.082
v -121.5891 382.4346 -1233.998
v -167.2754 382.4347 -931.9639
v -154.4864 382.4346 -1059.05
v -167.2753 382.4347 -2275.533
v -154.5937 382.4346 -2424.984
v -121.5891 382.4346 -2056.415
v -154.4862 382.4346 -2148.446
v -121.5891 382.4346 -2056.415
v -93.06774 461.3625 -2056.415
v -121.5891 382.4346 -1973.499
v -121.5891 382.4346 -2056.415
v -167.2754 382.4347 -1754.381
v -154.4864 382.4346 -1881.467
v -154.5936 382.4346 -3220.658
v -162.9641 382.4346 -3245.584
v -167.2753 382.4347 -3095.587
v -121.5891 382.4346 -2876.469
v -154.4862 382.4346 -2968.501
v -121.5891 382.4346 -2876.469
v -93.06774 461.3625 -2876.469
v -121.5891 382.4346 -2793.553
v -121.5891 382.4346 -2876.469
v -167.2754 382.4347 -2574.435
v -154.4864 382.4346 -2701.522
v -325.8471 2.689697 -3274.051
v 322.6155 2.689697 -3274.051
v -325.8471 457.4932 -3274.051
v 322.6155 457.4932 -3274.051
v -201.3104 2.689697 -3274.051
v -201.3104 502.8676 -3274.051
v 193.6291 2.689697 -3274.051
v 193.6291 502.8676 -3274.051
v -201.3104 3.140747 -3180.987
v -201.3104 536.8033 -3180.987
v 196.5839 3.140747 -3180.987
v 196.5839 536.8033 -3180.987
v -201.3104 265.7998 -3180.987
v 196.5839 265.7998 -3180.987
v -130.8908 195.1132 -3114.114
v -142.233 74.74503 -3114.114
v -123.9811 199.0444 -3114.114
v -126.7463 214.743 -3112.851
v -128.3337 224.153 -3125.876
v -130.0126 234.084 -3129.512
v -131.4172 242.0915 -3142.53
v 151.8362 74.74503 -3112.851
v 140.9653 195.1132 -3112.851
v 125.0745 195.1132 -3114.114
v 136.4141 74.74503 -3114.114
v 161.363 74.74503 -3125.876
v 150.3358 195.1132 -3125.876
v 134.1151 207.9696 -3112.851
v 118.1859 199.0911 -3114.114
v 141.076 214.2022 -3125.876
v 120.9309 214.743 -3112.851
v 122.518 224.153 -3125.876
v 170.9502 74.74503 -3129.512
v 160.2354 195.1132 -3129.512
v 179.0799 74.74503 -3142.53
v 168.3652 195.1132 -3142.53
v 148.4222 220.7701 -3129.512
v 154.3426 225.9236 -3142.53
v 124.1965 234.084 -3129.512
v 125.6008 242.0915 -3142.53
v 95.19642 111.6549 -3114.114
v -99.61037 111.6549 -3114.114
v -128.0198 83.70725 -3114.114
v 121.8663 83.70727 -3114.114
v 136.4141 74.74503 -3300.578
v 121.8663 83.70727 -3300.578
v 95.19642 111.6549 -3300.578
v -99.61037 111.6549 -3300.578
v -128.0197 83.70727 -3300.578
v -142.2197 74.74503 -3300.578
v 196.7463 74.74503 -3142.53
v 196.7812 335.5938 -3142.53
v 173.8708 366.4042 -3142.53
v 145.129 382.5722 -3142.53
v -150.9652 382.5722 -3142.53
v -157.6755 74.74503 -3112.851
v -146.7995 195.1132 -3112.851
v -167.2067 74.74503 -3125.876
v -156.1744 195.1132 -3125.876
v -139.9463 207.9696 -3112.851
v -146.9104 214.2022 -3125.876
v -176.7982 74.74503 -3129.512
v -166.0785 195.1132 -3129.512
v -184.9316 74.74503 -3142.53
v -174.212 195.1132 -3142.53
v -154.2599 220.7701 -3129.512
v -160.183 225.9236 -3142.53
v -201.242 74.74503 -3142.53
v -201.2417 335.5938 -3142.53
v -179.7202 366.4042 -3142.53
v 103.7242 195.1283 -3114.318
v 103.7014 179.3268 -3096.366
v 103.7014 156.5971 -3088.669
v 103.7014 133.8673 -3096.366
v 103.7151 117.9963 -3114.401
v 114.1947 195.1283 -3114.318
v 114.2139 179.3268 -3096.366
v 114.2139 156.5971 -3088.669
v 114.2139 133.8673 -3096.366
v 114.1947 118.0067 -3114.365
v 103.6328 156.5971 -3114.455
v 114.2139 156.5821 -3114.364
v 53.27257 195.1301 -3114.344
v 53.22346 179.3268 -3096.366
v 53.22346 156.5971 -3088.669
v 53.22346 133.8673 -3096.366
v 53.29362 117.9698 -3114.369
v 63.84198 195.1245 -3114.267
v 63.7639 179.3268 -3096.366
v 63.7639 156.5971 -3088.669
v 63.7639 133.8673 -3096.366
v 63.88102 117.9421 -3114.353
v 53.12523 156.5971 -3114.455
v 63.7639 156.5971 -3114.455
v 16.60841 195.1283 -3114.318
v 16.58698 179.3268 -3096.366
v 16.58698 156.5971 -3088.669
v 16.58698 133.8673 -3096.366
v 16.61913 117.894 -3114.372
v 27.07891 195.1283 -3114.318
v 27.09952 179.3268 -3096.366
v 27.09952 156.5971 -3088.669
v 27.09952 133.8673 -3096.366
v 27.09952 118.0196 -3114.398
v 16.52268 156.5971 -3114.455
v 27.16134 156.5971 -3114.455
v -33.84398 195.1245 -3114.267
v -33.89094 179.3268 -3096.366
v -33.89094 156.5971 -3088.669
v -33.89094 133.8673 -3096.366
v -33.84398 118.0196 -3114.398
v -23.27242 195.1245 -3114.267
v -23.3462 179.3268 -3096.366
v -23.3462 156.5971 -3088.669
v -23.3462 133.8673 -3096.366
v -23.27242 117.9808 -3114.375
v -33.98487 156.5971 -3114.455
v -23.3462 156.5971 -3114.455
v -70.49873 195.1283 -3114.318
v -70.51438 179.3268 -3096.366
v -70.51438 156.5971 -3088.669
v -70.51438 133.8673 -3096.366
v -70.51438 118.0196 -3114.398
v -60.00184 195.1301 -3114.344
v -60.00183 179.3268 -3096.366
v -60.00183 156.5971 -3088.669
v -60.00183 133.8673 -3096.366
v -60.00184 118.0196 -3114.398
v -70.56134 156.5971 -3114.455
v -59.92268 156.5971 -3114.455
v -121.0909 195.1207 -3114.216
v -121.0689 179.3268 -3096.366
v -121.0689 156.5971 -3088.669
v -121.0689 133.8673 -3096.366
v -121.0854 117.9808 -3114.333
v -110.5312 195.1245 -3114.267
v -110.4302 179.3268 -3096.366
v -110.4302 156.5971 -3088.669
v -110.4302 133.8673 -3096.366
v -110.5312 117.9808 -3114.4
v -121.0689 156.5971 -3114.455
v -110.4302 156.5971 -3114.455
v 103.832 120.492 -3114.42
v 103.803 127.0599 -3105.647
v 103.803 156.5404 -3092.409
v 103.803 186.021 -3105.647
v 103.863 192.2478 -3114.422
v 63.84633 120.5341 -3114.421
v 63.68249 127.0599 -3105.647
v 63.68249 156.5404 -3092.409
v 63.68249 186.021 -3105.647
v 63.80947 192.2478 -3114.422
v 16.81081 120.555 -3114.422
v 16.68856 127.0598 -3105.647
v 16.68856 156.5404 -3092.409
v 16.68856 186.0209 -3105.647
v 16.81081 192.2478 -3114.422
v -23.22114 120.5533 -3114.422
v -23.43191 127.0599 -3105.647
v -23.43191 156.5404 -3092.409
v -23.43191 186.021 -3105.647
v -23.23239 192.2478 -3114.422
v -70.45999 120.5527 -3114.422
v -70.4128 127.0599 -3105.647
v -70.4128 156.5404 -3092.409
v -70.4128 186.021 -3105.647
v -70.45628 192.2478 -3114.422
v -110.6816 120.555 -3114.422
v -110.7492 127.0599 -3105.647
v -110.7492 156.5404 -3092.409
v -110.7492 186.021 -3105.647
v -110.6816 192.2478 -3114.422
v -110.6322 120.555 -3114.422
v -110.6322 192.2478 -3114.422
v -110.6322 120.5152 -3114.421
v 136.4141 74.74503 -3114.114
v 121.8663 83.70727 -3114.114
v 95.19642 111.6549 -3114.114
v -142.233 74.74503 -3114.114
v 103.7151 117.9963 -3114.401
v 114.1947 195.1283 -3114.318
v 114.1947 118.0067 -3114.365
v 63.88102 117.9421 -3114.353
v -121.0689 179.3268 -3096.366
v -121.0909 195.1207 -3114.216
v -121.0689 156.5971 -3088.669
v -121.0689 133.8673 -3096.366
v -121.0854 117.9808 -3114.333
v -110.5312 195.1245 -3114.267
v -110.4302 179.3268 -3096.366
v -110.4302 156.5971 -3088.669
v -110.4302 133.8673 -3096.366
v -110.5312 117.9808 -3114.4
v 196.5839 536.8033 -3180.987
v 196.5839 265.7998 -3180.987
v 193.6291 2.689697 -3274.051
v 193.6291 502.8676 -3274.051
v -201.3104 2.689697 -3274.051
v -201.3104 502.8676 -3274.051
v -201.3104 265.7998 -3180.987
v -201.3104 536.8033 -3180.987
v -128.0198 83.70725 -3114.114
v -121.0854 117.9808 -3114.333
v -99.61037 111.6549 -3114.114
v -110.5312 117.9808 -3114.4
v -70.51438 118.0196 -3114.398
v -110.5312 195.1245 -3114.267
v -121.0909 195.1207 -3114.216
v -70.49873 195.1283 -3114.318
v -121.0689 156.5971 -3114.455
v -70.49873 195.1283 -3114.318
v -60.00183 179.3268 -3096.366
v -70.51438 179.3268 -3096.366
v -60.00184 195.1301 -3114.344
v -60.00183 156.5971 -3088.669
v -70.51438 156.5971 -3088.669
v -60.00183 133.8673 -3096.366
v -70.51438 133.8673 -3096.366
v -60.00184 118.0196 -3114.398
v -70.51438 118.0196 -3114.398
v -110.6322 120.555 -3114.422
v -110.6816 120.555 -3114.422
v -110.6322 192.2478 -3114.422
v -70.45628 192.2478 -3114.422
v -60.00184 195.1301 -3114.344
v -33.84398 118.0196 -3114.398
v -60.00184 118.0196 -3114.398
v -33.84398 195.1245 -3114.267
v -33.84398 195.1245 -3114.267
v -23.3462 179.3268 -3096.366
v -33.89094 179.3268 -3096.366
v -23.27242 195.1245 -3114.267
v -23.3462 156.5971 -3088.669
v -33.89094 156.5971 -3088.669
v -23.3462 133.8673 -3096.366
v -33.89094 133.8673 -3096.366
v -23.27242 117.9808 -3114.375
v -33.84398 118.0196 -3114.398
v -23.27242 195.1245 -3114.267
v -23.27242 117.9808 -3114.375
v 16.60841 195.1283 -3114.318
v 16.60841 195.1283 -3114.318
v 27.09952 179.3268 -3096.366
v 16.58698 179.3268 -3096.366
v 27.07891 195.1283 -3114.318
v 27.09952 156.5971 -3088.669
v 16.58698 156.5971 -3088.669
v 27.09952 133.8673 -3096.366
v 16.58698 133.8673 -3096.366
v 27.09952 118.0196 -3114.398
v 16.61913 117.894 -3114.372
v -23.23239 192.2478 -3114.422
v 16.81081 192.2478 -3114.422
v 16.61913 117.894 -3114.372
v 27.07891 195.1283 -3114.318
v 27.09952 118.0196 -3114.398
v 53.29362 117.9698 -3114.369
v 53.27257 195.1301 -3114.344
v 53.27257 195.1301 -3114.344
v 63.7639 179.3268 -3096.366
v 53.22346 179.3268 -3096.366
v 63.84198 195.1245 -3114.267
v 63.7639 156.5971 -3088.669
v 53.22346 156.5971 -3088.669
v 63.7639 133.8673 -3096.366
v 53.22346 133.8673 -3096.366
v 63.88102 117.9421 -3114.353
v 53.29362 117.9698 -3114.369
v 63.84198 195.1245 -3114.267
v 103.7242 195.1283 -3114.318
v 103.7242 195.1283 -3114.318
v 114.2139 179.3268 -3096.366
v 103.7014 179.3268 -3096.366
v 114.1947 195.1283 -3114.318
v 114.2139 156.5971 -3088.669
v 103.7014 156.5971 -3088.669
v 114.2139 133.8673 -3096.366
v 103.7014 133.8673 -3096.366
v 114.1947 118.0067 -3114.365
v 103.7151 117.9963 -3114.401
v 63.80947 192.2478 -3114.422
v 103.863 192.2478 -3114.422
v 114.2139 156.5821 -3114.364
v 103.832 120.492 -3114.42
v 63.84633 120.5341 -3114.421
v -70.45999 120.5527 -3114.422
v -23.22114 120.5533 -3114.422
v 16.81081 120.555 -3114.422
v -141.6033 0.01491492 -3397.209
v -134.1298 -10.93143 -3397.209
v -118.3946 -15.72967 -3397.209
v -102.6594 -10.93143 -3397.209
v -95.04533 0.007453538 -3397.085
v -141.6036 -0.00331704 102.2035
v -134.1298 -10.93143 102.2035
v -118.3946 -15.72967 102.2035
v -102.6594 -10.93143 102.2035
v -95.18592 0.01490708 102.2035
v -325.1234 103.0721 17.28567
v -325.1234 462.6783 17.28567
v -325.1234 103.0721 -641.9418
v -325.1234 462.6783 -641.9418
v -325.1234 103.0721 -1301.226
v -325.1234 462.6783 -1301.226
v -325.1234 103.0721 -1960.424
v -325.1234 462.6783 -1960.424
v -325.1234 103.0721 -2619.615
v -325.1234 462.6783 -2619.615
v -325.1234 103.0721 -3278.801
v -325.1234 462.6783 -3278.801
v -229.6363 244.6891 -1247.35
v -296.164 244.6891 -1225.734
v -296.164 244.6891 -1155.783
v -229.6363 244.6891 -1134.167
v -188.5199 244.6891 -1190.759
v -232.6959 304.9984 -1233.723
v -283.2031 304.9984 -1217.312
v -283.2031 304.9984 -1164.205
v -201.4808 304.9984 -1190.759
v -303.8985 250.2886 -1150.164
v -226.682 250.2886 -1125.074
v -178.9596 250.2886 -1190.759
v -288.8552 320.2874 -1159.939
v -230.2332 320.2874 -1140.892
v -194.0028 320.2874 -1190.759
v -211.8577 383.3397 -1191.462
v -284.5587 383.3397 -1191.462
v -211.8577 314.782 -1191.462
v -284.5587 314.782 -1191.462
v -232.6959 304.9984 -1233.723
v -229.6363 244.6891 -1247.35
v -296.164 244.6891 -1155.783
v -226.682 250.2886 -1125.074
v -303.8985 250.2886 -1150.164
v -229.6363 244.6891 -1134.167
v -178.9596 250.2886 -1190.759
v -188.5199 244.6891 -1190.759
v -226.682 250.2886 -1125.074
v 248.1601 244.6891 -1247.35
v 314.6929 244.6891 -1225.734
v 314.6929 244.6891 -1155.783
v 248.1601 244.6891 -1134.167
v 207.0406 244.6891 -1190.759
v 251.22 304.9984 -1233.723
v 301.731 304.9984 -1217.312
v 301.731 304.9984 -1164.205
v 220.0024 304.9984 -1190.759
v 322.428 250.2886 -1150.164
v 245.2056 250.2886 -1125.074
v 197.4795 250.2886 -1190.759
v 307.3835 320.2874 -1159.939
v 248.7571 320.2874 -1140.892
v 212.5239 320.2874 -1190.759
v 230.3802 383.3397 -1191.462
v 303.0867 383.3397 -1191.462
v 230.3802 314.782 -1191.462
v 303.0867 314.782 -1191.462
v 251.22 304.9984 -1233.723
v 248.1601 244.6891 -1247.35
v 314.6929 244.6891 -1155.783
v 245.2056 250.2886 -1125.074
v 322.428 250.2886 -1150.164
v 248.1601 244.6891 -1134.167
v 197.4795 250.2886 -1190.759
v 207.0406 244.6891 -1190.759
v 245.2056 250.2886 -1125.074
v -230.5837 244.6891 -2892.808
v -297.1114 244.6891 -2871.192
v -297.1114 244.6891 -2801.241
v -230.5837 244.6891 -2779.625
v -189.4673 244.6891 -2836.217
v -233.6433 304.9984 -2879.18
v -284.1505 304.9984 -2862.77
v -284.1505 304.9984 -2809.663
v -202.4282 304.9984 -2836.217
v -304.8459 250.2886 -2795.622
v -227.6294 250.2886 -2770.532
v -179.907 250.2886 -2836.217
v -289.8026 320.2874 -2805.397
v -231.1806 320.2874 -2786.35
v -194.9503 320.2874 -2836.217
v -212.8052 383.3397 -2836.92
v -285.5061 383.3397 -2836.92
v -212.8052 314.782 -2836.92
v -285.5061 314.782 -2836.92
v -233.6433 304.9984 -2879.18
v -230.5837 244.6891 -2892.808
v -297.1114 244.6891 -2801.241
v -227.6294 250.2886 -2770.532
v -304.8459 250.2886 -2795.622
v -179.907 250.2886 -2836.217
v -189.4673 244.6891 -2836.217
v 247.7061 244.6891 -2892.808
v 314.2389 244.6891 -2871.192
v 314.2389 244.6891 -2801.241
v 247.7061 244.6891 -2779.625
v 206.5865 244.6891 -2836.217
v 250.7659 304.9984 -2879.18
v 301.277 304.9984 -2862.77
v 301.277 304.9984 -2809.663
v 219.5484 304.9984 -2836.217
v 321.9739 250.2886 -2795.622
v 244.7515 250.2886 -2770.532
v 197.0255 250.2886 -2836.217
v 306.9295 320.2874 -2805.397
v 248.303 320.2874 -2786.35
v 212.0699 320.2874 -2836.217
v 229.9262 383.3397 -2836.92
v 302.6327 383.3397 -2836.92
v 229.9262 314.782 -2836.92
v 302.6327 314.782 -2836.92
v 250.7659 304.9984 -2879.18
v 247.7061 244.6891 -2892.808
v 314.2389 244.6891 -2801.241
v 244.7515 250.2886 -2770.532
v 321.9739 250.2886 -2795.622
v 247.7061 244.6891 -2779.625
v 197.0255 250.2886 -2836.217
v 206.5865 244.6891 -2836.217
v 244.7515 250.2886 -2770.532
v 90.72349 0.007457459 -3397.085
v 98.15922 -10.93143 -3397.209
v 113.8944 -15.72967 -3397.209
v 129.6297 -10.93143 -3397.209
v 137.1031 0.01490708 -3397.209
v 90.68541 -0.00331704 102.2035
v 98.15922 -10.93143 102.2035
v 113.8944 -15.72967 102.2035
v 129.6297 -10.93143 102.2035
v 137.1031 0.01490708 102.2035
v 334.5907 382.4346 -782.5128
v 174.8653 382.4346 -782.5125
v 147.9455 461.3625 -782.5125
v 334.5907 382.4346 -372.4406
v 174.7578 382.4346 -505.9751
v 146.2365 461.3625 -505.9751
v 141.8607 382.4346 -413.9431
v 113.3393 461.3625 -413.9431
v 141.8607 382.4346 -331.0279
v 113.3393 461.3625 -331.0279
v 187.5469 382.4347 -633.0614
v 159.7909 461.3625 -633.0614
v 334.5908 382.4346 38.08784
v 183.2359 382.4346 38.08784
v 334.5908 461.3625 70.25211
v 160.4242 461.3625 70.25211
v 174.8654 382.4346 13.16191
v 147.9456 461.3625 13.16191
v 334.5907 382.4346 -372.5302
v 174.758 382.4346 -238.9962
v 146.2366 461.3625 -238.9962
v 187.547 382.4347 -111.9095
v 159.791 461.3625 -111.9095
v 334.5907 382.4346 -1603.748
v 174.8653 382.4346 -1603.748
v 147.9455 461.3625 -1603.748
v 334.5907 382.4346 -1192.495
v 174.7578 382.4346 -1326.029
v 146.2365 461.3625 -1326.029
v 141.8607 382.4346 -1233.998
v 113.3393 461.3625 -1233.998
v 141.8607 382.4346 -1151.082
v 113.3393 461.3625 -1151.082
v 187.5469 382.4347 -1453.116
v 159.7909 461.3625 -1453.116
v 334.5907 382.4346 -1192.585
v 174.758 382.4346 -1059.05
v 146.2366 461.3625 -1059.05
v 187.547 382.4347 -931.9639
v 159.791 461.3625 -931.9639
v 334.5907 382.4346 -2424.984
v 174.8653 382.4346 -2424.984
v 147.9455 461.3625 -2424.984
v 334.5907 382.4346 -2014.912
v 174.7578 382.4346 -2148.446
v 146.2365 461.3625 -2148.446
v 141.8607 382.4346 -2056.415
v 113.3393 461.3625 -2056.415
v 141.8607 382.4346 -1973.499
v 113.3393 461.3625 -1973.499
v 187.5469 382.4347 -2275.533
v 159.7909 461.3625 -2275.533
v 334.5907 382.4346 -2015.002
v 174.758 382.4346 -1881.467
v 146.2366 461.3625 -1881.467
v 187.547 382.4347 -1754.381
v 159.791 461.3625 -1754.381
v 334.5906 382.4346 -3245.584
v 183.2357 382.4346 -3245.584
v 160.424 461.3625 -3277.749
v 174.8652 382.4346 -3220.658
v 147.9454 461.3625 -3220.658
v 334.5907 382.4346 -2834.967
v 174.7578 382.4346 -2968.501
v 146.2365 461.3625 -2968.501
v 141.8607 382.4346 -2876.469
v 113.3393 461.3625 -2876.469
v 141.8607 382.4346 -2793.553
v 113.3393 461.3625 -2793.553
v 187.5469 382.4347 -3095.587
v 159.7909 461.3625 -3095.587
v 334.5907 382.4346 -2835.056
v 174.758 382.4346 -2701.522
v 146.2366 461.3625 -2701.522
v 187.547 382.4347 -2574.435
v 159.791 461.3625 -2574.435
v 187.5469 382.4347 -633.0614
v 174.8653 382.4346 -782.5125
v 141.8607 382.4346 -413.9431
v 174.7578 382.4346 -505.9751
v 141.8607 382.4346 -413.9431
v 113.3393 461.3625 -413.9431
v 141.8607 382.4346 -331.0279
v 141.8607 382.4346 -413.9431
v 183.2359 382.4346 38.08784
v 334.5908 382.4346 38.08784
v 174.8654 382.4346 13.16191
v 187.547 382.4347 -111.9095
v 174.758 382.4346 -238.9962
v 187.5469 382.4347 -1453.116
v 174.8653 382.4346 -1603.748
v 141.8607 382.4346 -1233.998
v 174.7578 382.4346 -1326.029
v 141.8607 382.4346 -1233.998
v 113.3393 461.3625 -1233.998
v 141.8607 382.4346 -1151.082
v 141.8607 382.4346 -1233.998
v 187.547 382.4347 -931.9639
v 174.758 382.4346 -1059.05
v 187.5469 382.4347 -2275.533
v 174.8653 382.4346 -2424.984
v 141.8607 382.4346 -2056.415
v 174.7578 382.4346 -2148.446
v 141.8607 382.4346 -2056.415
v 113.3393 461.3625 -2056.415
v 141.8607 382.4346 -1973.499
v 141.8607 382.4346 -2056.415
v 187.547 382.4347 -1754.381
v 174.758 382.4346 -1881.467
v 174.8652 382.4346 -3220.658
v 183.2357 382.4346 -3245.584
v 187.5469 382.4347 -3095.587
v 141.8607 382.4346 -2876.469
v 174.7578 382.4346 -2968.501
v 141.8607 382.4346 -2876.469
v 113.3393 461.3625 -2876.469
v 141.8607 382.4346 -2793.553
v 141.8607 382.4346 -2876.469
v 187.547 382.4347 -2574.435
v 174.758 382.4346 -2701.522
v -309.6581 4.090892 17.11209
v -316.0273 11.70001 17.11209
v -316.0273 11.70001 -641.598
v -309.6581 4.090892 -641.598
v -316.0273 99.49632 17.11209
v -316.0273 99.49632 -641.598
v -325.3407 103.1245 17.11209
v -325.3407 103.1245 -641.598
v -316.0273 11.70001 -1300.344
v -309.6581 4.090892 -1300.344
v -316.0273 99.49632 -1300.344
v -325.3407 103.1245 -1300.344
v -316.0273 11.70001 -1959.523
v -309.6581 4.090892 -1959.523
v -316.0273 99.49632 -1959.523
v -325.3407 103.1245 -1959.523
v -309.6581 4.090892 -2618.534
v -316.0273 11.70001 -2618.534
v -316.0273 11.70001 -3277.43
v -309.6581 4.090892 -3277.43
v -316.0273 99.49632 -2618.534
v -316.0273 99.49632 -3277.43
v -325.3407 103.1245 -2618.534
v -325.3407 103.1245 -3277.43
v -316.0273 11.70001 17.11209
v -316.0273 11.70001 -641.598
v -316.0273 99.49632 17.11209
v -316.0273 99.49632 -641.598
v -309.6581 4.090892 -641.598
v -316.0273 11.70001 -641.598
v -316.0273 11.70001 -641.598
v -316.0273 11.70001 -1300.344
v -316.0273 99.49632 -641.598
v -316.0273 99.49632 -641.598
v -316.0273 99.49632 -1300.344
v -325.3407 103.1245 -641.598
v -309.6581 4.090892 -1300.344
v -316.0273 11.70001 -1300.344
v -316.0273 11.70001 -1300.344
v -316.0273 11.70001 -1959.523
v -316.0273 99.49632 -1300.344
v -316.0273 99.49632 -1300.344
v -316.0273 99.49632 -1959.523
v -325.3407 103.1245 -1300.344
v -316.0273 11.70001 -2618.534
v -316.0273 11.70001 -3277.43
v -316.0273 99.49632 -2618.534
v -316.0273 99.49632 -3277.43
v -309.6581 4.090892 -1959.523
v -316.0273 11.70001 -2618.534
v -309.6581 4.090892 -2618.534
v -316.0273 11.70001 -1959.523
v -316.0273 11.70001 -1959.523
v -316.0273 99.49632 -2618.534
v -316.0273 11.70001 -2618.534
v -316.0273 99.49632 -1959.523
v -316.0273 99.49632 -1959.523
v -325.3407 103.1245 -2618.534
v -316.0273 99.49632 -2618.534
v -325.3407 103.1245 -1959.523
v 322.2062 103.0721 17.28567
v 322.2062 462.6783 17.28567
v 322.2062 103.0721 -641.9418
v 322.2062 462.6783 -641.9418
v 322.2062 103.0721 -1301.226
v 322.2062 462.6783 -1301.226
v 322.2062 103.0721 -1960.424
v 322.2062 462.6783 -1960.424
v 322.2062 103.0721 -2619.615
v 322.2062 462.6783 -2619.615
v 322.2062 103.0721 -3278.801
v 322.2062 462.6783 -3278.801
v 306.8448 4.090892 17.11209
v 313.214 11.70001 17.11209
v 313.214 11.70001 -641.598
v 306.8448 4.090892 -641.598
v 313.214 99.49632 17.11209
v 313.214 99.49632 -641.598
v 322.5275 103.1245 17.11209
v 322.5275 103.1245 -641.598
v 313.214 11.70001 -1300.344
v 306.8448 4.090892 -1300.344
v 313.214 99.49632 -1300.344
v 322.5275 103.1245 -1300.344
v 313.214 11.70001 -1959.523
v 306.8448 4.090892 -1959.523
v 313.214 99.49632 -1959.523
v 322.5275 103.1245 -1959.523
v 306.8448 4.090892 -2618.534
v 313.214 11.70001 -2618.534
v 313.214 11.70001 -3277.43
v 306.8448 4.090892 -3277.43
v 313.214 99.49632 -2618.534
v 313.214 99.49632 -3277.43
v 322.5275 103.1245 -2618.534
v 322.5275 103.1245 -3277.43
v 313.214 11.70001 17.11209
v 313.214 11.70001 -641.598
v 313.214 99.49632 17.11209
v 313.214 99.49632 -641.598
v 306.8448 4.090892 -641.598
v 313.214 11.70001 -641.598
v 313.214 11.70001 -641.598
v 313.214 11.70001 -1300.344
v 313.214 99.49632 -641.598
v 313.214 99.49632 -641.598
v 313.214 99.49632 -1300.344
v 322.5275 103.1245 -641.598
v 306.8448 4.090892 -1300.344
v 313.214 11.70001 -1300.344
v 313.214 11.70001 -1300.344
v 313.214 11.70001 -1959.523
v 313.214 99.49632 -1300.344
v 313.214 99.49632 -1300.344
v 313.214 99.49632 -1959.523
v 322.5275 103.1245 -1300.344
v 313.214 11.70001 -2618.534
v 313.214 11.70001 -3277.43
v 313.214 99.49632 -2618.534
v 313.214 99.49632 -3277.43
v 306.8448 4.090892 -1959.523
v 313.214 11.70001 -2618.534
v 306.8448 4.090892 -2618.534
v 313.214 11.70001 -1959.523
v 313.214 11.70001 -1959.523
v 313.214 99.49632 -2618.534
v 313.214 11.70001 -2618.534
v 313.214 99.49632 -1959.523
v 313.214 99.49632 -1959.523
v 322.5275 103.1245 -2618.534
v 313.214 99.49632 -2618.534
v 322.5275 103.1245 -1959.523
v 196.0499 4.31618 16.03104
v 306.8643 4.31618 16.03104
v 196.0493 4.316177 -3274.646
v 306.8641 4.316177 -3274.646
v -309.6109 4.316177 16.67355
v -198.7964 4.316177 16.67355
v -309.6115 4.316175 -3275.273
v -198.7967 4.316175 -3275.273
v 90.84283 0.04359436 -3405.797
v -93.53952 0.04359436 -3405.797
v 90.84283 0.04359436 -3287.953
v -93.53952 0.04359436 -3287.953
vt 1 5.960464E-08
vt 5.960464E-08 5.960464E-08
vt 1 1
vt 5.960464E-08 1
vt 1.232653 0.2012553
vt 1.232653 0.8120807
vt 0.5185034 0.2012553
vt 0.5185034 0.8120807
vt 0 0
vt 1 0
vt 0 1.000244
vt 1 1.000244
vt 1.171149 0
vt 0.7233936 0
vt 0.4136679 0
vt 0.2699071 0
vt -0.1778481 0
vt 1.171149 0.9963745
vt 0.7233936 0.9963745
vt 0.4136679 0.9963745
vt 0.2699071 0.9963745
vt -0.1778481 0.9963745
vt 0.5796328 0
vt 0.5796328 0.9963745
vt 0 0
vt 1 0
vt 0 1
vt 1 1
vt 0 0
vt 1 0
vt 0 1
vt 1 1
vt 0 1
vt 1 1
vt 0 1
vt 1 1
vt 0 0
vt 1 0
vt 0 0
vt 1 0
vt 0 0
vt 1 1
vt 1 0
vt 0 1
vt 0 0
vt 1 1
vt 1 0
vt 0 1
vt 0 0
vt 1 1
vt 1 0
vt 0 1
vt 0 0
vt 1 0
vt 0 1
vt 1 1
vt 0 1
vt 1 1
vt 0 1
vt 1 1
vt 0 0
vt 1 0
vt 0 0
vt 1 0
vt 0 0
vt 1 1
vt 1 0
vt 0 1
vt 0 0
vt 1 1
vt 1 0
vt 0 1
vt 0 0
vt 1 1
vt 1 0
vt 0 1
vt 0.4249509 0.1936831
vt 0.4249509 0.675781
vt 0.003593326 0.1936831
vt 0.003593266 0.675781
vt 0.4249509 0.1936831
vt 0.4249509 0.675781
vt 0.003593326 0.1936831
vt 0.003593266 0.675781
vt 0.450692 0.6633735
vt 0.6631436 0.6633735
vt 0.450692 0.4985049
vt 0.6631436 0.4985049
vt 0.9989682 0.7996246
vt 0.9989682 0.7996246
vt 0.671038 0.6764914
vt 0.671038 0.6764914
vt 0.4896138 0.4779299
vt 0.6268516 0.4779299
vt 0.6764106 0.9622075
vt 0.6764103 0.8427387
vt 0.8113016 0.2026329
vt 0.8113016 0.2026329
vt 0.9989682 0.2026329
vt 0.9989682 0.2026329
vt 0.450692 0.6633735
vt 0.6631436 0.6633735
vt 0.450692 0.4985049
vt 0.6631436 0.4985049
vt 0.9989682 0.7996246
vt 0.9989682 0.7996246
vt 0.671038 0.6764914
vt 0.671038 0.6764914
vt 0.4896138 0.4779299
vt 0.6268516 0.4779299
vt 0.6764106 0.8430684
vt 0.6764103 0.9625368
vt 0.8113016 0.2026329
vt 0.8113016 0.2026329
vt 0.9989682 0.2026329
vt 0.9989682 0.2026329
vt 0.4483222 0.6764914
vt 0.4483222 0.6764914
vt 0.4483221 0.7996245
vt 0.4483221 0.7996245
vt 0.4568131 0.9622128
vt 0.4568129 0.8427334
vt 0.4483222 0.6764914
vt 0.4483222 0.6764914
vt 0.4483221 0.7996245
vt 0.4483221 0.7996245
vt 0.4570953 0.8430631
vt 0.4570951 0.9625421
vt 0.001436234 0.7996241
vt 0.001436234 0.6764914
vt 2.486756 0.1987676
vt -1.302114 0.1613919
vt -1.302114 0.1987677
vt 2.486756 0.1614132
vt 0.6764061 0.8056541
vt 0.4568129 0.8427334
vt 0.4568183 0.8056541
vt 0.6764103 0.8427387
vt 0.999728 0.8056545
vt 0.6764103 0.8427387
vt 0.6764061 0.8056541
vt 0.6764061 0.9996218
vt 0.6764106 0.9622075
vt 0.9997284 0.9996218
vt 0.9997284 0.9996218
vt 0.6764103 0.8427387
vt 0.999728 0.8056545
vt 0.6764106 0.9622075
vt 0.9997283 0.8056541
vt 0.6764063 0.9996215
vt 0.676406 0.8056541
vt 0.9997283 0.9996218
vt 0.001494884 0.7996241
vt 0.001494884 0.6764914
vt 2.487415 0.004439048
vt -1.301456 0.04220754
vt -1.301456 0.004438877
vt 2.487414 0.04220114
vt 0.6764061 0.9996215
vt 0.4570951 0.9625421
vt 0.4571002 0.9996215
vt 0.6764103 0.9625368
vt 0.999728 0.9996215
vt 0.6764103 0.9625368
vt 0.6764061 0.9996215
vt 0.6764061 0.8056541
vt 0.6764106 0.8430684
vt 0.9997284 0.8056541
vt 0.9997284 0.8056541
vt 0.6764103 0.9625368
vt 0.999728 0.9996215
vt 0.6764106 0.8430684
vt 0.6764061 0.8056541
vt 0.999728 0.9996215
vt 0.9997284 0.8056541
vt 0.6764061 0.9996218
vt -1.302114 0.1613919
vt 2.486756 0.04186308
vt -1.302114 0.04186982
vt 2.486756 0.1614132
vt 0.001436234 0.7996241
vt 0.001436234 0.6764914
vt 0.4568131 0.9622128
vt 0.6764061 0.9996218
vt 0.4568183 0.9996218
vt 0.6764106 0.9622075
vt -1.302114 0.04186982
vt 2.486757 0.005454645
vt -1.302115 0.005454719
vt 2.486756 0.04186308
vt -1.301456 0.04220754
vt 2.487414 0.1619568
vt -1.301456 0.1619356
vt 2.487414 0.04220114
vt 0.001494884 0.7996241
vt 0.001494884 0.6764914
vt 0.4570953 0.8430631
vt 0.6764061 0.8056541
vt 0.4571002 0.8056541
vt 0.6764106 0.8430684
vt -1.301456 0.1619356
vt 2.487415 0.1986841
vt -1.301456 0.198684
vt 2.487414 0.1619568
vt 0.4249509 0.1936831
vt 0.4249509 0.675781
vt 0.003593326 0.1936831
vt 0.003593266 0.675781
vt 0.4249509 0.1936831
vt 0.4249509 0.675781
vt 0.003593326 0.1936831
vt 0.003593266 0.675781
vt 0.4846436 0.9941949
vt 0.4869494 0.8377079
vt 0.5577042 0.7765307
vt 0.7761781 0.9941948
vt 0.6593236 0.855809
vt 0.6977572 0.7765307
vt 0.7440279 0.7818887
vt 0.7755283 0.7765307
vt 0.7440279 0.7818887
vt 0.7755283 0.7765307
vt 0.5515637 0.855809
vt 0.6166878 0.7765307
vt 0.4175282 0.6747495
vt 0.5238278 0.6747495
vt 0.4175282 0.7765307
vt 0.5238278 0.7765307
vt 0.5577042 0.7765307
vt 0.492658 0.8342896
vt 0.7762433 0.9941948
vt 0.6593236 0.855809
vt 0.6977572 0.7765307
vt 0.5515637 0.855809
vt 0.6166878 0.7765307
vt 0.4846436 0.9941949
vt 0.4869494 0.8377079
vt 0.5577042 0.7765307
vt 0.7761781 0.9941948
vt 0.6593236 0.855809
vt 0.6977572 0.7765307
vt 0.7440279 0.7818887
vt 0.7755283 0.7765307
vt 0.7440279 0.7818887
vt 0.7755283 0.7765307
vt 0.5515637 0.855809
vt 0.6166878 0.7765307
vt 0.7762433 0.9941948
vt 0.6593236 0.855809
vt 0.6977572 0.7765307
vt 0.5515637 0.855809
vt 0.6166878 0.7765307
vt 0.4846436 0.9941949
vt 0.4869494 0.8377079
vt 0.5577042 0.7765307
vt 0.7761781 0.9941948
vt 0.6593236 0.855809
vt 0.6977572 0.7765307
vt 0.7440279 0.7818887
vt 0.7755283 0.7765307
vt 0.7440279 0.7818887
vt 0.7755283 0.7765307
vt 0.5515637 0.855809
vt 0.6166878 0.7765307
vt 0.7762433 0.9941948
vt 0.6593236 0.855809
vt 0.6977572 0.7765307
vt 0.5515637 0.855809
vt 0.6166878 0.7765307
vt 0.4769312 0.9941949
vt 0.4769312 0.8467618
vt 0.5238278 0.7765307
vt 0.492658 0.8342896
vt 0.5577042 0.7765307
vt 0.7761781 0.9941948
vt 0.6593236 0.855809
vt 0.6977572 0.7765307
vt 0.7440279 0.7818887
vt 0.7755283 0.7765307
vt 0.7440279 0.7818887
vt 0.7755283 0.7765307
vt 0.5515637 0.855809
vt 0.6166878 0.7765307
vt 0.7762433 0.9941948
vt 0.6593236 0.855809
vt 0.6977572 0.7765307
vt 0.5515637 0.855809
vt 0.6166878 0.7765307
vt 0.6166878 0.6747496
vt 0.5577042 0.6747495
vt 0.7755283 0.6747495
vt 0.6977574 0.6747495
vt 0.7962969 0.7818887
vt 0.8220708 0.7765307
vt 0.7755283 0.6747495
vt 0.822071 0.6747495
vt 0.4769312 0.9941949
vt 0.4769312 0.8467618
vt 0.5577042 0.6747495
vt 0.6166878 0.6747496
vt 0.6977573 0.6747495
vt 0.6166878 0.6747496
vt 0.5577042 0.6747495
vt 0.7755283 0.6747495
vt 0.6977574 0.6747495
vt 0.7962969 0.7818887
vt 0.8220708 0.7765307
vt 0.7755283 0.6747495
vt 0.822071 0.6747495
vt 0.6166878 0.6747496
vt 0.6977573 0.6747495
vt 0.6166878 0.6747496
vt 0.5577042 0.6747495
vt 0.7755283 0.6747495
vt 0.6977574 0.6747495
vt 0.7962969 0.7818887
vt 0.8220708 0.7765307
vt 0.7755283 0.6747495
vt 0.822071 0.6747495
vt 0.6166878 0.6747496
vt 0.6977573 0.6747495
vt 0.5577042 0.6747495
vt 0.5238278 0.6747495
vt 0.6166878 0.6747496
vt 0.7755283 0.6747495
vt 0.6977574 0.6747495
vt 0.7962969 0.7818887
vt 0.8220708 0.7765307
vt 0.7755283 0.6747495
vt 0.822071 0.6747495
vt 0.6166878 0.6747496
vt 0.6977573 0.6747495
vt 0.01777422 0.007542161
vt 0.3761642 0.007542161
vt 0.01777422 0.3885652
vt 0.3761642 0.3885652
vt 0.1873934 0.007542161
vt 0.1873934 0.3885652
vt 0.2065451 0.007542161
vt 0.2065451 0.3885652
vt 0.01777422 0.007542161
vt -0.0002722889 0.6159263
vt 0.01777422 0.007542161
vt 0.01777422 0.3885652
vt -0.0002722889 0.3985556
vt 0.01777422 0.1331467
vt 0.50412 0.2531306
vt -0.0002722889 0.3985556
vt 0.5119296 0.2596662
vt 0.5076183 0.2814893
vt 0.5055422 0.2962288
vt 0.5033469 0.3094419
vt 0.50151 0.3228057
vt 0.8719336 0.0791566
vt 0.8577172 0.2531191
vt 0.8354775 0.2531306
vt 0.8506248 0.07915661
vt 0.8851621 0.0791566
vt 0.8695792 0.2531191
vt 0.8487589 0.2716999
vt 0.8274812 0.259688
vt 0.8581235 0.2821459
vt 0.8315173 0.2814893
vt 0.8335927 0.2962288
vt 0.8969297 0.0791566
vt 0.8829176 0.2531191
vt 0.9075614 0.0791566
vt 0.8940377 0.2545845
vt 0.867469 0.2901999
vt 0.8739088 0.3005787
vt 0.8357878 0.3094419
vt 0.8359962 0.3228057
vt 0.7954984 0.1315695
vt 0.5444348 0.1315695
vt 0.02122388 0.3985556
vt 0.8282276 0.0928852
vt 0.4044412 0.6159263
vt 0.3821424 0.6159263
vt 0.3436222 0.6159263
vt 0.0622565 0.6159263
vt 0.02122402 0.6159263
vt -0.0002722889 0.6159263
vt 0.9306645 0.0791566
vt 0.9307101 0.4561493
vt 0.9007494 0.5006781
vt 0.8631619 0.5240449
vt 0.479209 0.5240449
vt 0.4671708 0.0791566
vt 0.4813937 0.2531191
vt 0.4547063 0.0791566
vt 0.4683196 0.2531191
vt 0.4903561 0.2716999
vt 0.4815744 0.2818473
vt 0.4421631 0.0791566
vt 0.4561816 0.2531191
vt 0.4315267 0.0791566
vt 0.4455453 0.2531191
vt 0.4716374 0.2901999
vt 0.4648685 0.2989505
vt 0.4098706 0.0791566
vt 0.409871 0.4561493
vt 0.4389943 0.5016569
vt 0.9815828 0.9885557
vt 0.9288889 0.9431745
vt 0.9064253 0.8779263
vt 0.9288889 0.8126782
vt 0.8084809 0.1416898
vt 0.8214942 0.2531306
vt 0.9288889 0.9431745
vt 0.9064253 0.8779263
vt 0.9288889 0.8126782
vt 0.8214942 0.1416898
vt 0.981685 0.8779263
vt 0.981685 0.8779263
vt 0.9815828 0.9885557
vt 0.9288889 0.9431745
vt 0.9064253 0.8779263
vt 0.9288889 0.8126782
vt 0.9815828 0.7672969
vt 0.9815828 0.9885557
vt 0.9288889 0.9431745
vt 0.9064253 0.8779263
vt 0.9288889 0.8126782
vt 0.7619448 0.1416898
vt 0.981685 0.8779263
vt 0.981685 0.8779263
vt 0.9815828 0.9885557
vt 0.9288889 0.9431745
vt 0.9064253 0.8779263
vt 0.9288889 0.8126782
vt 0.9815828 0.7672969
vt 0.9815828 0.9885557
vt 0.9288889 0.9431745
vt 0.9064253 0.8779263
vt 0.9288889 0.8126782
vt 0.9815828 0.7672969
vt 0.981685 0.8779263
vt 0.981685 0.8779263
vt 0.9815828 0.9885557
vt 0.9288889 0.9431745
vt 0.9064253 0.8779263
vt 0.9288889 0.8126782
vt 0.9815828 0.7672969
vt 0.9815828 0.9885557
vt 0.9288889 0.9431745
vt 0.9064253 0.8779263
vt 0.9288889 0.8126782
vt 0.9815828 0.7672969
vt 0.981685 0.8779263
vt 0.981685 0.8779263
vt 0.9815828 0.9885557
vt 0.9288889 0.9431745
vt 0.9064253 0.8779263
vt 0.9288889 0.8126782
vt 0.9815828 0.7672969
vt 0.9815828 0.9885557
vt 0.9288889 0.9431745
vt 0.9064253 0.8779263
vt 0.9288889 0.8126782
vt 0.9815828 0.7672969
vt 0.981685 0.8779263
vt 0.981685 0.8779263
vt 0.8670913 0.9872248
vt 0.8670913 0.942562
vt 0.8670913 0.8783469
vt 0.8670913 0.8141318
vt 0.8670913 0.769469
vt 0.8986368 0.9872248
vt 0.8986368 0.942562
vt 0.8986368 0.8780665
vt 0.8986368 0.8141318
vt 0.8986368 0.769469
vt 0.981685 0.8779263
vt 0.981685 0.8779263
vt 0.9342048 0.5792334
vt 0.9342048 0.5973456
vt 0.9342048 0.6641884
vt 0.9342048 0.7310311
vt 0.8084809 0.2488745
vt 0.8398832 0.5792334
vt 0.8398832 0.5973456
vt 0.8398832 0.6641884
vt 0.8398832 0.7310311
vt 0.7619448 0.2488745
vt 0.9342048 0.5792334
vt 0.9342048 0.5973456
vt 0.9342048 0.6641884
vt 0.9342048 0.7310311
vt 0.6955489 0.2488745
vt 0.8398832 0.5792334
vt 0.8398832 0.5973456
vt 0.8398832 0.6641884
vt 0.8398832 0.7310311
vt 0.643532 0.2488745
vt 0.9342048 0.5792334
vt 0.9342048 0.5973456
vt 0.9342048 0.6641884
vt 0.9342048 0.7310312
vt 0.5823405 0.2488745
vt 0.5300093 0.1444714
vt 0.8398832 0.5973456
vt 0.8398832 0.6641884
vt 0.8398832 0.7310311
vt 0.8398832 0.7525983
vt 0.5300093 0.1444714
vt 0.5300093 0.2488745
vt 0.5300093 0.1444138
vt 0.4044412 0.3985556
vt 0.3821424 0.3985556
vt 0.3436222 0.3985556
vt 0.4887622 0.07915661
vt 0.9815828 0.7672969
vt 0.9815828 0.9885557
vt 0.9815828 0.7672969
vt 0.9815828 0.7672969
vt 0.9288889 0.9431745
vt 0.9815828 0.9885557
vt 0.9064253 0.8779263
vt 0.9288889 0.8126782
vt 0.9815828 0.7672969
vt 0.9815828 0.9885557
vt 0.9288889 0.9431745
vt 0.9064253 0.8779263
vt 0.9288889 0.8126782
vt 0.9815828 0.7672969
vt 0.4044412 0.6159263
vt 0.4044412 0.3985556
vt 0.2065451 0.007542161
vt 0.2065451 0.3885652
vt 0.1873934 0.007542161
vt 0.1873934 0.3885652
vt 0.01777422 0.1331467
vt 0.01777422 0.3885652
vt 0.5078582 0.0928852
vt 0.5167106 0.1416898
vt 0.0622565 0.3985556
vt 0.5300093 0.1416898
vt 0.5823405 0.1416898
vt 0.5300093 0.2531306
vt 0.5167106 0.2531306
vt 0.5823405 0.2531306
vt 0.5166292 0.2003216
vt 0.867232 0.9872247
vt 0.8986368 0.942562
vt 0.867232 0.942562
vt 0.8986368 0.9872248
vt 0.8986368 0.8780692
vt 0.867232 0.8783456
vt 0.8986368 0.8141318
vt 0.867232 0.8141318
vt 0.8986368 0.769469
vt 0.867232 0.769469
vt 0.8398832 0.5792334
vt 0.8398832 0.5792334
vt 0.8398832 0.7525983
vt 0.9342048 0.7525983
vt 0.5955322 0.2531306
vt 0.6298338 0.1416898
vt 0.5955322 0.1416898
vt 0.6299645 0.2531306
vt 0.8673726 0.9872248
vt 0.8986368 0.942562
vt 0.8673726 0.942562
vt 0.8986368 0.9872248
vt 0.8986368 0.8780665
vt 0.8673726 0.8783444
vt 0.8986368 0.8141318
vt 0.8673726 0.8141318
vt 0.8986368 0.769469
vt 0.8673726 0.769469
vt 0.643532 0.2531306
vt 0.643532 0.1416898
vt 0.6955489 0.2531306
vt 0.8672839 0.9872248
vt 0.8986368 0.942562
vt 0.8672839 0.942562
vt 0.8986368 0.9872248
vt 0.8986368 0.8780686
vt 0.8672839 0.8783452
vt 0.8986368 0.8141318
vt 0.8672839 0.8141318
vt 0.8986368 0.769469
vt 0.8672839 0.769469
vt 0.8398832 0.7525983
vt 0.9342048 0.7525983
vt 0.6955489 0.1416898
vt 0.708799 0.2531306
vt 0.708799 0.1416898
vt 0.7428758 0.1416898
vt 0.7428758 0.2531306
vt 0.8673855 0.9872248
vt 0.8986368 0.942562
vt 0.8673855 0.942562
vt 0.8986368 0.9872248
vt 0.8986368 0.8780665
vt 0.8673855 0.8783443
vt 0.8986368 0.8141318
vt 0.8673855 0.8141318
vt 0.8986368 0.769469
vt 0.8673855 0.769469
vt 0.7619448 0.2531306
vt 0.8084809 0.2531306
vt 0.8672968 0.9872248
vt 0.8986368 0.942562
vt 0.8672968 0.942562
vt 0.8986368 0.9872248
vt 0.8986368 0.8780684
vt 0.8672968 0.878345
vt 0.8986368 0.8141318
vt 0.8672968 0.8141318
vt 0.8986368 0.769469
vt 0.8672968 0.769469
vt 0.8398832 0.7525983
vt 0.9342048 0.7525983
vt 0.8214942 0.1969546
vt 0.8084809 0.14438
vt 0.7619448 0.1444412
vt 0.5823405 0.1444681
vt 0.643532 0.1444689
vt 0.6955489 0.1444714
vt 0.7245076 0.5294331
vt 0.7672214 0.5294331
vt 0.8312918 0.5294331
vt 0.8953623 0.5294331
vt 0.938076 0.5294331
vt 0.7244185 0.5460553
vt 0.7672214 0.5460553
vt 0.8312918 0.5460553
vt 0.8953623 0.5460553
vt 0.938076 0.5460553
vt 0.0001940673 0.6238099
vt 0.0001940077 1.000285
vt 0.4055585 0.6238098
vt 0.4055585 1.000285
vt 0.0001940402 0.6238098
vt 0.0001940849 1.000285
vt 0.4055585 0.6238098
vt 0.4055585 1.000285
vt 0.0001940402 0.6238098
vt 0.0001940849 1.000285
vt 0.4055586 0.6238098
vt 0.4055584 1.000285
vt 0.4189084 0.5305773
vt 0.7186615 0.5305773
vt 0.4189084 0.5305773
vt 0.4259595 0.5519197
vt 0.4189084 0.5305773
vt 0.4645233 0.669138
vt 0.6727877 0.669138
vt 0.4645233 0.669138
vt 0.4645233 0.669138
vt 0.4189084 0.5305773
vt 0.7186615 0.5305773
vt 0.4189084 0.5305773
vt 0.4645233 0.669138
vt 0.6727877 0.669138
vt 0.4645233 0.669138
vt 0.7282863 0.6679056
vt 0.8019464 0.6679056
vt 0.7282863 0.5504676
vt 0.8019464 0.5504676
vt 0.6727877 0.669138
vt 0.7186615 0.5305773
vt 0.7115546 0.5519196
vt 0.4189084 0.5305773
vt 0.7186615 0.5305773
vt 0.7115546 0.5519196
vt 0.4189084 0.5305773
vt 0.4259595 0.5519197
vt 0.7186615 0.5305773
vt 0.4189084 0.5305773
vt 0.7186615 0.5305773
vt 0.4189084 0.5305773
vt 0.4259595 0.5519197
vt 0.4189084 0.5305773
vt 0.4645233 0.669138
vt 0.6727877 0.669138
vt 0.4645233 0.669138
vt 0.4645233 0.669138
vt 0.4189084 0.5305773
vt 0.7186615 0.5305773
vt 0.4189084 0.5305773
vt 0.4645233 0.669138
vt 0.6727877 0.669138
vt 0.4645233 0.669138
vt 0.7282863 0.6679056
vt 0.8019464 0.6679056
vt 0.7282863 0.5504676
vt 0.8019464 0.5504676
vt 0.6727877 0.669138
vt 0.7186615 0.5305773
vt 0.7115546 0.5519196
vt 0.4189084 0.5305773
vt 0.7186615 0.5305773
vt 0.7115546 0.5519196
vt 0.4189084 0.5305773
vt 0.4259595 0.5519197
vt 0.7186615 0.5305773
vt 0.4189084 0.5305773
vt 0.7186615 0.5305773
vt 0.4189084 0.5305773
vt 0.4189084 0.5305773
vt 0.4189084 0.5305773
vt 0.4645233 0.669138
vt 0.6727877 0.669138
vt 0.4645233 0.669138
vt 0.4645233 0.669138
vt 0.4189084 0.5305773
vt 0.7186615 0.5305773
vt 0.4189084 0.5305773
vt 0.4645233 0.669138
vt 0.6727877 0.669138
vt 0.4645233 0.669138
vt 0.7282863 0.6679056
vt 0.8019464 0.6679056
vt 0.7282863 0.5504676
vt 0.8019464 0.5504676
vt 0.6727877 0.669138
vt 0.7186615 0.5305773
vt 0.7186615 0.5305773
vt 0.4259595 0.5519197
vt 0.7115546 0.5519196
vt 0.7115546 0.5519196
vt 0.7186614 0.5305773
vt 0.4189084 0.5305773
vt 0.7186615 0.5305773
vt 0.4189084 0.5305773
vt 0.4259595 0.5519197
vt 0.4189084 0.5305773
vt 0.4645233 0.669138
vt 0.6727877 0.669138
vt 0.4645233 0.669138
vt 0.4645233 0.669138
vt 0.4189084 0.5305773
vt 0.7186615 0.5305773
vt 0.4189084 0.5305773
vt 0.4645233 0.669138
vt 0.6727877 0.669138
vt 0.4645233 0.669138
vt 0.7282863 0.6679056
vt 0.8019464 0.6679056
vt 0.7282863 0.5504676
vt 0.8019464 0.5504676
vt 0.6727877 0.669138
vt 0.7186615 0.5305773
vt 0.7115546 0.5519196
vt 0.4189084 0.5305773
vt 0.7186615 0.5305773
vt 0.7115546 0.5519196
vt 0.4189084 0.5305773
vt 0.4259595 0.5519197
vt 0.7186615 0.5305773
vt 0.7245076 0.5294331
vt 0.7672214 0.5294331
vt 0.8312918 0.5294331
vt 0.8953623 0.5294331
vt 0.938076 0.5294331
vt 0.7244185 0.5460553
vt 0.7672214 0.5460553
vt 0.8312918 0.5460553
vt 0.8953623 0.5460553
vt 0.938076 0.5460553
vt 0.4846436 0.9941949
vt 0.4869494 0.8377079
vt 0.5577042 0.7765307
vt 0.7761781 0.9941948
vt 0.6593236 0.855809
vt 0.6977572 0.7765307
vt 0.7440279 0.7818887
vt 0.7755283 0.7765307
vt 0.7440279 0.7818887
vt 0.7755283 0.7765307
vt 0.5515637 0.855809
vt 0.6166878 0.7765307
vt 0.4175282 0.6747495
vt 0.5238278 0.6747495
vt 0.4175282 0.7765307
vt 0.5238278 0.7765307
vt 0.492658 0.8342896
vt 0.5577042 0.7765307
vt 0.7762433 0.9941948
vt 0.6593236 0.855809
vt 0.6977572 0.7765307
vt 0.5515637 0.855809
vt 0.6166878 0.7765307
vt 0.4846436 0.9941949
vt 0.4869494 0.8377079
vt 0.5577042 0.7765307
vt 0.7761781 0.9941948
vt 0.6593236 0.855809
vt 0.6977572 0.7765307
vt 0.7440279 0.7818887
vt 0.7755283 0.7765307
vt 0.7440279 0.7818887
vt 0.7755283 0.7765307
vt 0.5515637 0.855809
vt 0.6166878 0.7765307
vt 0.7762433 0.9941948
vt 0.6593236 0.855809
vt 0.6977572 0.7765307
vt 0.5515637 0.855809
vt 0.6166878 0.7765307
vt 0.4846436 0.9941949
vt 0.4869494 0.8377079
vt 0.5577042 0.7765307
vt 0.7761781 0.9941948
vt 0.6593236 0.855809
vt 0.6977572 0.7765307
vt 0.7440279 0.7818887
vt 0.7755283 0.7765307
vt 0.7440279 0.7818887
vt 0.7755283 0.7765307
vt 0.5515637 0.855809
vt 0.6166878 0.7765307
vt 0.7762433 0.9941948
vt 0.6593236 0.855809
vt 0.6977572 0.7765307
vt 0.5515637 0.855809
vt 0.6166878 0.7765307
vt 0.4769312 0.9941949
vt 0.4769312 0.8467618
vt 0.5238278 0.7765307
vt 0.492658 0.8342896
vt 0.5577042 0.7765307
vt 0.7761781 0.9941948
vt 0.6593236 0.855809
vt 0.6977572 0.7765307
vt 0.7440279 0.7818887
vt 0.7755283 0.7765307
vt 0.7440279 0.7818887
vt 0.7755283 0.7765307
vt 0.5515637 0.855809
vt 0.6166878 0.7765307
vt 0.7762433 0.9941948
vt 0.6593236 0.855809
vt 0.6977572 0.7765307
vt 0.5515637 0.855809
vt 0.6166878 0.7765307
vt 0.6166878 0.6747496
vt 0.5577042 0.6747495
vt 0.7755283 0.6747495
vt 0.6977574 0.6747495
vt 0.7962969 0.7818887
vt 0.8220708 0.7765307
vt 0.7755283 0.6747495
vt 0.822071 0.6747495
vt 0.4769312 0.8467618
vt 0.4769312 0.9941949
vt 0.5577042 0.6747495
vt 0.6166878 0.6747496
vt 0.6977573 0.6747495
vt 0.6166878 0.6747496
vt 0.5577042 0.6747495
vt 0.7755283 0.6747495
vt 0.6977574 0.6747495
vt 0.7962969 0.7818887
vt 0.8220708 0.7765307
vt 0.7755283 0.6747495
vt 0.822071 0.6747495
vt 0.6166878 0.6747496
vt 0.6977573 0.6747495
vt 0.6166878 0.6747496
vt 0.5577042 0.6747495
vt 0.7755283 0.6747495
vt 0.6977574 0.6747495
vt 0.7962969 0.7818887
vt 0.8220708 0.7765307
vt 0.7755283 0.6747495
vt 0.822071 0.6747495
vt 0.6166878 0.6747496
vt 0.6977573 0.6747495
vt 0.5577042 0.6747495
vt 0.5238278 0.6747495
vt 0.6166878 0.6747496
vt 0.7755283 0.6747495
vt 0.6977574 0.6747495
vt 0.7962969 0.7818887
vt 0.8220708 0.7765307
vt 0.7755283 0.6747495
vt 0.822071 0.6747495
vt 0.6166878 0.6747496
vt 0.6977573 0.6747495
vt 5.77122E-05 0.4099494
vt 5.77122E-05 0.430562
vt 0.4046557 0.430562
vt 0.4046557 0.4099494
vt 5.76973E-05 0.6238293
vt 0.4046557 0.6238293
vt 5.77122E-05 0.6137554
vt 0.4046557 0.6137553
vt 0.4046557 0.430562
vt 0.4046557 0.4099494
vt 0.4046557 0.6238293
vt 0.4046557 0.6137553
vt 0.4046557 0.430562
vt 0.4046557 0.4099494
vt 0.4046557 0.6238293
vt 0.4046557 0.6137553
vt 5.77122E-05 0.4099494
vt 5.77122E-05 0.430562
vt 0.4046557 0.430562
vt 0.4046557 0.4099494
vt 5.76973E-05 0.6238293
vt 0.4046557 0.6238293
vt 5.77122E-05 0.6137554
vt 0.4046557 0.6137553
vt 5.77122E-05 0.430562
vt 0.4046557 0.430562
vt 5.76973E-05 0.6238293
vt 0.4046557 0.6238293
vt 5.77122E-05 0.4099494
vt 5.77122E-05 0.430562
vt 5.77122E-05 0.430562
vt 0.4046557 0.430562
vt 5.76973E-05 0.6238293
vt 5.76973E-05 0.6238293
vt 0.4046557 0.6238293
vt 5.77122E-05 0.6137554
vt 5.77122E-05 0.4099494
vt 5.77122E-05 0.430562
vt 5.77122E-05 0.430562
vt 0.4046557 0.430562
vt 5.76973E-05 0.6238293
vt 5.76973E-05 0.6238293
vt 0.4046557 0.6238293
vt 5.77122E-05 0.6137554
vt 5.77122E-05 0.430562
vt 0.4046557 0.430562
vt 5.76973E-05 0.6238293
vt 0.4046557 0.6238293
vt 5.77122E-05 0.4099494
vt 0.4046557 0.430562
vt 0.4046557 0.4099494
vt 5.77122E-05 0.430562
vt 5.77122E-05 0.430562
vt 0.4046557 0.6238293
vt 0.4046557 0.430562
vt 5.76973E-05 0.6238293
vt 5.76973E-05 0.6238293
vt 0.4046557 0.6137553
vt 0.4046557 0.6238293
vt 5.77122E-05 0.6137554
vt 0.0001940673 0.6238099
vt 0.0001940077 1.000285
vt 0.4055585 0.6238098
vt 0.4055585 1.000285
vt 0.0001940402 0.6238098
vt 0.0001940849 1.000285
vt 0.4055585 0.6238098
vt 0.4055585 1.000285
vt 0.0001940402 0.6238098
vt 0.0001940849 1.000285
vt 0.4055586 0.6238098
vt 0.4055584 1.000285
vt 5.77122E-05 0.4099494
vt 5.77122E-05 0.430562
vt 0.4046557 0.430562
vt 0.4046557 0.4099494
vt 5.76973E-05 0.6238293
vt 0.4046557 0.6238293
vt 5.77122E-05 0.6137554
vt 0.4046557 0.6137553
vt 0.4046557 0.430562
vt 0.4046557 0.4099494
vt 0.4046557 0.6238293
vt 0.4046557 0.6137553
vt 0.4046557 0.430562
vt 0.4046557 0.4099494
vt 0.4046557 0.6238293
vt 0.4046557 0.6137553
vt 5.77122E-05 0.4099494
vt 5.77122E-05 0.430562
vt 0.4046557 0.430562
vt 0.4046557 0.4099494
vt 5.76973E-05 0.6238293
vt 0.4046557 0.6238293
vt 5.77122E-05 0.6137554
vt 0.4046557 0.6137553
vt 5.77122E-05 0.430562
vt 0.4046557 0.430562
vt 5.76973E-05 0.6238293
vt 0.4046557 0.6238293
vt 5.77122E-05 0.4099494
vt 5.77122E-05 0.430562
vt 5.77122E-05 0.430562
vt 0.4046557 0.430562
vt 5.76973E-05 0.6238293
vt 5.76973E-05 0.6238293
vt 0.4046557 0.6238293
vt 5.77122E-05 0.6137554
vt 5.77122E-05 0.4099494
vt 5.77122E-05 0.430562
vt 5.77122E-05 0.430562
vt 0.4046557 0.430562
vt 5.76973E-05 0.6238293
vt 5.76973E-05 0.6238293
vt 0.4046557 0.6238293
vt 5.77122E-05 0.6137554
vt 5.77122E-05 0.430562
vt 0.4046557 0.430562
vt 5.76973E-05 0.6238293
vt 0.4046557 0.6238293
vt 5.77122E-05 0.4099494
vt 0.4046557 0.430562
vt 0.4046557 0.4099494
vt 5.77122E-05 0.430562
vt 5.77122E-05 0.430562
vt 0.4046557 0.6238293
vt 0.4046557 0.430562
vt 5.76973E-05 0.6238293
vt 5.76973E-05 0.6238293
vt 0.4046557 0.6137553
vt 0.4046557 0.6238293
vt 5.77122E-05 0.6137554
vt 2.086163E-06 1.000001
vt 2.145767E-06 -9.536743E-07
vt 1.000002 1.000001
vt 1.000002 -9.536743E-07
vt 8.046627E-07 1.000001
vt 8.34465E-07 -8.046627E-07
vt 1.000001 1.000001
vt 1.000001 -8.34465E-07
vt 0 0
vt 1 0
vt 0 1
vt 1 1
vn 0 -1 0
vn 0 -1 0
vn 0 -1 0
vn 0 -1 0
vn 0 1 0
vn 0 1 0
vn 0 1 0
vn 0 1 0
vn 8.91646E-09 -0.43998 0.8980076
vn 8.91646E-09 -0.43998 0.8980076
vn 8.91646E-09 -0.43998 0.8980076
vn 8.91646E-09 -0.43998 0.8980076
vn -0.931371 0 0.3640716
vn -0.6673617 0 0.7447338
vn 0 0 1
vn 0.6673611 0 0.7447343
vn 0.9313709 0 0.364072
vn -0.931371 0 0.3640716
vn -0.6673617 0 0.7447338
vn 0 0 1
vn 0.6673611 0 0.7447343
vn 0.9313709 0 0.364072
vn 0 0 1
vn 0 0 1
vn 0 1 0
vn 0 1 0
vn 0 1 0
vn 0 1 0
vn 0 0 1
vn 0 0 1
vn 0 0 1
vn 0 0 1
vn 0 1 0
vn 0 1 0
vn 0 0 -1
vn 0 0 -1
vn 0 1 0
vn 0 1 0
vn 0 0 -1
vn 0 0 -1
vn 0 -1 0
vn 0 -1 0
vn 0 -1 0
vn 0 -1 0
vn 1 0 0
vn 1 0 0
vn 1 0 0
vn 1 0 0
vn -1 0 0
vn -1 0 0
vn -1 0 0
vn -1 0 0
vn 0 0 1
vn 0 0 1
vn 0 0 1
vn 0 0 1
vn 0 1 0
vn 0 1 0
vn 0 0 -1
vn 0 0 -1
vn 0 1 0
vn 0 1 0
vn 0 0 -1
vn 0 0 -1
vn 0 -1 0
vn 0 -1 0
vn 0 -1 0
vn 0 -1 0
vn 1 0 0
vn 1 0 0
vn 1 0 0
vn 1 0 0
vn -1 0 0
vn -1 0 0
vn -1 0 0
vn -1 0 0
vn -1.748456E-07 -1.192093E-07 -1
vn -1.748456E-07 -1.192093E-07 -1
vn -1.748456E-07 -1.192093E-07 -1
vn -1.748456E-07 -1.192093E-07 -1
vn 1 -1.192093E-07 0
vn 1 -1.192093E-07 0
vn 1 -1.192093E-07 0
vn 1 -1.192093E-07 0
vn 0 0 1
vn 0 0 1
vn 0 0 1
vn 0 0 1
vn -1 0 0
vn 1 0 0
vn -1 0 0
vn 1 0 0
vn 0 7.017666E-05 1
vn 0 7.017666E-05 1
vn 0 1 0
vn 0 1 0
vn 1 0 0
vn -1 0 0
vn 1 0 0
vn -1 0 0
vn 0 0 1
vn 0 0 1
vn 0 0 1
vn 0 0 1
vn -1 0 0
vn 1 0 0
vn -1 0 0
vn 1 0 0
vn 0 7.017666E-05 1
vn 0 7.017666E-05 1
vn 0 1 0
vn 0 1 0
vn 1 0 0
vn -1 0 0
vn 1 0 0
vn -1 0 0
vn -1 0 0
vn 1 0 0
vn -1 0 0
vn 1 0 0
vn 0 1 0
vn 0 1 0
vn -1 0 0
vn 1 0 0
vn -1 0 0
vn 1 0 0
vn 0 1 0
vn 0 1 0
vn 1 0 0
vn 1 0 0
vn 0.3551187 0.9348212 0
vn 0.3546769 0.934989 0
vn 0.3546769 0.934989 0
vn 0.3551187 0.9348212 0
vn -0.3542355 0.9351563 0
vn -0.3546768 0.934989 0
vn -0.3546768 0.934989 0
vn -0.3542355 0.9351563 0
vn -0.329414 0.8701792 0.3664351
vn -0.329414 0.8701792 0.3664351
vn -0.329414 0.8701792 0.3664351
vn 0.3294128 0.8701793 0.3664359
vn 0.3294128 0.8701793 0.3664359
vn 0.3294128 0.8701793 0.3664359
vn 0 0.928827 0.3705138
vn 0 0.928827 0.3705138
vn 0 0.928827 0.3705138
vn 0 0.928827 0.3705138
vn 0 1 0
vn 0 1 0
vn 0 1 0
vn 0 1 0
vn 1 0 0
vn 1 0 0
vn 0.3551181 0.9348215 0
vn 0.3546771 0.9349889 0
vn 0.3546771 0.9349889 0
vn 0.3551181 0.9348215 0
vn -0.3542352 0.9351564 0
vn -0.3546766 0.9349891 0
vn -0.3546766 0.9349891 0
vn -0.3542352 0.9351564 0
vn -0.3294121 0.8701992 0.3663893
vn -0.3294121 0.8701992 0.3663893
vn -0.3294121 0.8701992 0.3663893
vn 0.3294129 0.8701987 0.3663899
vn 0.3294129 0.8701987 0.3663899
vn 0.3294129 0.8701987 0.3663899
vn 0 0.928847 0.3704639
vn 0 0.928847 0.3704639
vn 0 0.928847 0.3704639
vn 0 0.928847 0.3704639
vn 0 1 0
vn 0 1 0
vn 0 1 0
vn 0 1 0
vn 0 1 0
vn 0 1 0
vn 0 1 0
vn 0 1 0
vn -1 0 0
vn -1 0 0
vn 0.3546769 0.934989 0
vn 0.3542351 0.9351564 0
vn 0.3546769 0.934989 0
vn 0.3542351 0.9351564 0
vn -0.3546768 0.934989 0
vn -0.3551179 0.9348215 0
vn -0.3546768 0.934989 0
vn -0.3551179 0.9348215 0
vn 0 1 0
vn 0 1 0
vn 0 1 0
vn 0 1 0
vn -1 0 0
vn -1 0 0
vn 0.3546771 0.9349889 0
vn 0.3542361 0.935156 0
vn 0.3546771 0.9349889 0
vn 0.3542361 0.935156 0
vn -0.3546766 0.9349891 0
vn -0.3551179 0.9348215 0
vn -0.3546766 0.9349891 0
vn -0.3551179 0.9348215 0
vn -8.742278E-08 -1 7.642741E-15
vn -8.742278E-08 -1 7.642741E-15
vn -8.742278E-08 -1 7.642741E-15
vn -8.742278E-08 -1 7.642741E-15
vn -1 1.192093E-07 -8.742277E-08
vn -1 1.192093E-07 -8.742277E-08
vn -1 1.192093E-07 -8.742277E-08
vn -1 1.192093E-07 -8.742277E-08
vn 0 -1 0
vn 0 -1 0
vn 0.9449243 -0.3272891 0
vn 0 -1 0
vn 0 -1 0
vn 0.921688 -0.3306428 -0.2028956
vn 0 -1 0
vn 0.9296725 -0.3359461 -0.1511597
vn 0 -1 0
vn 0.9296724 -0.335946 0.1511605
vn 0 -1 0
vn 0.9433969 -0.3315223 -0.009754946
vn 0 -0.3773821 0.9260577
vn 0.6944743 -0.4206912 0.583716
vn 0 -0.3773821 0.9260577
vn 0.6944743 -0.4206912 0.583716
vn 0.9399864 -0.3347711 0.06598376
vn 0 -1 0
vn 0 -1 0
vn 0 -1 0
vn 0.9216879 -0.3306427 0.2028962
vn 0 -1 0
vn 0.9434355 -0.3315475 0.002402609
vn 0 -1 0
vn 0 -1 0
vn 0.9449243 -0.3272892 0
vn 0 -1 0
vn 0 -1 0
vn 0.921688 -0.3306428 -0.2028957
vn 0 -1 0
vn 0.9296725 -0.3359459 -0.1511598
vn 0 -1 0
vn 0.9296724 -0.335946 0.1511605
vn 0 -1 0
vn 0.9433943 -0.3315209 -0.01005221
vn 0 -1 0
vn 0 -1 0
vn 0.9216879 -0.3306427 0.2028962
vn 0 -1 0
vn 0.943397 -0.3315221 0.009754372
vn 0 -1 0
vn 0 -1 0
vn 0.9449243 -0.3272891 0
vn 0 -1 0
vn 0 -1 0
vn 0.9216879 -0.3306428 -0.2028958
vn 0 -1 0
vn 0.9296725 -0.335946 -0.1511598
vn 0 -1 0
vn 0.9296725 -0.3359459 0.1511604
vn 0 -1 0
vn 0.943397 -0.3315223 -0.009754906
vn 0 -1 0
vn 0 -1 0
vn 0.921688 -0.3306426 0.2028961
vn 0 -1 0
vn 0.9433944 -0.3315209 0.01005163
vn 0 -1 0
vn 0 -1 0
vn 0.9131782 -0.3349908 -0.2321349
vn 0 -1 0
vn 0.9399863 -0.3347714 -0.06598324
vn 0 -1 0
vn 0 -1 0
vn 0.9216879 -0.3306428 -0.2028958
vn 0 -1 0
vn 0.9296725 -0.335946 -0.1511599
vn 0 -1 0
vn 0.9296724 -0.3359459 0.1511605
vn 0 -1 0
vn 0.9434355 -0.3315474 -0.002402498
vn 0 -1 0
vn 0 -1 0
vn 0.9216879 -0.3306427 0.2028962
vn 0 -1 0
vn 0.943397 -0.3315223 0.009754369
vn 0.9433969 -0.3315223 -0.009754946
vn 0.9449243 -0.3272891 0
vn 0.9296725 -0.3359461 -0.1511597
vn 0.921688 -0.3306428 -0.2028956
vn 0 -1 0
vn 0.9296725 -0.3359461 -0.1511597
vn 0.9296724 -0.335946 0.1511605
vn 0.9296725 -0.3359461 -0.1511597
vn 0 -1 0
vn 0 -1 0
vn 0.9399864 -0.3347711 0.06598376
vn 0.9434355 -0.3315475 0.002402609
vn 0.9216879 -0.3306427 0.2028962
vn 0.9433943 -0.3315209 -0.01005221
vn 0.9449243 -0.3272892 0
vn 0.9296725 -0.3359459 -0.1511598
vn 0.921688 -0.3306428 -0.2028957
vn 0 -1 0
vn 0.9296725 -0.3359459 -0.1511598
vn 0.9296724 -0.335946 0.1511605
vn 0.9296725 -0.3359459 -0.1511598
vn 0.943397 -0.3315221 0.009754372
vn 0.9216879 -0.3306427 0.2028962
vn 0.943397 -0.3315223 -0.009754906
vn 0.9449243 -0.3272891 0
vn 0.9296725 -0.335946 -0.1511598
vn 0.9216879 -0.3306428 -0.2028958
vn 0 -1 0
vn 0.9296725 -0.335946 -0.1511598
vn 0.9296725 -0.3359459 0.1511604
vn 0.9296725 -0.335946 -0.1511598
vn 0.9433944 -0.3315209 0.01005163
vn 0.921688 -0.3306426 0.2028961
vn 0.9399863 -0.3347714 -0.06598324
vn 0.9131782 -0.3349908 -0.2321349
vn 0.9434355 -0.3315474 -0.002402498
vn 0.9296725 -0.335946 -0.1511599
vn 0.9216879 -0.3306428 -0.2028958
vn 0 -1 0
vn 0.9296725 -0.335946 -0.1511599
vn 0.9296724 -0.3359459 0.1511605
vn 0.9296725 -0.335946 -0.1511599
vn 0.943397 -0.3315223 0.009754369
vn 0.9216879 -0.3306427 0.2028962
vn 0 0 1
vn 0 0 1
vn 0 0 1
vn 0 0 1
vn 0 0 1
vn 0 0 1
vn 0.9994963 0 -0.03173463
vn 0.9994963 0 -0.03173463
vn -1 0 0
vn 0 0 1
vn 0.9994963 0 -0.03173463
vn 0.9994963 0 -0.03173463
vn 0 0 1
vn 0.9994963 0 -0.03173463
vn 0.03673371 -0.01703434 0.9991799
vn 0.5335519 -0.8457674 0
vn 0.01508945 -0.04329383 0.9989484
vn -0.1003687 0.4016432 0.9102795
vn -0.1472213 0.5824029 0.7994578
vn -0.1590712 0.6087977 0.7772141
vn -0.1218851 0.4659523 0.8763746
vn 0.4171294 0.03788345 0.9080572
vn 0.4065105 0.1122378 0.9067259
vn -0.03955977 -0.01898027 0.9990369
vn -0.0291924 0.0002134067 0.9995738
vn 0.6041577 0.05483777 0.7949756
vn 0.5875489 0.1674558 0.7916723
vn 0.2996902 0.2860398 0.9101468
vn -0.01042857 -0.04838187 0.9987745
vn 0.4354297 0.4210138 0.7957062
vn 0.1004295 0.4015526 0.9103128
vn 0.1473485 0.5823638 0.7994628
vn 0.6312335 0.05642961 0.7735373
vn 0.6165199 0.1661716 0.769604
vn 0.4837778 0.043064 0.8741307
vn 0.4715913 0.1258554 0.8727899
vn 0.4640397 0.430484 0.7741774
vn 0.3537203 0.3266406 0.8764633
vn 0.1591887 0.6087624 0.7772176
vn 0.1219711 0.4659207 0.8763795
vn 0.000854241 0.03535284 0.9993746
vn 0.07688301 -0.1503711 0.9856356
vn 0.5540522 -0.6996582 0.4511149
vn 0.008194804 0.009153605 0.9999245
vn -0.5245116 -0.8514034 0
vn -0.6291538 -0.7772808 0
vn -0.3934613 -0.9193412 0
vn 0.3788952 -0.9254397 0
vn 0.6209856 -0.783822 0
vn 0.5335519 -0.8457674 0
vn 0 0 1
vn 0 0 1
vn 0 0 1
vn 0 0 1
vn 0 0 1
vn -0.4170747 0.03789643 0.9080819
vn -0.4064806 0.1122423 0.9067388
vn -0.6040112 0.05484962 0.7950862
vn -0.5873992 0.1674879 0.7917765
vn -0.2996317 0.2861374 0.9101353
vn -0.4352307 0.4210949 0.7957721
vn -0.6310953 0.0564431 0.7736491
vn -0.6163777 0.1662073 0.7697101
vn -0.4836875 0.0430757 0.8741801
vn -0.4714961 0.1258858 0.8728368
vn -0.463853 0.4305643 0.7742447
vn -0.3535869 0.3267027 0.8764939
vn 0 0 1
vn 0 0 1
vn 0 0 1
vn -0.9999969 0.002370725 0.0008139334
vn -0.9999971 0.001636066 0.001737367
vn -0.9999965 0 0.00266079
vn -0.9999971 -0.001516015 0.001888099
vn -0.0005805477 0.03691737 0.9993182
vn -0.01251718 -0.02840156 0.9995183
vn 1 0.0002489887 -0.000314883
vn 1 0 0
vn 1 -0.0002486005 -0.0003137453
vn -0.003537651 0.01934631 0.9998066
vn -0.9999983 6.002518E-05 0.001812736
vn 1 0 -0.0003143141
vn -0.9999925 0.003821875 0.0006278887
vn -0.9999943 0.002555961 0.002218633
vn -0.9999927 0 0.003809358
vn -0.9999943 -0.002824789 0.001880907
vn -0.9999906 -0.004359534 -4.75378E-05
vn 0.9999946 -0.002039126 0.002562214
vn 0.9999987 -0.001019565 0.001281109
vn 1 0 0
vn 0.999997 0.001520045 0.001910055
vn 9.51042E-05 0.03048898 0.9995351
vn -0.999998 -0.0001344132 0.002049778
vn 0.9999987 0.0002502393 0.001595583
vn -0.9999973 0.002222335 0.0007621273
vn -0.9999975 0.001533338 0.001627881
vn -0.9999969 0 0.002493623
vn -0.9999976 -0.001667767 0.001459009
vn -0.9999968 -0.002491198 0.0004244037
vn 0.9999975 0.002136616 0.0007328708
vn 0.9999977 0.001474233 0.001565248
vn 0.9999971 0 0.002397612
vn 0.9999975 -0.001206132 0.00190213
vn 0.9999977 -0.001600421 0.001406659
vn -0.9999988 -6.72145E-05 0.001543447
vn 0.9999986 0.0001340501 0.00173369
vn -0.9999932 0.003653965 0.0006012252
vn -0.9999948 0.002443785 0.002121977
vn -0.9999934 0 0.003642709
vn -0.9999948 -0.002442415 0.002123664
vn -0.9999932 -0.003651234 0.0006046297
vn 0.9999952 -0.001926872 0.002421199
vn 0.9999988 -0.000963437 0.001210601
vn 1 0 0
vn 0.9999988 0.0009578503 0.001203567
vn 0.9999954 0.001915699 0.002407131
vn -0.9999977 0 0.002122827
vn 0.9999993 0 0.001207085
vn -0.9999986 0.001623059 0.0005567445
vn -0.9999987 0.001119982 0.001189003
vn -0.9999983 0 0.001821253
vn -0.9999986 -0.0009163418 0.001444879
vn -0.9999987 -0.001215782 0.001068514
vn 0.9999963 0.002049331 0.001800997
vn 0.9999958 0.001544306 0.002435421
vn 0.9999954 0 0.003069833
vn 0.9999958 -0.001544434 0.002435309
vn 0.9999963 -0.002049595 0.001800797
vn -0.9999992 0.0001018203 0.001316942
vn 0.999997 0 0.002435368
vn 0.00146148 0.7493571 0.6621646
vn 0.0007562149 0.5536922 0.8327211
vn 0 0 1
vn 0.001088542 -0.5539471 0.8325512
vn 0.002103572 -0.7497618 0.6617045
vn 0.00146148 0.7493571 0.6621646
vn 0.0007562149 0.5536922 0.8327211
vn 0 0 1
vn 0.001088542 -0.5539471 0.8325512
vn 0.002103572 -0.7497618 0.6617045
vn -1 -3.673988E-05 0.0003157966
vn 0.9999987 0 -0.001651583
vn 8.924026E-05 -0.4406592 0.8976746
vn -0.000223476 -0.6255939 0.7801489
vn 0 0 1
vn 0 0.6348763 0.7726139
vn 0.0003643384 0.4389155 0.8985283
vn 8.924026E-05 -0.4406592 0.8976746
vn -0.000223476 -0.6255939 0.7801489
vn 0 0 1
vn 0 0.6348763 0.7726139
vn 0.0003643384 0.4389155 0.8985283
vn 0 -0.4414396 0.8972911
vn 0 -0.6267983 0.7791815
vn 0 0 1
vn 0 0.6348756 0.7726144
vn 0.0003635863 0.4389136 0.8985292
vn 0 -0.4414396 0.8972911
vn 0 -0.6267983 0.7791815
vn 0 0 1
vn 0 0.6348756 0.7726144
vn 0.0003635863 0.4389136 0.8985292
vn -2.436734E-05 -0.4456563 0.8952041
vn 0 -0.6267887 0.7791892
vn 0 0 1
vn 0 0.6348763 0.7726139
vn 0.0003628198 0.4389066 0.8985326
vn 0 -0.4345218 0.9006614
vn 0 -0.6267887 0.7791892
vn 0 0 1
vn 0 0.6348763 0.7726139
vn 0 0.8155318 0.5787122
vn 0 -0.281246 0.9596357
vn 0.0003628198 0.4389066 0.8985326
vn 0 0.02138521 0.9997713
vn -0.5245116 -0.8514034 0
vn -0.6291538 -0.7772808 0
vn -0.3934613 -0.9193412 0
vn 0.03060855 -6.558864E-05 0.9995315
vn -0.9999971 -0.00213063 0.001115419
vn 0.9999998 0.0004979773 -0.0006297658
vn 0.9999998 -0.0004972009 -0.0006274905
vn 0.9999881 0.00304008 0.003820098
vn -0.9999999 -0.0002879475 0.0003619099
vn -0.9999996 -0.0005758951 0.0007238198
vn -1 0 0
vn -1 0.0002144678 0.0002696832
vn -0.9999998 0.0004293521 0.0005393664
vn 0.9999911 0.002637865 -0.00331429
vn 0.9999977 0.001318727 -0.001657149
vn 1 0 0
vn 0.9999979 -0.001310186 -0.001646014
vn 0.9999912 -0.002620366 -0.003292021
vn 0 0 1
vn 0 0 1
vn 0 0 1
vn 0 0 1
vn -1 0 0
vn -1 0 0
vn -1 0 0
vn -1 0 0
vn 0.5540522 -0.6996582 0.4511149
vn 0.00594413 0.02112079 0.9997593
vn 0.07688301 -0.1503711 0.9856356
vn 0.002082307 0.03670837 0.9993238
vn -4.05027E-05 0.03284 0.9994606
vn 0.002250209 -0.03398584 0.9994198
vn 0.008568263 -0.0156546 0.9998407
vn 0.001361251 0.1755628 0.9844673
vn 0.01429286 -0.003364239 0.9998922
vn 0.001361251 0.1755628 0.9844673
vn 0.0003815653 0.5546336 0.8320946
vn 0.0003815653 0.5546336 0.8320946
vn 0.0003780207 0.1840983 0.9829078
vn 0 0 1
vn 0 0 1
vn 0 -0.5548084 0.8319781
vn 0 -0.5548084 0.8319781
vn 0 -0.7511305 0.6601538
vn 0 -0.7511305 0.6601538
vn 0 -0.281246 0.9596357
vn 0 -0.4345218 0.9006614
vn 0.0003628198 0.4389066 0.8985326
vn 0.0003628198 0.4389066 0.8985326
vn 0.0003780207 0.1840983 0.9829078
vn -0.001114496 0.03577892 0.9993592
vn -0.0004862089 0.02929309 0.9995708
vn -0.0005786762 -0.02839165 0.9995968
vn 0 0.7497847 0.661682
vn 0 0.553961 0.8325427
vn 0 0.553961 0.8325427
vn 0 0.7497847 0.661682
vn 0 0 1
vn 0 0 1
vn -0.001072626 -0.5544296 0.8322299
vn -0.001072626 -0.5544296 0.8322299
vn -0.002072494 -0.7505283 0.6608351
vn -0.002072494 -0.7505283 0.6608351
vn 0.0006405591 -0.05588557 0.998437
vn -0.0006309968 0.0411717 0.9991519
vn 0.0005194017 0.154133 0.98805
vn 0.0005194017 0.154133 0.98805
vn 0 0.5544994 0.8321841
vn 0 0.5544994 0.8321841
vn 0.0002448001 0.1684024 0.9857184
vn 0 0 1
vn 0 0 1
vn 0.002731742 -0.5538412 0.8326178
vn 0.002731742 -0.5538412 0.8326178
vn 0.005279162 -0.7495894 0.6618822
vn 0.005279162 -0.7495894 0.6618822
vn 0.0003635863 0.4389136 0.8985292
vn 0.0003635863 0.4389136 0.8985292
vn 0.0008304049 0.01814269 0.9998351
vn 0.0002448001 0.1684024 0.9857184
vn 0.0007716163 0.01248549 0.9999218
vn -0.0005521073 0.02441823 0.9997017
vn -0.002094437 -0.004815686 0.9999863
vn -0.002198022 0.7504291 0.6609473
vn -0.001137571 0.5543671 0.8322715
vn -0.001137571 0.5543671 0.8322715
vn -0.002198022 0.7504291 0.6609473
vn 0 0 1
vn 0 0 1
vn -0.000768626 -0.5535583 0.8328101
vn -0.000768626 -0.5535583 0.8328101
vn -0.00148553 -0.7491438 0.6624058
vn -0.00148553 -0.7491438 0.6624058
vn -0.00175608 -0.01364735 0.9999053
vn 0.0006403334 -0.05079748 0.9987088
vn 0 0.7506402 0.6607113
vn 0 0.5544995 0.8321841
vn 0 0.5544995 0.8321841
vn 0 0.7506402 0.6607113
vn 0 0 1
vn 0 0 1
vn -0.0004011553 -0.5544074 0.8322454
vn -0.0004011553 -0.5544074 0.8322454
vn -0.0007751053 -0.7504938 0.660877
vn -0.0007751053 -0.7504938 0.660877
vn 0.0003643384 0.4389155 0.8985283
vn 0.0003643384 0.4389155 0.8985283
vn -0.01703017 -0.001151014 0.9998543
vn 8.924026E-05 -0.4406592 0.8976746
vn 8.924026E-05 -0.4406592 0.8976746
vn -2.436734E-05 -0.4456563 0.8952041
vn 0 -0.4414396 0.8972911
vn 0 -0.4414396 0.8972911
vn 0.8256495 0.5641834 0
vn 0.5838629 0.8118523 0
vn 0 1 0
vn -0.582291 0.8129804 0
vn -0.8233141 0.567586 0
vn 0.8256495 0.5641834 0
vn 0.5838629 0.8118523 0
vn 0 1 0
vn -0.582291 0.8129804 0
vn -0.8233141 0.567586 0
vn 1 0 0
vn 1 0 0
vn 1 0 0
vn 1 0 0
vn 1 0 0
vn 1 0 0
vn 1 0 0
vn 1 0 0
vn 1 0 0
vn 1 0 0
vn 1 0 0
vn 1 0 0
vn -0.3026571 -0.2246556 0.9262444
vn 0.7831106 -0.2479439 0.5703172
vn 0.9776779 -0.2101096 5.146202E-17
vn 0.1561739 -0.8628898 0.4806568
vn -0.79706 -0.171294 0.5790974
vn -0.3026571 -0.2246556 0.9262444
vn 0.7831106 -0.2479439 0.5703172
vn 0.9776779 -0.2101096 5.146202E-17
vn -0.79706 -0.171294 0.5790974
vn -0.3030639 0.1953908 0.9327244
vn 0.3026556 0.2246563 0.9262447
vn 0.79706 0.1712944 0.5790972
vn -0.3030639 0.1953908 0.9327244
vn 0.3026556 0.2246563 0.9262447
vn 0.79706 0.1712944 0.5790972
vn 0 2.449294E-16 1
vn 0 2.449294E-16 1
vn 0 2.449294E-16 1
vn 0 2.449294E-16 1
vn -0.3026571 -0.2246556 0.9262444
vn -0.3026571 -0.2246556 0.9262444
vn -0.1812133 -0.810009 0.557716
vn 0.1561739 -0.8628898 0.4806568
vn -0.1812133 -0.810009 0.557716
vn 0.1561739 -0.8628898 0.4806568
vn 0.4744197 -0.8100108 0.3446862
vn 0.4744197 -0.8100108 0.3446862
vn 0.1561739 -0.8628898 0.4806568
vn 0.3026361 -0.2246571 0.9262509
vn -0.7830874 -0.2479556 0.5703439
vn -0.9776745 -0.210125 -1.880046E-16
vn -0.1561622 -0.8628914 0.4806577
vn 0.7970377 -0.1713023 0.5791255
vn 0.3026361 -0.2246571 0.9262509
vn -0.7830874 -0.2479556 0.5703439
vn -0.9776745 -0.210125 -1.880046E-16
vn 0.7970377 -0.1713023 0.5791255
vn 0.3030429 0.1953922 0.9327309
vn -0.3026346 0.2246579 0.9262512
vn -0.7970378 0.1713027 0.5791253
vn 0.3030429 0.1953922 0.9327309
vn -0.3026346 0.2246579 0.9262512
vn -0.7970378 0.1713027 0.5791253
vn -2.4492E-16 2.449294E-16 1
vn -2.4492E-16 2.449294E-16 1
vn -2.4492E-16 2.449294E-16 1
vn -2.4492E-16 2.449294E-16 1
vn 0.3026361 -0.2246571 0.9262509
vn 0.3026361 -0.2246571 0.9262509
vn 0.1811999 -0.810011 0.5577174
vn -0.1561622 -0.8628914 0.4806577
vn 0.1811999 -0.810011 0.5577174
vn -0.1561622 -0.8628914 0.4806577
vn -0.4743915 -0.8100247 0.3446921
vn -0.4743915 -0.8100247 0.3446921
vn -0.1561622 -0.8628914 0.4806577
vn -0.3026571 -0.2246556 0.9262444
vn 0.7831106 -0.2479439 0.5703172
vn 0.9776779 -0.2101096 5.146202E-17
vn 0.1561739 -0.8628898 0.4806568
vn -0.79706 -0.171294 0.5790974
vn -0.3026571 -0.2246556 0.9262444
vn 0.7831106 -0.2479439 0.5703172
vn 0.9776779 -0.2101096 5.146202E-17
vn -0.79706 -0.171294 0.5790974
vn -0.3030639 0.1953908 0.9327244
vn 0.3026556 0.2246563 0.9262447
vn 0.79706 0.1712944 0.5790972
vn -0.3030639 0.1953908 0.9327244
vn 0.3026556 0.2246563 0.9262447
vn 0.79706 0.1712944 0.5790972
vn 0 2.449294E-16 1
vn 0 2.449294E-16 1
vn 0 2.449294E-16 1
vn 0 2.449294E-16 1
vn -0.3026571 -0.2246556 0.9262444
vn -0.3026571 -0.2246556 0.9262444
vn -0.1812133 -0.810009 0.557716
vn 0.1561739 -0.8628898 0.4806568
vn -0.1812133 -0.810009 0.557716
vn 0.4744197 -0.8100108 0.3446862
vn 0.4744197 -0.8100108 0.3446862
vn 0.3026361 -0.2246571 0.9262509
vn -0.7830874 -0.2479556 0.5703439
vn -0.9776745 -0.210125 -1.880046E-16
vn -0.1561622 -0.8628914 0.4806577
vn 0.7970377 -0.1713023 0.5791255
vn 0.3026361 -0.2246571 0.9262509
vn -0.7830874 -0.2479556 0.5703439
vn -0.9776745 -0.210125 -1.880046E-16
vn 0.7970377 -0.1713023 0.5791255
vn 0.3030429 0.1953922 0.9327309
vn -0.3026346 0.2246579 0.9262512
vn -0.7970378 0.1713027 0.5791253
vn 0.3030429 0.1953922 0.9327309
vn -0.3026346 0.2246579 0.9262512
vn -0.7970378 0.1713027 0.5791253
vn -2.4492E-16 2.449294E-16 1
vn -2.4492E-16 2.449294E-16 1
vn -2.4492E-16 2.449294E-16 1
vn -2.4492E-16 2.449294E-16 1
vn 0.3026361 -0.2246571 0.9262509
vn 0.3026361 -0.2246571 0.9262509
vn 0.1811999 -0.810011 0.5577174
vn -0.1561622 -0.8628914 0.4806577
vn 0.1811999 -0.810011 0.5577174
vn -0.1561622 -0.8628914 0.4806577
vn -0.4743915 -0.8100247 0.3446921
vn -0.4743915 -0.8100247 0.3446921
vn -0.1561622 -0.8628914 0.4806577
vn 0.826223 0.5633432 0
vn 0.5842498 0.8115739 0
vn 0 1 0
vn -0.5840147 0.8117431 0
vn -0.8258747 0.5638536 0
vn 0.826223 0.5633432 0
vn 0.5842498 0.8115739 0
vn 0 1 0
vn -0.5840147 0.8117431 0
vn -0.8258747 0.5638536 0
vn 1.224647E-16 -1 1.224647E-16
vn 1.224647E-16 -1 1.224647E-16
vn -0.9449243 -0.3272891 -7.563847E-17
vn 1.224647E-16 -1 1.224647E-16
vn 1.224647E-16 -1 1.224647E-16
vn -0.921688 -0.3306428 -0.2028956
vn 1.224647E-16 -1 1.224647E-16
vn -0.9296725 -0.3359461 -0.1511597
vn 1.224647E-16 -1 1.224647E-16
vn -0.9296724 -0.335946 0.1511605
vn 1.224647E-16 -1 1.224647E-16
vn -0.9433969 -0.3315223 -0.009754946
vn -6.719339E-17 -0.3773821 0.9260577
vn -0.6944736 -0.420691 0.5837169
vn -6.719339E-17 -0.3773821 0.9260577
vn -0.6944736 -0.420691 0.5837169
vn 1.224647E-16 -1 1.224647E-16
vn -0.9399863 -0.3347711 0.06598436
vn 1.224647E-16 -1 1.224647E-16
vn 1.224647E-16 -1 1.224647E-16
vn -0.9216879 -0.3306427 0.2028962
vn 1.224647E-16 -1 1.224647E-16
vn -0.9434355 -0.3315474 0.002402628
vn 1.224647E-16 -1 1.224647E-16
vn 1.224647E-16 -1 1.224647E-16
vn -0.9449243 -0.3272892 -7.563847E-17
vn 1.224647E-16 -1 1.224647E-16
vn 1.224647E-16 -1 1.224647E-16
vn -0.921688 -0.3306428 -0.2028957
vn 1.224647E-16 -1 1.224647E-16
vn -0.9296725 -0.3359459 -0.1511598
vn 1.224647E-16 -1 1.224647E-16
vn -0.9296724 -0.335946 0.1511605
vn 1.224647E-16 -1 1.224647E-16
vn -0.9433943 -0.3315209 -0.01005221
vn 1.224647E-16 -1 1.224647E-16
vn 1.224647E-16 -1 1.224647E-16
vn -0.9216879 -0.3306427 0.2028962
vn 1.224647E-16 -1 1.224647E-16
vn -0.943397 -0.3315221 0.009754372
vn 1.224647E-16 -1 1.224647E-16
vn 1.224647E-16 -1 1.224647E-16
vn -0.9449243 -0.3272891 -7.563847E-17
vn 1.224647E-16 -1 1.224647E-16
vn 1.224647E-16 -1 1.224647E-16
vn -0.9216879 -0.3306428 -0.2028958
vn 1.224647E-16 -1 1.224647E-16
vn -0.9296725 -0.335946 -0.1511598
vn 1.224647E-16 -1 1.224647E-16
vn -0.9296725 -0.3359459 0.1511604
vn 1.224647E-16 -1 1.224647E-16
vn -0.943397 -0.3315223 -0.009754906
vn 1.224647E-16 -1 1.224647E-16
vn 1.224647E-16 -1 1.224647E-16
vn -0.921688 -0.3306426 0.2028961
vn 1.224647E-16 -1 1.224647E-16
vn -0.9433944 -0.3315209 0.01005163
vn 1.224647E-16 -1 1.224647E-16
vn 1.224647E-16 -1 1.224647E-16
vn -0.9131782 -0.3349908 -0.2321349
vn 1.224647E-16 -1 1.224647E-16
vn -0.9399863 -0.3347714 -0.06598324
vn 1.224647E-16 -1 1.224647E-16
vn 1.224647E-16 -1 1.224647E-16
vn -0.9216879 -0.3306428 -0.2028958
vn 1.224647E-16 -1 1.224647E-16
vn -0.9296725 -0.335946 -0.1511599
vn 1.224647E-16 -1 1.224647E-16
vn -0.9296724 -0.3359459 0.1511605
vn 1.224647E-16 -1 1.224647E-16
vn -0.9434355 -0.3315474 -0.002402498
vn 1.224647E-16 -1 1.224647E-16
vn 1.224647E-16 -1 1.224647E-16
vn -0.9216879 -0.3306427 0.2028962
vn 1.224647E-16 -1 1.224647E-16
vn -0.943397 -0.3315223 0.009754369
vn -0.9433969 -0.3315223 -0.009754946
vn -0.9449243 -0.3272891 -7.563847E-17
vn -0.9296725 -0.3359461 -0.1511597
vn -0.921688 -0.3306428 -0.2028956
vn 1.224647E-16 -1 1.224647E-16
vn -0.9296725 -0.3359461 -0.1511597
vn -0.9296724 -0.335946 0.1511605
vn -0.9296725 -0.3359461 -0.1511597
vn 1.224647E-16 -1 1.224647E-16
vn 1.224647E-16 -1 1.224647E-16
vn -0.9399863 -0.3347711 0.06598436
vn -0.9434355 -0.3315474 0.002402628
vn -0.9216879 -0.3306427 0.2028962
vn -0.9433943 -0.3315209 -0.01005221
vn -0.9449243 -0.3272892 -7.563847E-17
vn -0.9296725 -0.3359459 -0.1511598
vn -0.921688 -0.3306428 -0.2028957
vn 1.224647E-16 -1 1.224647E-16
vn -0.9296725 -0.3359459 -0.1511598
vn -0.9296724 -0.335946 0.1511605
vn -0.9296725 -0.3359459 -0.1511598
vn -0.943397 -0.3315221 0.009754372
vn -0.9216879 -0.3306427 0.2028962
vn -0.943397 -0.3315223 -0.009754906
vn -0.9449243 -0.3272891 -7.563847E-17
vn -0.9296725 -0.335946 -0.1511598
vn -0.9216879 -0.3306428 -0.2028958
vn 1.224647E-16 -1 1.224647E-16
vn -0.9296725 -0.335946 -0.1511598
vn -0.9296725 -0.3359459 0.1511604
vn -0.9296725 -0.335946 -0.1511598
vn -0.9433944 -0.3315209 0.01005163
vn -0.921688 -0.3306426 0.2028961
vn -0.9399863 -0.3347714 -0.06598324
vn -0.9131782 -0.3349908 -0.2321349
vn -0.9434355 -0.3315474 -0.002402498
vn -0.9296725 -0.335946 -0.1511599
vn -0.9216879 -0.3306428 -0.2028958
vn 1.224647E-16 -1 1.224647E-16
vn -0.9296725 -0.335946 -0.1511599
vn -0.9296724 -0.3359459 0.1511605
vn -0.9296725 -0.335946 -0.1511599
vn -0.943397 -0.3315223 0.009754369
vn -0.9216879 -0.3306427 0.2028962
vn 0.7668198 0.6418624 0
vn 0.7668198 0.6418624 0
vn 0.7668198 0.6418624 0
vn 0.7668198 0.6418624 0
vn 1 0 0
vn 1 0 0
vn 0.3629869 0.9317942 0
vn 0.3629869 0.9317942 0
vn 0.7668197 0.6418626 0
vn 0.7668197 0.6418626 0
vn 1 0 0
vn 0.3629874 0.931794 0
vn 0.7668197 0.6418627 0
vn 0.7668197 0.6418627 0
vn 1 0 0
vn 0.3629869 0.9317943 0
vn 0.7668194 0.6418629 0
vn 0.7668194 0.6418629 0
vn 0.7668194 0.6418629 0
vn 0.7668194 0.6418629 0
vn 1 0 0
vn 1 0 0
vn 0.3629873 0.9317941 0
vn 0.3629873 0.9317941 0
vn 1 0 0
vn 1 0 0
vn 0.3629869 0.9317942 0
vn 0.3629869 0.9317942 0
vn 0.7668197 0.6418626 0
vn 0.7668197 0.6418626 0
vn 1 0 0
vn 1 0 0
vn 1 0 0
vn 0.3629874 0.931794 0
vn 0.3629874 0.931794 0
vn 0.3629874 0.931794 0
vn 0.7668197 0.6418627 0
vn 0.7668197 0.6418627 0
vn 1 0 0
vn 1 0 0
vn 1 0 0
vn 0.3629869 0.9317943 0
vn 0.3629869 0.9317943 0
vn 0.3629869 0.9317943 0
vn 1 0 0
vn 1 0 0
vn 0.3629873 0.9317941 0
vn 0.3629873 0.9317941 0
vn 0.7668197 0.6418626 0
vn 0.7668197 0.6418626 0
vn 0.7668197 0.6418626 0
vn 0.7668197 0.6418626 0
vn 1 0 0
vn 1 0 0
vn 1 0 0
vn 1 0 0
vn 0.3629874 0.931794 0
vn 0.3629874 0.931794 0
vn 0.3629874 0.931794 0
vn 0.3629874 0.931794 0
vn -1 -1.224647E-16 -1.224647E-16
vn -1 -1.224647E-16 -1.224647E-16
vn -1 -1.224647E-16 -1.224647E-16
vn -1 -1.224647E-16 -1.224647E-16
vn -1 -1.224647E-16 -1.224647E-16
vn -1 -1.224647E-16 -1.224647E-16
vn -1 -1.224647E-16 -1.224647E-16
vn -1 -1.224647E-16 -1.224647E-16
vn -1 -1.224647E-16 -1.224647E-16
vn -1 -1.224647E-16 -1.224647E-16
vn -1 -1.224647E-16 -1.224647E-16
vn -1 -1.224647E-16 -1.224647E-16
vn -0.7668199 0.6418623 -1.725138E-16
vn -0.7668199 0.6418623 -1.725138E-16
vn -0.7668199 0.6418623 -1.725138E-16
vn -0.7668199 0.6418623 -1.725138E-16
vn -1 -1.224647E-16 -1.224647E-16
vn -1 -1.224647E-16 -1.224647E-16
vn -0.3629869 0.9317942 -1.58565E-16
vn -0.3629869 0.9317942 -1.58565E-16
vn -0.7668197 0.6418626 -1.725138E-16
vn -0.7668197 0.6418626 -1.725138E-16
vn -1 -1.224647E-16 -1.224647E-16
vn -0.3629874 0.931794 -1.58565E-16
vn -0.7668197 0.6418626 -1.725138E-16
vn -0.7668197 0.6418626 -1.725138E-16
vn -1 -1.224647E-16 -1.224647E-16
vn -0.3629869 0.9317943 -1.58565E-16
vn -0.7668195 0.6418628 -1.725138E-16
vn -0.7668195 0.6418628 -1.725138E-16
vn -0.7668195 0.6418628 -1.725138E-16
vn -0.7668195 0.6418628 -1.725138E-16
vn -1 -1.224647E-16 -1.224647E-16
vn -1 -1.224647E-16 -1.224647E-16
vn -0.3629873 0.9317941 -1.58565E-16
vn -0.3629873 0.9317941 -1.58565E-16
vn -1 -1.224647E-16 -1.224647E-16
vn -1 -1.224647E-16 -1.224647E-16
vn -0.3629869 0.9317942 -1.58565E-16
vn -0.3629869 0.9317942 -1.58565E-16
vn -0.7668197 0.6418626 -1.725138E-16
vn -0.7668197 0.6418626 -1.725138E-16
vn -1 -1.224647E-16 -1.224647E-16
vn -1 -1.224647E-16 -1.224647E-16
vn -1 -1.224647E-16 -1.224647E-16
vn -0.3629874 0.931794 -1.58565E-16
vn -0.3629874 0.931794 -1.58565E-16
vn -0.3629874 0.931794 -1.58565E-16
vn -0.7668197 0.6418626 -1.725138E-16
vn -0.7668197 0.6418626 -1.725138E-16
vn -1 -1.224647E-16 -1.224647E-16
vn -1 -1.224647E-16 -1.224647E-16
vn -1 -1.224647E-16 -1.224647E-16
vn -0.3629869 0.9317943 -1.58565E-16
vn -0.3629869 0.9317943 -1.58565E-16
vn -0.3629869 0.9317943 -1.58565E-16
vn -1 -1.224647E-16 -1.224647E-16
vn -1 -1.224647E-16 -1.224647E-16
vn -0.3629873 0.9317941 -1.58565E-16
vn -0.3629873 0.9317941 -1.58565E-16
vn -0.7668197 0.6418626 -1.725138E-16
vn -0.7668197 0.6418626 -1.725138E-16
vn -0.7668197 0.6418626 -1.725138E-16
vn -0.7668197 0.6418626 -1.725138E-16
vn -1 -1.224647E-16 -1.224647E-16
vn -1 -1.224647E-16 -1.224647E-16
vn -1 -1.224647E-16 -1.224647E-16
vn -1 -1.224647E-16 -1.224647E-16
vn -0.3629874 0.931794 -1.58565E-16
vn -0.3629874 0.931794 -1.58565E-16
vn -0.3629874 0.931794 -1.58565E-16
vn -0.3629874 0.931794 -1.58565E-16
vn 0 1 0
vn 0 1 0
vn 0 1 0
vn 0 1 0
vn 0 1 0
vn 0 1 0
vn 0 1 0
vn 0 1 0
vn 0 1 0
vn 0 1 0
vn 0 1 0
vn 0 1 0
g Combined Mesh (root: scene)_0
f 4/4/4 1/1/1 2/2/2
f 3/3/3 1/1/1 4/4/4
g Combined Mesh (root: scene)_1
f 8/8/8 5/5/5 6/6/6
f 7/7/7 5/5/5 8/8/8
g Combined Mesh (root: scene)_2
f 12/12/12 9/9/9 10/10/10
f 11/11/11 9/9/9 12/12/12
g Combined Mesh (root: scene)_3
f 14/14/14 20/20/20 15/15/15
f 19/19/19 20/20/20 14/14/14
f 13/13/13 19/19/19 14/14/14
f 18/18/18 19/19/19 13/13/13
f 16/16/16 22/22/22 17/17/17
f 21/21/21 22/22/22 16/16/16
f 23/23/23 21/21/21 16/16/16
f 24/24/24 21/21/21 23/23/23
g Combined Mesh (root: scene)_4
f 27/27/27 28/28/28 26/26/26
f 25/25/25 27/27/27 26/26/26
g Combined Mesh (root: scene)_5
f 32/32/32 29/29/29 30/30/30
f 31/31/31 29/29/29 32/32/32
f 34/34/34 37/37/37 38/38/38
f 33/33/33 37/37/37 34/34/34
f 36/36/36 39/39/39 40/40/40
f 35/35/35 39/39/39 36/36/36
f 42/42/42 41/41/41 43/43/43
f 44/44/44 41/41/41 42/42/42
f 46/46/46 45/45/45 47/47/47
f 48/48/48 45/45/45 46/46/46
f 50/50/50 49/49/49 51/51/51
f 52/52/52 49/49/49 50/50/50
g Combined Mesh (root: scene)_6
f 56/56/56 53/53/53 54/54/54
f 55/55/55 53/53/53 56/56/56
f 58/58/58 61/61/61 62/62/62
f 57/57/57 61/61/61 58/58/58
f 60/60/60 63/63/63 64/64/64
f 59/59/59 63/63/63 60/60/60
f 66/66/66 65/65/65 67/67/67
f 68/68/68 65/65/65 66/66/66
f 70/70/70 69/69/69 71/71/71
f 72/72/72 69/69/69 70/70/70
f 74/74/74 73/73/73 75/75/75
f 76/76/76 73/73/73 74/74/74
g Combined Mesh (root: scene)_7
f 80/80/80 77/77/77 78/78/78
f 79/79/79 77/77/77 80/80/80
g Combined Mesh (root: scene)_8
f 84/84/84 81/81/81 82/82/82
f 83/83/83 81/81/81 84/84/84
g Combined Mesh (root: scene)_9
f 140/140/140 139/139/139 141/141/141
f 143/143/143 142/142/142 144/144/144
f 164/164/164 163/163/163 165/165/165
f 167/167/167 166/166/166 168/168/168
f 87/87/87 94/94/94 93/93/93
f 88/88/88 94/94/94 87/87/87
f 85/85/85 88/88/88 87/87/87
f 86/86/86 88/88/88 85/85/85
f 121/121/121 96/96/96 122/122/122
f 95/95/95 96/96/96 121/121/121
f 118/118/118 120/120/120 90/90/90
f 129/129/129 120/120/120 118/118/118
f 130/130/130 129/129/129 118/118/118
f 132/132/132 131/131/131 133/133/133
f 134/134/134 131/131/131 132/132/132
f 136/136/136 135/135/135 137/137/137
f 138/138/138 135/135/135 136/136/136
f 92/92/92 99/99/99 97/97/97
f 90/90/90 99/99/99 92/92/92
f 118/118/118 90/90/90 92/92/92
f 117/117/117 181/181/181 182/182/182
f 119/119/119 181/181/181 117/117/117
f 91/91/91 119/119/119 117/117/117
f 89/89/89 119/119/119 91/91/91
f 98/98/98 89/89/89 91/91/91
f 100/100/100 89/89/89 98/98/98
f 146/146/146 145/145/145 147/147/147
f 148/148/148 145/145/145 146/146/146
f 150/150/150 149/149/149 151/151/151
f 152/152/152 149/149/149 150/150/150
f 103/103/103 110/110/110 109/109/109
f 104/104/104 110/110/110 103/103/103
f 101/101/101 104/104/104 103/103/103
f 102/102/102 104/104/104 101/101/101
f 127/127/127 112/112/112 128/128/128
f 111/111/111 112/112/112 127/127/127
f 124/124/124 126/126/126 106/106/106
f 153/153/153 126/126/126 124/124/124
f 154/154/154 153/153/153 124/124/124
f 156/156/156 155/155/155 157/157/157
f 158/158/158 155/155/155 156/156/156
f 160/160/160 159/159/159 161/161/161
f 162/162/162 159/159/159 160/160/160
f 108/108/108 115/115/115 113/113/113
f 106/106/106 115/115/115 108/108/108
f 124/124/124 106/106/106 108/108/108
f 123/123/123 195/195/195 196/196/196
f 125/125/125 195/195/195 123/123/123
f 107/107/107 125/125/125 123/123/123
f 105/105/105 125/125/125 107/107/107
f 114/114/114 105/105/105 107/107/107
f 116/116/116 105/105/105 114/114/114
f 170/170/170 169/169/169 171/171/171
f 172/172/172 169/169/169 170/170/170
f 174/174/174 173/173/173 175/175/175
f 176/176/176 173/173/173 174/174/174
f 178/178/178 177/177/177 179/179/179
f 180/180/180 177/177/177 178/178/178
f 184/184/184 183/183/183 185/185/185
f 186/186/186 183/183/183 184/184/184
f 188/188/188 187/187/187 189/189/189
f 190/190/190 187/187/187 188/188/188
f 192/192/192 191/191/191 193/193/193
f 194/194/194 191/191/191 192/192/192
f 198/198/198 197/197/197 199/199/199
f 200/200/200 197/197/197 198/198/198
f 202/202/202 201/201/201 203/203/203
f 204/204/204 201/201/201 202/202/202
g Combined Mesh (root: scene)_10
f 208/208/208 205/205/205 206/206/206
f 207/207/207 205/205/205 208/208/208
g Combined Mesh (root: scene)_11
f 212/212/212 209/209/209 210/210/210
f 211/211/211 209/209/209 212/212/212
g Combined Mesh (root: scene)_12
f 216/216/216 293/293/293 221/221/221
f 239/239/239 306/306/306 244/244/244
f 256/256/256 316/316/316 261/261/261
f 275/275/275 327/327/327 280/280/280
f 216/216/216 217/217/217 219/219/219
f 223/223/223 217/217/217 216/216/216
f 213/213/213 223/223/223 216/216/216
f 214/214/214 223/223/223 213/213/213
f 251/251/251 214/214/214 213/213/213
f 215/215/215 290/290/290 310/310/310
f 289/289/289 290/290/290 215/215/215
f 224/224/224 289/289/289 215/215/215
f 292/292/292 289/289/289 224/224/224
f 218/218/218 292/292/292 224/224/224
f 291/291/291 292/292/292 218/218/218
f 220/220/220 291/291/291 218/218/218
f 295/295/295 222/222/222 233/233/233
f 294/294/294 222/222/222 295/295/295
f 296/296/296 294/294/294 295/295/295
f 229/229/229 299/299/299 300/300/300
f 226/226/226 299/299/299 229/229/229
f 228/228/228 226/226/226 229/229/229
f 225/225/225 226/226/226 228/228/228
f 227/227/227 225/225/225 228/228/228
f 297/297/297 230/230/230 298/298/298
f 234/234/234 230/230/230 297/297/297
f 231/231/231 234/234/234 297/297/297
f 232/232/232 234/234/234 231/231/231
f 221/221/221 232/232/232 231/231/231
f 239/239/239 240/240/240 242/242/242
f 246/246/246 240/240/240 239/239/239
f 236/236/236 246/246/246 239/239/239
f 237/237/237 246/246/246 236/236/236
f 268/268/268 237/237/237 236/236/236
f 238/238/238 303/303/303 320/320/320
f 302/302/302 303/303/303 238/238/238
f 247/247/247 302/302/302 238/238/238
f 305/305/305 302/302/302 247/247/247
f 241/241/241 305/305/305 247/247/247
f 304/304/304 305/305/305 241/241/241
f 243/243/243 304/304/304 241/241/241
f 308/308/308 245/245/245 250/250/250
f 307/307/307 245/245/245 308/308/308
f 309/309/309 307/307/307 308/308/308
f 248/248/248 251/251/251 213/213/213
f 249/249/249 251/251/251 248/248/248
f 244/244/244 249/249/249 248/248/248
f 256/256/256 257/257/257 259/259/259
f 263/263/263 257/257/257 256/256/256
f 253/253/253 263/263/263 256/256/256
f 254/254/254 263/263/263 253/253/253
f 287/287/287 254/254/254 253/253/253
f 255/255/255 313/313/313 331/331/331
f 312/312/312 313/313/313 255/255/255
f 264/264/264 312/312/312 255/255/255
f 315/315/315 312/312/312 264/264/264
f 258/258/258 315/315/315 264/264/264
f 314/314/314 315/315/315 258/258/258
f 260/260/260 314/314/314 258/258/258
f 318/318/318 262/262/262 267/267/267
f 317/317/317 262/262/262 318/318/318
f 319/319/319 317/317/317 318/318/318
f 265/265/265 268/268/268 236/236/236
f 266/266/266 268/268/268 265/265/265
f 261/261/261 266/266/266 265/265/265
f 275/275/275 276/276/276 278/278/278
f 282/282/282 276/276/276 275/275/275
f 270/270/270 282/282/282 275/275/275
f 273/273/273 282/282/282 270/270/270
f 271/271/271 273/273/273 270/270/270
f 277/277/277 279/279/279 325/325/325
f 326/326/326 277/277/277 325/325/325
f 283/283/283 277/277/277 326/326/326
f 324/324/324 283/283/283 326/326/326
f 274/274/274 283/283/283 324/324/324
f 322/322/322 274/274/274 324/324/324
f 272/272/272 274/274/274 322/322/322
f 323/323/323 272/272/272 322/322/322
f 329/329/329 281/281/281 286/286/286
f 328/328/328 281/281/281 329/329/329
f 330/330/330 328/328/328 329/329/329
f 284/284/284 287/287/287 253/253/253
f 285/285/285 287/287/287 284/284/284
f 280/280/280 285/285/285 284/284/284
f 301/301/301 295/295/295 233/233/233
f 235/235/235 301/301/301 233/233/233
f 300/300/300 301/301/301 235/235/235
f 229/229/229 300/300/300 235/235/235
f 311/311/311 308/308/308 250/250/250
f 252/252/252 311/311/311 250/250/250
f 310/310/310 311/311/311 252/252/252
f 215/215/215 310/310/310 252/252/252
f 321/321/321 318/318/318 267/267/267
f 269/269/269 321/321/321 267/267/267
f 320/320/320 321/321/321 269/269/269
f 238/238/238 320/320/320 269/269/269
f 332/332/332 329/329/329 286/286/286
f 288/288/288 332/332/332 286/286/286
f 331/331/331 332/332/332 288/288/288
f 255/255/255 331/331/331 288/288/288
g Combined Mesh (root: scene)_13
f 338/338/338 333/333/333 337/337/337
f 335/335/335 333/333/333 338/338/338
f 340/340/340 343/343/343 339/339/339
f 346/346/346 343/343/343 340/340/340
f 344/344/344 346/346/346 340/340/340
f 379/379/379 510/510/510 536/536/536
f 509/509/509 510/510/510 379/379/379
f 378/378/378 509/509/509 379/379/379
f 508/508/508 509/509/509 378/378/378
f 377/377/377 508/508/508 378/378/378
f 375/375/375 381/381/381 380/380/380
f 382/382/382 381/381/381 375/375/375
f 348/348/348 382/382/382 375/375/375
f 413/413/413 404/404/404 403/403/403
f 405/405/405 404/404/404 413/413/413
f 406/406/406 405/405/405 413/413/413
f 413/413/413 512/512/512 406/406/406
f 414/414/414 410/410/410 411/411/411
f 409/409/409 410/410/410 414/414/414
f 513/513/513 409/409/409 414/414/414
f 414/414/414 411/411/411 514/514/514
f 425/425/425 416/416/416 415/415/415
f 417/417/417 416/416/416 425/425/425
f 418/418/418 417/417/417 425/425/425
f 425/425/425 419/419/419 418/418/418
f 426/426/426 422/422/422 423/423/423
f 421/421/421 422/422/422 426/426/426
f 420/420/420 421/421/421 426/426/426
f 426/426/426 423/423/423 515/515/515
f 437/437/437 428/428/428 427/427/427
f 429/429/429 428/428/428 437/437/437
f 430/430/430 429/429/429 437/437/437
f 437/437/437 431/431/431 430/430/430
f 438/438/438 434/434/434 435/435/435
f 433/433/433 434/434/434 438/438/438
f 432/432/432 433/433/433 438/438/438
f 438/438/438 435/435/435 436/436/436
f 449/449/449 440/440/440 439/439/439
f 441/441/441 440/440/440 449/449/449
f 442/442/442 441/441/441 449/449/449
f 449/449/449 443/443/443 442/442/442
f 450/450/450 446/446/446 447/447/447
f 445/445/445 446/446/446 450/450/450
f 444/444/444 445/445/445 450/450/450
f 450/450/450 447/447/447 448/448/448
f 461/461/461 452/452/452 451/451/451
f 453/453/453 452/452/452 461/461/461
f 454/454/454 453/453/453 461/461/461
f 461/461/461 455/455/455 454/454/454
f 462/462/462 458/458/458 459/459/459
f 457/457/457 458/458/458 462/462/462
f 456/456/456 457/457/457 462/462/462
f 462/462/462 459/459/459 460/460/460
f 466/466/466 467/467/467 472/472/472
f 471/471/471 466/466/466 472/472/472
f 465/465/465 466/466/466 471/471/471
f 470/470/470 465/465/465 471/471/471
f 464/464/464 465/465/465 470/470/470
f 469/469/469 464/464/464 470/470/470
f 463/463/463 464/464/464 469/469/469
f 468/468/468 463/463/463 469/469/469
f 473/473/473 516/516/516 517/517/517
f 518/518/518 516/516/516 473/473/473
f 519/519/519 518/518/518 473/473/473
f 473/473/473 520/520/520 519/519/519
f 474/474/474 523/523/523 524/524/524
f 522/522/522 523/523/523 474/474/474
f 521/521/521 522/522/522 474/474/474
f 474/474/474 524/524/524 525/525/525
f 345/345/345 526/526/526 342/342/342
f 527/527/527 526/526/526 345/345/345
f 528/528/528 336/336/336 529/529/529
f 334/334/334 336/336/336 528/528/528
f 531/531/531 532/532/532 533/533/533
f 341/341/341 532/532/532 531/531/531
f 530/530/530 341/341/341 531/531/531
f 557/557/557 558/558/558 560/560/560
f 349/349/349 557/557/557 560/560/560
f 541/541/541 557/557/557 349/349/349
f 539/539/539 541/541/541 349/349/349
f 499/499/499 541/541/541 539/539/539
f 506/506/506 499/499/499 539/539/539
f 559/559/559 558/558/558 557/557/557
f 374/374/374 558/558/558 559/559/559
f 538/538/538 374/374/374 559/559/559
f 537/537/537 374/374/374 538/538/538
f 505/505/505 537/537/537 538/538/538
f 507/507/507 537/537/537 505/505/505
f 500/500/500 507/507/507 505/505/505
f 550/550/550 552/552/552 551/551/551
f 549/549/549 550/550/550 551/551/551
f 548/548/548 550/550/550 549/549/549
f 547/547/547 548/548/548 549/549/549
f 545/545/545 548/548/548 547/547/547
f 544/544/544 545/545/545 547/547/547
f 543/543/543 545/545/545 544/544/544
f 546/546/546 543/543/543 544/544/544
f 503/503/503 498/498/498 556/556/556
f 497/497/497 498/498/498 503/503/503
f 502/502/502 497/497/497 503/503/503
f 496/496/496 497/497/497 502/502/502
f 501/501/501 496/496/496 502/502/502
f 495/495/495 496/496/496 501/501/501
f 554/554/554 495/495/495 501/501/501
f 553/553/553 495/495/495 554/554/554
f 503/503/503 555/555/555 504/504/504
f 556/556/556 555/555/555 503/503/503
f 568/568/568 570/570/570 569/569/569
f 567/567/567 568/568/568 569/569/569
f 566/566/566 568/568/568 567/567/567
f 565/565/565 566/566/566 567/567/567
f 563/563/563 566/566/566 565/565/565
f 562/562/562 563/563/563 565/565/565
f 561/561/561 563/563/563 562/562/562
f 564/564/564 561/561/561 562/562/562
f 587/587/587 589/589/589 590/590/590
f 361/361/361 587/587/587 590/590/590
f 573/573/573 587/587/587 361/361/361
f 571/571/571 573/573/573 361/361/361
f 489/489/489 573/573/573 571/571/571
f 494/494/494 489/489/489 571/571/571
f 581/581/581 583/583/583 582/582/582
f 580/580/580 581/581/581 582/582/582
f 579/579/579 581/581/581 580/580/580
f 578/578/578 579/579/579 580/580/580
f 576/576/576 579/579/579 578/578/578
f 575/575/575 576/576/576 578/578/578
f 574/574/574 576/576/576 575/575/575
f 577/577/577 574/574/574 575/575/575
f 488/488/488 585/585/585 584/584/584
f 493/493/493 488/488/488 584/584/584
f 487/487/487 488/488/488 493/493/493
f 492/492/492 487/487/487 493/493/493
f 486/486/486 487/487/487 492/492/492
f 491/491/491 486/486/486 492/492/492
f 485/485/485 486/486/486 491/491/491
f 490/490/490 485/485/485 491/491/491
f 598/598/598 600/600/600 599/599/599
f 597/597/597 598/598/598 599/599/599
f 596/596/596 598/598/598 597/597/597
f 595/595/595 596/596/596 597/597/597
f 593/593/593 596/596/596 595/595/595
f 592/592/592 593/593/593 595/595/595
f 591/591/591 593/593/593 592/592/592
f 594/594/594 591/591/591 592/592/592
f 412/412/412 373/373/373 376/376/376
f 357/357/357 412/412/412 376/376/376
f 615/615/615 412/412/412 357/357/357
f 356/356/356 615/615/615 357/357/357
f 408/408/408 615/615/615 356/356/356
f 361/361/361 408/408/408 356/356/356
f 602/602/602 408/408/408 361/361/361
f 601/601/601 602/602/602 361/361/361
f 479/479/479 602/602/602 601/601/601
f 484/484/484 479/479/479 601/601/601
f 610/610/610 612/612/612 611/611/611
f 609/609/609 610/610/610 611/611/611
f 608/608/608 610/610/610 609/609/609
f 607/607/607 608/608/608 609/609/609
f 605/605/605 608/608/608 607/607/607
f 604/604/604 605/605/605 607/607/607
f 603/603/603 605/605/605 604/604/604
f 606/606/606 603/603/603 604/604/604
f 478/478/478 614/614/614 613/613/613
f 483/483/483 478/478/478 613/613/613
f 477/477/477 478/478/478 483/483/483
f 482/482/482 477/477/477 483/483/483
f 476/476/476 477/477/477 482/482/482
f 481/481/481 476/476/476 482/482/482
f 475/475/475 476/476/476 481/481/481
f 480/480/480 475/475/475 481/481/481
f 407/407/407 373/373/373 412/412/412
f 424/424/424 373/373/373 407/407/407
f 616/616/616 424/424/424 407/407/407
f 617/617/617 424/424/424 616/616/616
f 618/618/618 505/505/505 538/538/538
f 572/572/572 558/558/558 374/374/374
f 586/586/586 572/572/572 374/374/374
f 619/619/619 572/572/572 586/586/586
f 620/620/620 619/619/619 586/586/586
f 355/355/355 357/357/357 354/354/354
f 356/356/356 357/357/357 355/355/355
f 360/360/360 356/356/356 355/355/355
f 361/361/361 356/356/356 360/360/360
f 363/363/363 361/361/361 360/360/360
f 350/350/350 361/361/361 363/363/363
f 351/351/351 350/350/350 363/363/363
f 392/392/392 350/350/350 351/351/351
f 393/393/393 392/392/392 351/351/351
f 389/389/389 392/392/392 393/393/393
f 391/391/391 389/389/389 393/393/393
f 390/390/390 389/389/389 391/391/391
f 395/395/395 390/390/390 391/391/391
f 394/394/394 390/390/390 395/395/395
f 396/396/396 394/394/394 395/395/395
f 353/353/353 386/386/386 387/387/387
f 372/372/372 386/386/386 353/353/353
f 371/371/371 372/372/372 353/353/353
f 369/369/369 372/372/372 371/371/371
f 362/362/362 369/369/369 371/371/371
f 359/359/359 369/369/369 362/362/362
f 355/355/355 359/359/359 362/362/362
f 358/358/358 359/359/359 355/355/355
f 354/354/354 358/358/358 355/355/355
f 368/368/368 383/383/383 384/384/384
f 367/367/367 383/383/383 368/368/368
f 366/366/366 367/367/367 368/368/368
f 365/365/365 367/367/367 366/366/366
f 358/358/358 365/365/365 366/366/366
f 370/370/370 368/368/368 384/384/384
f 385/385/385 370/370/370 384/384/384
f 372/372/372 370/370/370 385/385/385
f 386/386/386 372/372/372 385/385/385
f 349/349/349 361/361/361 350/350/350
f 392/392/392 349/349/349 350/350/350
f 347/347/347 349/349/349 392/392/392
f 389/389/389 347/347/347 392/392/392
f 511/511/511 347/347/347 389/389/389
f 388/388/388 511/511/511 389/389/389
f 388/388/388 389/389/389 390/390/390
f 397/397/397 400/400/400 396/396/396
f 401/401/401 400/400/400 397/397/397
f 399/399/399 401/401/401 397/397/397
f 402/402/402 401/401/401 399/399/399
f 353/353/353 402/402/402 399/399/399
f 387/387/387 402/402/402 353/353/353
f 535/535/535 534/534/534 374/374/374
f 511/511/511 534/534/534 535/535/535
f 542/542/542 511/511/511 535/535/535
f 347/347/347 511/511/511 542/542/542
f 540/540/540 347/347/347 542/542/542
f 349/349/349 347/347/347 540/540/540
f 539/539/539 349/349/349 540/540/540
f 380/380/380 536/536/536 375/375/375
f 379/379/379 536/536/536 380/380/380
f 560/560/560 361/361/361 349/349/349
f 571/571/571 361/361/361 560/560/560
f 373/373/373 424/424/424 589/589/589
f 588/588/588 373/373/373 589/589/589
f 374/374/374 373/373/373 588/588/588
f 586/586/586 374/374/374 588/588/588
f 589/589/589 587/587/587 588/588/588
f 590/590/590 601/601/601 361/361/361
f 374/374/374 537/537/537 535/535/535
f 395/395/395 397/397/397 396/396/396
f 399/399/399 397/397/397 395/395/395
f 398/398/398 399/399/399 395/395/395
f 353/353/353 399/399/399 398/398/398
f 352/352/352 353/353/353 398/398/398
f 371/371/371 353/353/353 352/352/352
f 364/364/364 371/371/371 352/352/352
f 362/362/362 371/371/371 364/364/364
f 360/360/360 362/362/362 364/364/364
f 355/355/355 362/362/362 360/360/360
f 364/364/364 363/363/363 360/360/360
f 351/351/351 363/363/363 364/364/364
f 352/352/352 351/351/351 364/364/364
f 393/393/393 351/351/351 352/352/352
f 398/398/398 393/393/393 352/352/352
f 391/391/391 393/393/393 398/398/398
f 395/395/395 391/391/391 398/398/398
f 369/369/369 370/370/370 372/372/372
f 366/366/366 370/370/370 369/369/369
f 359/359/359 366/366/366 369/369/369
f 358/358/358 366/366/366 359/359/359
f 370/370/370 366/366/366 368/368/368
g Combined Mesh (root: scene)_14
f 624/624/624 630/630/630 625/625/625
f 629/629/629 630/630/630 624/624/624
f 623/623/623 629/629/629 624/624/624
f 628/628/628 629/629/629 623/623/623
f 622/622/622 628/628/628 623/623/623
f 627/627/627 628/628/628 622/622/622
f 621/621/621 627/627/627 622/622/622
f 626/626/626 627/627/627 621/621/621
g Combined Mesh (root: scene)_15
f 639/639/639 641/641/641 642/642/642
f 640/640/640 639/639/639 642/642/642
f 637/637/637 639/639/639 640/640/640
f 638/638/638 637/637/637 640/640/640
f 635/635/635 637/637/637 638/638/638
f 636/636/636 635/635/635 638/638/638
f 633/633/633 635/635/635 636/636/636
f 634/634/634 633/633/633 636/636/636
f 631/631/631 633/633/633 634/634/634
f 632/632/632 631/631/631 634/634/634
g Combined Mesh (root: scene)_16
f 644/644/644 650/650/650 645/645/645
f 649/649/649 650/650/650 644/644/644
f 643/643/643 649/649/649 644/644/644
f 648/648/648 649/649/649 643/643/643
f 662/662/662 647/647/647 651/651/651
f 663/663/663 647/647/647 662/662/662
f 653/653/653 654/654/654 657/657/657
f 656/656/656 653/653/653 657/657/657
f 652/652/652 653/653/653 656/656/656
f 655/655/655 652/652/652 656/656/656
f 665/665/665 664/664/664 646/646/646
f 666/666/666 664/664/664 665/665/665
f 668/668/668 667/667/667 669/669/669
f 670/670/670 667/667/667 668/668/668
f 661/661/661 658/658/658 659/659/659
f 660/660/660 658/658/658 661/661/661
g Combined Mesh (root: scene)_17
f 689/689/689 686/686/686 688/688/688
f 687/687/687 686/686/686 689/689/689
f 696/696/696 695/695/695 698/698/698
f 697/697/697 695/695/695 696/696/696
f 693/693/693 692/692/692 694/694/694
f 674/674/674 692/692/692 693/693/693
f 684/684/684 680/680/680 683/683/683
f 684/684/684 681/681/681 680/680/680
f 685/685/685 681/681/681 684/684/684
f 685/685/685 682/682/682 681/681/681
f 690/690/690 675/675/675 691/691/691
f 679/679/679 675/675/675 690/690/690
f 671/671/671 677/677/677 676/676/676
f 672/672/672 677/677/677 671/671/671
f 672/672/672 678/678/678 677/677/677
f 673/673/673 678/678/678 672/672/672
g Combined Mesh (root: scene)_18
f 700/700/700 706/706/706 701/701/701
f 705/705/705 706/706/706 700/700/700
f 699/699/699 705/705/705 700/700/700
f 704/704/704 705/705/705 699/699/699
f 718/718/718 703/703/703 707/707/707
f 719/719/719 703/703/703 718/718/718
f 709/709/709 710/710/710 713/713/713
f 712/712/712 709/709/709 713/713/713
f 708/708/708 709/709/709 712/712/712
f 711/711/711 708/708/708 712/712/712
f 702/702/702 724/724/724 723/723/723
f 721/721/721 702/702/702 723/723/723
f 720/720/720 702/702/702 721/721/721
f 722/722/722 720/720/720 721/721/721
f 717/717/717 714/714/714 715/715/715
f 716/716/716 714/714/714 717/717/717
g Combined Mesh (root: scene)_19
f 743/743/743 740/740/740 742/742/742
f 741/741/741 740/740/740 743/743/743
f 750/750/750 749/749/749 752/752/752
f 751/751/751 749/749/749 750/750/750
f 747/747/747 746/746/746 748/748/748
f 728/728/728 746/746/746 747/747/747
f 738/738/738 734/734/734 737/737/737
f 738/738/738 735/735/735 734/734/734
f 739/739/739 735/735/735 738/738/738
f 739/739/739 736/736/736 735/735/735
f 744/744/744 729/729/729 745/745/745
f 733/733/733 729/729/729 744/744/744
f 725/725/725 731/731/731 730/730/730
f 726/726/726 731/731/731 725/725/725
f 726/726/726 732/732/732 731/731/731
f 727/727/727 732/732/732 726/726/726
g Combined Mesh (root: scene)_20
f 756/756/756 762/762/762 757/757/757
f 761/761/761 762/762/762 756/756/756
f 755/755/755 761/761/761 756/756/756
f 760/760/760 761/761/761 755/755/755
f 754/754/754 760/760/760 755/755/755
f 759/759/759 760/760/760 754/754/754
f 753/753/753 759/759/759 754/754/754
f 758/758/758 759/759/759 753/753/753
g Combined Mesh (root: scene)_21
f 838/838/838 881/881/881 805/805/805
f 838/838/838 882/882/882 881/881/881
f 836/836/836 882/882/882 838/838/838
f 836/836/836 879/879/879 882/882/882
f 819/819/819 870/870/870 788/788/788
f 819/819/819 871/871/871 870/870/870
f 817/817/817 871/871/871 819/819/819
f 817/817/817 868/868/868 871/871/871
f 802/802/802 860/860/860 765/765/765
f 802/802/802 861/861/861 860/860/860
f 800/800/800 861/861/861 802/802/802
f 800/800/800 858/858/858 861/861/861
f 780/780/780 849/849/849 778/778/778
f 780/780/780 850/850/850 849/849/849
f 785/785/785 850/850/850 780/780/780
f 785/785/785 851/851/851 850/850/850
f 783/783/783 851/851/851 785/785/785
f 783/783/783 845/845/845 851/851/851
f 834/834/834 835/835/835 830/830/830
f 834/834/834 837/837/837 835/835/835
f 803/803/803 837/837/837 834/834/834
f 879/879/879 878/878/878 880/880/880
f 879/879/879 831/831/831 878/878/878
f 836/836/836 831/831/831 879/879/879
f 872/872/872 822/822/822 873/873/873
f 872/872/872 824/824/824 822/822/822
f 874/874/874 824/824/824 872/872/872
f 874/874/874 833/833/833 824/824/824
f 876/876/876 833/833/833 874/874/874
f 876/876/876 827/827/827 833/833/833
f 875/875/875 827/827/827 876/876/876
f 875/875/875 829/829/829 827/827/827
f 820/820/820 823/823/823 821/821/821
f 820/820/820 832/832/832 823/823/823
f 825/825/825 832/832/832 820/820/820
f 825/825/825 826/826/826 832/832/832
f 828/828/828 826/826/826 825/825/825
f 815/815/815 816/816/816 811/811/811
f 815/815/815 818/818/818 816/816/816
f 786/786/786 818/818/818 815/815/815
f 868/868/868 867/867/867 869/869/869
f 868/868/868 812/812/812 867/867/867
f 817/817/817 812/812/812 868/868/868
f 808/808/808 864/864/864 810/810/810
f 808/808/808 865/865/865 864/864/864
f 814/814/814 865/865/865 808/808/808
f 814/814/814 862/862/862 865/865/865
f 805/805/805 862/862/862 814/814/814
f 805/805/805 863/863/863 862/862/862
f 881/881/881 863/863/863 805/805/805
f 803/803/803 804/804/804 837/837/837
f 803/803/803 813/813/813 804/804/804
f 806/806/806 813/813/813 803/803/803
f 806/806/806 807/807/807 813/813/813
f 809/809/809 807/807/807 806/806/806
f 798/798/798 799/799/799 794/794/794
f 798/798/798 801/801/801 799/799/799
f 763/763/763 801/801/801 798/798/798
f 858/858/858 857/857/857 859/859/859
f 858/858/858 795/795/795 857/857/857
f 800/800/800 795/795/795 858/858/858
f 791/791/791 854/854/854 793/793/793
f 791/791/791 855/855/855 854/854/854
f 797/797/797 855/855/855 791/791/791
f 797/797/797 852/852/852 855/855/855
f 788/788/788 852/852/852 797/797/797
f 788/788/788 853/853/853 852/852/852
f 870/870/870 853/853/853 788/788/788
f 786/786/786 787/787/787 818/818/818
f 786/786/786 796/796/796 787/787/787
f 789/789/789 796/796/796 786/786/786
f 789/789/789 790/790/790 796/796/796
f 792/792/792 790/790/790 789/789/789
f 781/781/781 782/782/782 771/771/771
f 781/781/781 784/784/784 782/782/782
f 848/848/848 784/784/784 781/781/781
f 848/848/848 779/779/779 784/784/784
f 847/847/847 779/779/779 848/848/848
f 778/778/778 775/775/775 777/777/777
f 778/778/778 776/776/776 775/775/775
f 849/849/849 776/776/776 778/778/778
f 845/845/845 844/844/844 846/846/846
f 845/845/845 772/772/772 844/844/844
f 783/783/783 772/772/772 845/845/845
f 768/768/768 841/841/841 770/770/770
f 768/768/768 842/842/842 841/841/841
f 774/774/774 842/842/842 768/768/768
f 774/774/774 839/839/839 842/842/842
f 765/765/765 839/839/839 774/774/774
f 765/765/765 840/840/840 839/839/839
f 860/860/860 840/840/840 765/765/765
f 763/763/763 764/764/764 801/801/801
f 763/763/763 773/773/773 764/764/764
f 766/766/766 773/773/773 763/763/763
f 766/766/766 767/767/767 773/773/773
f 769/769/769 767/767/767 766/766/766
f 830/830/830 877/877/877 825/825/825
f 811/811/811 866/866/866 806/806/806
f 794/794/794 856/856/856 789/789/789
f 771/771/771 843/843/843 766/766/766
g Combined Mesh (root: scene)_22
f 885/885/885 883/883/883 886/886/886
f 884/884/884 883/883/883 885/885/885
f 888/888/888 907/907/907 908/908/908
f 887/887/887 907/907/907 888/888/888
f 890/890/890 909/909/909 910/910/910
f 889/889/889 909/909/909 890/890/890
f 891/891/891 911/911/911 892/892/892
f 912/912/912 911/911/911 891/891/891
f 893/893/893 913/913/913 914/914/914
f 915/915/915 913/913/913 893/893/893
f 894/894/894 916/916/916 917/917/917
f 918/918/918 916/916/916 894/894/894
f 895/895/895 919/919/919 896/896/896
f 920/920/920 919/919/919 895/895/895
f 897/897/897 921/921/921 922/922/922
f 923/923/923 921/921/921 897/897/897
f 898/898/898 924/924/924 925/925/925
f 926/926/926 924/924/924 898/898/898
f 901/901/901 899/899/899 902/902/902
f 900/900/900 899/899/899 901/901/901
f 904/904/904 927/927/927 928/928/928
f 903/903/903 927/927/927 904/904/904
f 906/906/906 929/929/929 930/930/930
f 905/905/905 929/929/929 906/906/906
f 932/932/932 931/931/931 933/933/933
f 934/934/934 931/931/931 932/932/932
f 936/936/936 935/935/935 937/937/937
f 938/938/938 935/935/935 936/936/936
f 940/940/940 939/939/939 941/941/941
f 942/942/942 939/939/939 940/940/940
g Combined Mesh (root: scene)_23
f 946/946/946 943/943/943 944/944/944
f 946/946/946 945/945/945 943/943/943
f 948/948/948 945/945/945 946/946/946
f 948/948/948 947/947/947 945/945/945
f 950/950/950 947/947/947 948/948/948
f 950/950/950 949/949/949 947/947/947
f 952/952/952 949/949/949 950/950/950
f 952/952/952 951/951/951 949/949/949
f 954/954/954 951/951/951 952/952/952
f 954/954/954 953/953/953 951/951/951
g Combined Mesh (root: scene)_24
f 1012/1012/1012 1011/1011/1011 1014/1014/1014
f 1013/1013/1013 1011/1011/1011 1012/1012/1012
f 1008/1008/1008 1007/1007/1007 1010/1010/1010
f 1009/1009/1009 1007/1007/1007 1008/1008/1008
f 1004/1004/1004 1003/1003/1003 1006/1006/1006
f 1005/1005/1005 1003/1003/1003 1004/1004/1004
f 978/978/978 1001/1001/1001 977/977/977
f 1002/1002/1002 1001/1001/1001 978/978/978
f 976/976/976 999/999/999 975/975/975
f 1000/1000/1000 999/999/999 976/976/976
f 973/973/973 971/971/971 972/972/972
f 974/974/974 971/971/971 973/973/973
f 970/970/970 996/996/996 998/998/998
f 997/997/997 996/996/996 970/970/970
f 969/969/969 993/993/993 995/995/995
f 994/994/994 993/993/993 969/969/969
f 967/967/967 991/991/991 992/992/992
f 968/968/968 991/991/991 967/967/967
f 966/966/966 988/988/988 990/990/990
f 989/989/989 988/988/988 966/966/966
f 965/965/965 985/985/985 987/987/987
f 986/986/986 985/985/985 965/965/965
f 963/963/963 983/983/983 984/984/984
f 964/964/964 983/983/983 963/963/963
f 962/962/962 981/981/981 961/961/961
f 982/982/982 981/981/981 962/962/962
f 960/960/960 979/979/979 959/959/959
f 980/980/980 979/979/979 960/960/960
f 957/957/957 955/955/955 956/956/956
f 958/958/958 955/955/955 957/957/957
g Combined Mesh (root: scene)_25
f 1018/1018/1018 1015/1015/1015 1016/1016/1016
f 1017/1017/1017 1015/1015/1015 1018/1018/1018
g Combined Mesh (root: scene)_26
f 1022/1022/1022 1019/1019/1019 1020/1020/1020
f 1021/1021/1021 1019/1019/1019 1022/1022/1022
g Combined Mesh (root: scene)_27
f 1024/1024/1024 1025/1025/1025 1023/1023/1023
f 1024/1024/1024 1026/1026/1026 1025/1025/1025
