g Combined Mesh (root: scene)
v -107.3922 72.54105 -3441.347
v -104.487 56.59604 -3448.318
v -92.64772 42.21482 -3454.617
v -69.45794 30.80513 -3459.628
v -36.38956 23.48382 -3462.861
v 0.2679754 20.96757 -3463.999
v 36.92639 23.50264 -3462.931
v 69.99732 30.84093 -3459.761
v 93.19147 42.2641 -3454.8
v 105.0359 56.65397 -3448.532
v 107.9462 72.60197 -3441.573
v -116.5635 55.18797 -3408.834
v -110.8444 41.39545 -3413.312
v -95.6642 28.95467 -3417.36
v -69.42074 19.08343 -3420.58
v -36.35155 12.74796 -3422.658
v 0.3062801 10.56847 -3423.39
v 36.96444 12.75829 -3422.705
v 70.03456 19.10304 -3420.67
v 96.27953 28.98167 -3417.484
v 111.4616 41.42718 -3413.458
v 117.1828 55.22134 -3408.987
v -118.2979 40.9826 -3374.333
v -112.4921 29.65071 -3376.816
v -95.64246 19.42868 -3379.061
v -69.39838 11.31714 -3380.846
v -36.3288 6.110116 -3381.998
v 0.3291681 4.317263 -3382.403
v 36.9872 6.11416 -3382.022
v 70.05693 11.32482 -3380.892
v 96.30132 19.43925 -3379.124
v 113.1513 29.66312 -3376.891
v 118.9576 40.99567 -3374.411
v -118.2909 30.14857 -3338.153
v -112.4848 21.50799 -3339.173
v -95.63497 13.7132 -3340.093
v -69.39076 7.527235 -3340.823
v -36.32108 3.555606 -3341.292
v 0.3369166 2.187104 -3341.454
v 36.99491 3.555663 -3341.292
v 70.06457 7.527344 -3340.824
v 96.30878 13.71336 -3340.094
v 113.1586 21.50816 -3339.174
v 118.9647 30.14877 -3338.155
v -115.1044 20.70091 -3297.415
v -109.4543 14.93913 -3298.083
v -93.05705 9.741348 -3298.686
v -67.51778 5.616362 -3299.164
v -35.3364 2.96797 -3299.471
v 0.3369192 2.055386 -3299.577
v 36.01023 2.96797 -3299.471
v 68.19159 5.616362 -3299.164
v 93.73086 9.741348 -3298.686
v 110.1281 14.93913 -3298.083
v 115.7782 20.70091 -3297.415
v -111.6828 11.24463 -3256.596
v -106.2002 8.363731 -3256.93
v -90.28894 5.764843 -3257.232
v -65.50664 3.702337 -3257.471
v -34.27908 2.378134 -3257.624
v 0.3369184 1.921855 -3257.677
v 34.95291 2.378134 -3257.624
v 66.18044 3.702337 -3257.471
v 90.96275 5.764843 -3257.232
v 106.874 8.363731 -3256.93
v 112.3566 11.24463 -3256.596
v -106.9387 1.641418 -3214.51
v -101.6883 1.641418 -3214.51
v -86.45091 1.641418 -3214.51
v -62.71813 1.641418 -3214.51
v -32.81308 1.641418 -3214.51
v 0.3369168 1.641418 -3214.51
v 33.4869 1.641418 -3214.51
v 63.39194 1.641418 -3214.51
v 87.12471 1.641418 -3214.51
v 102.3621 1.641418 -3214.51
v 107.6125 1.641418 -3214.51
v -117.4144 69.59158 -3445.418
v -128.6189 51.33397 -3412.15
v 117.9639 69.65498 -3445.659
v 129.2351 51.36936 -3412.316
v -129.9816 35.47088 -3376.551
v 130.6404 35.48481 -3376.635
v -129.1101 23.01088 -3340.019
v 129.7837 23.01114 -3340.021
v -123.916 11.57028 -3299.532
v 124.5898 11.57028 -3299.532
v -116.8958 -0.08988676 -3259.222
v 117.5695 -0.08987918 -3259.222
v -107.3078 -10.93713 -3216.004
v 107.9815 -10.93713 -3216.004
v -119.0661 -16.9211 -3448.501
v -128.6189 -20.96902 -3413.585
v 119.6156 -16.89268 -3448.746
v 129.2351 -20.94954 -3413.753
v -129.9816 -25.25183 -3376.644
v 130.6404 -25.24194 -3376.729
v -129.1101 -29.59617 -3339.17
v 129.7837 -29.59582 -3339.174
v -123.916 -34.37942 -3297.912
v 124.5898 -34.37942 -3297.912
v -116.8958 -39.14527 -3256.803
v 117.5695 -39.14527 -3256.803
v -107.3078 -43.458 -3219.603
v 107.9815 -43.458 -3219.603
v -110.1741 2.078178 51.11719
v 110.1734 2.078178 51.10938
v 110.1781 2.078178 -3478.715
v -110.1694 2.078178 -3478.707
v -28.78106 -143.186 -3931.622
v 0.1233101 -142.8445 -3924.271
v 28.80724 -141.9719 -3932.75
v 51.58971 -140.7417 -3955.38
v 63.95836 -139.396 -3987.678
v 63.4633 -138.2025 -4023.248
v 50.20338 -137.3967 -4055.044
v 26.80319 -137.1392 -4076.769
v -2.100875 -137.4799 -4084.12
v -30.78485 -138.3524 -4075.641
v -53.56743 -139.5831 -4053.011
v -65.93587 -140.9286 -4020.713
v -65.4411 -142.1226 -3985.143
v -52.18097 -142.928 -3953.347
v 76.58588 169.0821 -3527.797
v 17.09527 197.2092 -3528.306
v -46.63438 191.4558 -3528.202
v -101.9807 152.9616 -3527.504
v -137.9815 89.35071 -3526.351
v -147.5067 13.22208 -3524.969
v -128.6693 -60.34608 -3523.634
v -85.20061 -116.7828 -3522.61
v -25.70995 -144.9099 -3522.101
v 38.01967 -139.1564 -3522.206
v 93.36598 -100.6622 -3522.904
v 129.3669 -37.0512 -3524.057
v 138.892 39.07739 -3525.438
v 120.0546 112.6455 -3526.773
v 4.337045 170.2887 -3242.209
v -46.56784 161.0457 -3242.041
v -89.10245 126.1107 -3241.407
v -114.8423 72.40303 -3240.433
v -118.6894 10.56016 -3239.311
v -99.88183 -47.16918 -3238.264
v -62.14441 -89.35096 -3237.499
v -12.95171 -107.6306 -3237.167
v 37.95311 -98.3877 -3237.335
v 80.48772 -63.45257 -3237.969
v 106.2277 -9.744918 -3238.943
v 110.0747 52.09795 -3240.065
v 91.26708 109.8273 -3241.112
v 53.52972 152.0091 -3241.877
v -50.51534 152.099 -2956.27
v -87.57134 116.4995 -2955.624
v -108.1359 65.05694 -2954.69
v -108.1359 7.959899 -2953.655
v -87.57139 -43.48277 -2952.721
v -50.51545 -79.08225 -2952.076
v -4.307384 -91.78751 -2951.845
v 41.90064 -79.08228 -2952.076
v 78.95662 -43.48286 -2952.721
v 99.52113 7.959768 -2953.655
v 99.52115 65.05685 -2954.69
v 78.95667 116.4995 -2955.624
v 41.90071 152.099 -2956.27
v -4.307313 164.8043 -2956.5
v -92.53421 114.1512 -2669.971
v -109.896 60.86001 -2669.005
v -106.3447 3.771498 -2667.97
v -82.58366 -45.80725 -2667.07
v -43.319 -78.05656 -2666.485
v 3.672387 -86.58906 -2666.33
v 49.08327 -69.71473 -2666.636
v 83.91954 -30.77586 -2667.343
v 101.2814 22.51537 -2668.31
v 97.73003 79.60389 -2669.345
v 73.96893 129.1827 -2670.245
v 34.7043 161.432 -2670.83
v -12.28708 169.9644 -2670.984
v -57.69801 153.0901 -2670.678
v -111.1339 56.51114 -2383.317
v -104.0282 -0.2808166 -2382.287
v -77.17163 -47.73461 -2381.426
v -35.88338 -76.45129 -2380.905
v 11.65892 -80.74332 -2380.827
v 56.03887 -59.76051 -2381.208
v 88.46651 -17.65891 -2381.971
v 102.5192 37.22289 -2382.967
v 95.4135 94.01482 -2383.997
v 68.55696 141.4686 -2384.858
v 27.26869 170.1853 -2385.379
v -20.27359 174.4773 -2385.457
v -64.65356 153.4945 -2385.076
v -97.08125 111.3929 -2384.313
v -102.394 -4.857496 -2096.594
v -72.18547 -50.49086 -2095.767
v -28.53278 -75.81557 -2095.307
v 19.918 -75.81559 -2095.307
v 63.57066 -50.49095 -2095.767
v 93.7793 -4.857635 -2096.594
v 104.5606 52.04626 -2097.627
v 93.77936 108.9502 -2098.659
v 63.57075 154.5835 -2099.487
v 19.91813 179.9082 -2099.946
v -28.53268 179.9083 -2099.946
v -72.18534 154.5837 -2099.487
v -102.394 108.9503 -2098.659
v -113.1753 52.04638 -2097.627
v -68.19021 -55.43447 -1753.837
v -21.20939 -77.64697 -1753.434
v 29.11905 -73.10349 -1753.517
v 72.82698 -42.70387 -1754.068
v 101.2575 7.530828 -1754.98
v 108.7796 67.65102 -1756.07
v 93.90357 125.7492 -1757.124
v 59.57552 170.3181 -1757.933
v 12.59474 192.5306 -1758.335
v -37.73373 187.9871 -1758.253
v -81.44171 157.5875 -1757.702
v -109.8723 107.3529 -1756.79
v -117.3943 47.23269 -1755.7
v -102.5182 -10.86545 -1754.646
v -13.1211 -78.71156 -1376.971
v 38.78103 -69.28743 -1377.142
v 82.14893 -33.66805 -1377.789
v 108.3932 21.09178 -1378.782
v 112.3157 84.14619 -1379.926
v 93.1395 143.0065 -1380.994
v 54.6629 186.0147 -1381.774
v 4.506424 204.6525 -1382.112
v -47.39573 195.2282 -1381.941
v -90.76365 159.609 -1381.295
v -117.0078 104.8491 -1380.301
v -120.9303 41.79471 -1379.157
v -101.7542 -17.0656 -1378.09
v -63.27755 -60.07378 -1377.31
v 48.83313 -64.55013 -1031.123
v 91.44858 -23.60982 -1031.866
v 115.0984 35.55069 -1032.939
v 115.0984 101.2139 -1034.131
v 91.44868 160.3744 -1035.204
v 48.83326 201.3148 -1035.947
v -4.307251 215.9261 -1036.21
v -57.44783 201.3149 -1035.947
v -100.0633 160.3745 -1035.204
v -123.713 101.2141 -1034.131
v -123.713 35.55087 -1032.939
v -100.0633 -23.60969 -1031.866
v -57.44796 -64.54996 -1031.123
v -4.307394 -79.16152 -1030.858
v 100.6353 -12.45205 -699.8707
v 121.2867 50.93599 -701.0205
v 117.0626 118.8407 -702.2523
v 88.79958 177.8129 -703.3226
v 42.09565 216.1723 -704.0179
v -13.7989 226.3213 -704.2015
v -67.81359 206.2501 -703.8369
v -109.25 159.9336 -702.9983
v -129.9013 96.54564 -701.8479
v -125.6771 28.64091 -700.6166
v -97.41427 -30.33126 -699.5458
v -50.71035 -68.69072 -698.8499
v 5.184259 -78.83981 -698.6663
v 59.19889 -58.76847 -699.0299
v 168.8105 102.9231 -387.8008
v 157.2955 194.9574 -389.4703
v 113.7728 271.8584 -390.8643
v 46.86311 318.3954 -391.709
v -30.18149 325.3511 -391.8357
v -102.1017 291.3474 -391.2183
v -154.6521 223.1195 -389.9807
v -177.4253 134.1808 -388.3678
v -165.9103 42.14653 -386.6983
v -122.3878 -34.75472 -385.3033
v -55.47805 -81.29176 -384.4586
v 21.56658 -88.24734 -384.3329
v 93.48668 -54.24356 -384.9497
v 146.0376 13.98433 -386.1874
v 258.0429 398.5929 117.4452
v 177.2445 520.6476 115.2319
v 60.48786 588.3828 114.0029
v -69.10255 588.3828 114.0029
v -185.8593 520.6476 115.2319
v -266.6576 398.593 117.4452
v -295.4942 246.3934 120.2072
v -266.6577 94.19376 122.9676
v -185.8594 -27.86082 125.1817
v -69.10259 -95.59602 126.4099
v 60.48755 -95.59605 126.4099
v 177.2445 -27.86086 125.182
v 258.0429 94.19373 122.9676
v 286.8796 246.3933 120.2072
v 61.52271 85.9566 -3749.043
v 34.73571 116.4466 -3751.573
v -0.4456189 129.8749 -3752.795
v -36.94384 123.5877 -3752.468
v -67.46523 98.93601 -3750.665
v -85.99174 60.93031 -3747.752
v -88.95387 17.15364 -3744.312
v -75.86398 -23.78267 -3741.021
v -49.33841 -53.90268 -3738.522
v -14.55922 -67.34606 -3737.3
v 21.69886 -61.44802 -3737.598
v 52.32313 -37.26645 -3739.364
v 71.21803 0.5423056 -3742.259
v 74.53651 44.54354 -3745.715
v 74.92087 22.88689 -3864.97
v 61.32722 62.42179 -3875.218
v 34.3349 91.12411 -3882.63
v -0.6304995 103.281 -3885.732
v -36.57478 96.53979 -3883.923
v -66.37215 72.33237 -3877.587
v -84.18083 35.52145 -3867.996
v -86.55694 -6.6147 -3857.047
v -73.07429 -45.81557 -3846.886
v -46.37392 -74.41117 -3839.5
v -11.66155 -86.76953 -3836.346
v 24.25916 -80.38596 -3838.062
v 54.2802 -56.42319 -3844.335
v 72.39126 -19.55944 -3853.94
v 71.14654 -50.38382 -3930.203
v 77.42264 -11.1572 -3950.193
v 67.18784 27.03966 -3969.792
v 42.51194 56.5993 -3985.097
v 8.341286 71.67706 -3993.081
v -28.52631 69.34061 -3992.189
v -60.80789 50.11281 -3982.629
v -82.16708 17.82241 -3966.307
v -88.42439 -21.17011 -3946.436
v -78.34676 -59.20707 -3926.919
v -53.88694 -88.80128 -3911.599
v -19.82745 -102.1359 -3902.227
v 17.11683 -100.0176 -3903.006
v 49.60605 -82.80506 -3913.814
v 30.14794 -110.186 -3927.989
v 54.5102 -94.96253 -3947.847
v 67.43604 -73.77035 -3976.06
v 66.37146 -50.82618 -4007.015
v 51.54952 -30.68032 -4034.572
v 25.92851 -17.31463 -4053.283
v -5.411225 -13.35925 -4059.465
v -36.27819 -19.58362 -4051.913
v -60.58416 -34.75473 -4032.124
v -73.53165 -55.88288 -4003.997
v -72.55012 -78.80099 -3973.079
v -57.81076 -98.97781 -3945.483
v -32.20867 -112.4078 -3926.686
v -0.8107743 -116.413 -3920.436
v 30.14794 -110.186 -3927.989
v -28.78106 -143.186 -3931.622
v 4.337045 170.2887 -3242.209
v 76.58588 169.0821 -3527.797
v -50.51534 152.099 -2956.27
v -92.53421 114.1512 -2669.971
v -111.1339 56.51114 -2383.317
v -102.394 -4.857496 -2096.594
v -68.19021 -55.43447 -1753.837
v -13.1211 -78.71156 -1376.971
v 48.83313 -64.55013 -1031.123
v 100.6353 -12.45205 -699.8707
v 168.8105 102.9231 -387.8008
v 258.0429 398.5929 117.4452
v 61.52271 85.9566 -3749.043
v 74.92087 22.88689 -3864.97
v 71.14654 -50.38382 -3930.203
v -227.2245 163.3793 -3831.452
v -129.315 160.702 -3738.467
v 227.4491 163.3793 -3831.452
v 128.1819 160.702 -3738.467
v 95.07307 242.671 -3804.082
v 0.1122999 158.0567 -3715.522
v -94.84846 242.671 -3804.082
v 254.577 94.75456 -3727.895
v 146.1178 101.5656 -3691.231
v 227.9153 -134.4658 -3856.502
v 177.7321 -134.5144 -3816.396
v 313.4041 234.2419 -3697.694
v 310.9251 195.4284 -3704.855
v 313.4368 231.2652 -3691.36
v 150.7893 -146.765 -4075.195
v 296.2458 199.0847 -3703.062
v 296.1767 205.4108 -3716.522
v 133.3047 57.68705 -4075.197
v 302.9484 198.0062 -3697.587
v 300.0027 160.1328 -3713.825
v 265.7614 180.5764 -3735.317
v 265.8916 168.6456 -3709.931
v 254.6378 134.5405 -3705.072
v 227.5626 146.6075 -3712.812
v 278.0915 125.6879 -3722.339
v 283.2154 164.0639 -3702.391
v -0.1254601 69.36483 -4075.416
v -254.3524 94.75456 -3727.895
v -145.8931 101.5656 -3691.231
v -224.947 -134.4658 -3834.564
v -176.1215 -134.5144 -3794.458
v -313.1795 234.2419 -3697.694
v -310.7005 195.4284 -3704.855
v -313.2122 231.2652 -3691.36
v -151.0257 -146.765 -4075.195
v -296.0212 199.0847 -3703.062
v -295.9521 205.4108 -3716.522
v -133.6883 57.68705 -4075.197
v -302.7238 198.0062 -3697.587
v -299.7781 160.1328 -3713.825
v -265.5367 180.5764 -3735.317
v -265.667 168.6456 -3709.931
v -254.4132 134.5405 -3705.072
v -227.338 146.6075 -3712.812
v -277.8669 125.6879 -3722.339
v -282.9908 164.0639 -3702.391
v -0.1254601 -142.7122 -4075.416
v 146.1178 101.5656 -3691.231
v 177.7321 -134.5144 -3816.396
v 128.1819 160.702 -3738.467
v 146.1178 101.5656 -3691.231
v 254.577 94.75456 -3727.895
v 227.4491 163.3793 -3831.452
v 128.1819 160.702 -3738.467
v 0.1122999 158.0567 -3715.522
v -94.84846 242.671 -3804.082
v -145.8931 101.5656 -3691.231
v -129.315 160.702 -3738.467
v -176.1215 -134.5144 -3794.458
v -145.8931 101.5656 -3691.231
v -254.3524 94.75456 -3727.895
v -227.2245 163.3793 -3831.452
v -129.315 160.702 -3738.467
v 133.3047 57.68705 -4075.197
v -0.1254601 69.36483 -4075.416
v 150.7893 -146.765 -4075.195
v -151.0257 -146.765 -4075.195
v -133.6883 57.68705 -4075.197
v -123.7221 146.422 -3657.339
v -100.4603 138.045 -3651.871
v -125.2442 93.44774 -3649.04
v 136.945 390.7346 -3801.599
v 122.62 392.3137 -3795.1
v 127.8291 374.9446 -3797.463
v -126.0358 392.3137 -3802.866
v -138.6516 390.7347 -3812.262
v -130.6234 374.9446 -3806.283
v -173.8773 236.5628 -3785.381
v -175.5198 251.8108 -3822.187
v -197.0542 224.6393 -3792.146
v -205.7198 232.2913 -3820.473
v 106.7447 297.4531 -3770.549
v 105.4395 302.9327 -3748.415
v 82.84402 290.7674 -3754.1
v 84.118 293.4085 -3731.739
v 86.19157 470.1192 -3813.914
v 92.68923 515.8541 -3809.074
v 111.2617 469.3831 -3823.835
v -100.5457 516.3805 -3809.757
v -90.13602 463.5042 -3814.148
v -112.309 454.347 -3829.89
v 34.31323 125.849 -3643.997
v 60.84101 128.4024 -3645.094
v 58.11698 92.99881 -3642.805
v 40.07864 174.0842 -3664.586
v 9.32778 155.493 -3659.543
v 6.730158 129.0816 -3646.292
v -4.674356 112.8839 -3634.794
v 169.5015 333.3276 -3816.37
v 141.6407 327.5142 -3789.111
v 132.9704 316.7428 -3834.487
v 159.4195 333.3276 -3845.684
v 117.7472 374.9446 -3826.777
v 126.8631 390.7346 -3830.913
v 112.5382 392.3137 -3824.414
v 117.9686 472.3896 -3807.835
v 81.47201 425.9211 -3773.327
v 66.82277 422.2268 -3800.78
v 30.07024 391.6808 -3753.109
v 19.98836 391.6807 -3782.423
v 8.157937 403.897 -3768.37
v 8.093972 403.8969 -3738.167
v 4.789183 379.4646 -3737.429
v 4.808563 379.4646 -3767.632
v -7.99915 403.8969 -3770.631
v -9.115026 403.897 -3740.429
v -44.52812 391.6808 -3742.161
v -31.7023 391.6807 -3769.856
v -102.0188 462.5727 -3785.898
v -123.2563 459.655 -3809.363
v -113.2101 392.3137 -3830.561
v -125.8259 390.7348 -3839.957
v -117.7975 374.9446 -3833.978
v -167.3238 333.3275 -3833.617
v -154.498 333.3275 -3861.312
v -148.8635 327.5142 -3804.933
v -131.5958 316.7428 -3845.775
v -221.0876 173.0837 -3822.539
v -192.3696 216.0149 -3803.357
v -169.1927 227.9382 -3796.592
v -132.3267 244.0298 -3765.74
v -149.2935 244.595 -3776.412
v -135.3852 218.6283 -3776.95
v -147.1901 224.3557 -3787.623
v -173.746 203.9798 -3695.153
v -158.013 224.356 -3702.048
v -173.746 195.3552 -3707.303
v -155.6707 210.5693 -3717.6
v -179.4766 111.4635 -3665.266
v -147.8753 170.5342 -3685.067
v -147.8753 189.4829 -3672.917
v -120.2392 192.0228 -3693.778
v -120.2392 210.9717 -3681.628
v -98.08486 186.616 -3660.081
v -97.93 178.1689 -3672.314
v -123.7221 155.0466 -3645.188
v -100.4603 146.6696 -3639.721
v -67.05212 177.9822 -3666.883
v -67.05212 186.6068 -3654.733
v -44.45039 232.8996 -3679.138
v -54.77462 181.6876 -3688.707
v -47.50447 182.7087 -3652.436
v -47.50447 174.0841 -3664.586
v -70.18973 137.027 -3632.943
v -70.18973 128.4024 -3645.094
v -67.4657 92.99872 -3642.805
v -43.66184 125.8488 -3643.997
v -43.66184 134.4734 -3631.847
v -18.67649 155.493 -3659.543
v -18.67649 156.3744 -3639.486
v -16.07882 137.7062 -3631.059
v -16.07882 129.0816 -3646.292
v -4.674356 121.5085 -3622.644
v -129.462 301.3716 -3790.926
v -123.9893 294.9435 -3809.937
v -114.6008 267.002 -3771.135
v -107.3431 237.7291 -3780.879
v 125.2639 303.8713 -3783.295
v 120.7432 295.4818 -3805.326
v 6.730158 137.7062 -3631.059
v 9.32778 156.3743 -3639.486
v 34.31313 134.4736 -3631.847
v 60.84112 137.0269 -3632.943
v 40.07864 182.7088 -3652.436
v 37.02456 232.8994 -3679.138
v 47.34879 186.8496 -3670.64
v 63.03278 184.7908 -3656.3
v 63.03278 176.1663 -3668.45
v 97.09776 144.56 -3639.212
v 97.09766 135.9355 -3651.363
v 123.4401 92.22002 -3648.595
v 120.8039 141.7435 -3655.309
v 120.804 150.368 -3643.158
v 80.79614 236.8733 -3703.44
v 95.59039 191.8615 -3661.474
v 93.52158 186.4352 -3675.002
v 80.79614 206.3098 -3718.172
v 128.9029 203.4846 -3678.748
v 128.9029 188.4075 -3690.898
v 150.6648 182.2329 -3670.185
v 150.6648 173.6084 -3682.335
v 170.1279 111.4635 -3665.266
v 173.7155 186.8695 -3703.328
v 173.7155 195.4941 -3691.178
v 120.4281 244.6508 -3748.268
v 155.3725 217.1122 -3702.02
v 155.3726 208.4877 -3714.17
v 120.4281 232.1547 -3760.418
v 134.0128 238.6434 -3769.766
v 131.8186 230.0188 -3781.717
v 180.9729 223.3355 -3774.897
v 157.4491 234.2375 -3773.296
v 178.7788 214.7109 -3786.848
v 155.2549 225.613 -3785.246
v 213.1603 181.7083 -3792.741
v 215.9543 168.502 -3795.549
v 192.4457 222.5223 -3807.378
v 194.64 231.1468 -3795.428
v 167.0933 245.5349 -3805.669
v 164.8991 236.9103 -3817.619
v -4.674356 231.4218 -3670.101
v -4.674356 180.1293 -3643.025
v -95.34793 289.5678 -3754.072
v -95.34834 277.5023 -3756.282
v -77.9643 276.6425 -3749.175
v -95.34884 268.6891 -3758.491
v -80.53012 232.066 -3703.44
v 17.10134 271.8543 -3727.415
v -2.119754 273.1029 -3723.722
v 1.757988 343.0356 -3732.735
v -23.40237 288.3117 -3711.041
v 18.13925 286.0354 -3710.05
v -26.78853 271.8264 -3729.81
v -95.73672 296.2379 -3730.453
v -61.06823 278.9334 -3741.941
v 82.46571 268.7244 -3757.957
v 100.8577 267.002 -3768.534
v 82.62433 277.3525 -3756.34
v 95.83762 258.3775 -3779.598
v -118.9967 304.129 -3756.079
v -118.2568 298.6973 -3778.82
v 49.97273 280.1493 -3740.757
v 66.29843 276.7646 -3748.549
v 54.26847 270.0745 -3744.781
v -4.674356 158.3249 -3632.103
v -90.85435 198.9214 -3705.266
v -65.96015 270.087 -3746
v -110.9889 368.8441 -3786.432
v -65.43408 354.69 -3740.374
v 53.26521 352.8377 -3747.324
v 85.07014 362.2673 -3768.711
v 73.13792 391.9753 -3772.65
v -106.1031 392.1588 -3788.021
v -88.21151 361.767 -3763.403
v -75.31557 391.9198 -3765.091
v -83.65655 414.9193 -3763.387
v -67.37191 412.6092 -3789.238
v 110.265 369.7372 -3785.653
v 104.1448 392.1873 -3786.717
v 95.28645 468.9954 -3784.174
v -148.8929 258.4507 -3799.873
v 127.8291 374.9446 -3797.463
v 136.945 390.7346 -3801.599
v 122.62 392.3137 -3795.1
v -126.0358 392.3137 -3802.866
v -138.6516 390.7347 -3812.262
v -130.6234 374.9446 -3806.283
v -197.0542 224.6393 -3792.146
v -173.8773 236.5628 -3785.381
v -147.8753 189.4829 -3672.917
v -173.746 203.9798 -3695.153
v -100.4603 146.6696 -3639.721
v -125.2442 93.44774 -3649.04
v -123.7221 155.0466 -3645.188
v -43.66184 134.4734 -3631.847
v -70.18973 137.027 -3632.943
v 60.84112 137.0269 -3632.943
v 34.31313 134.4736 -3631.847
v 120.804 150.368 -3643.158
v 123.4401 92.22002 -3648.595
v 97.09776 144.56 -3639.212
v 173.7155 195.4941 -3691.178
v 170.1279 111.4635 -3665.266
v 150.6648 182.2329 -3670.185
v 194.64 231.1468 -3795.428
v 213.1603 181.7083 -3792.741
v 180.9729 223.3355 -3774.897
v -158.013 224.356 -3702.048
v -120.2392 210.9717 -3681.628
v -98.08486 186.616 -3660.081
v -67.05212 186.6068 -3654.733
v -47.50447 182.7087 -3652.436
v -44.45039 232.8996 -3679.138
v 40.07864 182.7088 -3652.436
v 37.02456 232.8994 -3679.138
v 95.59039 191.8615 -3661.474
v 63.03278 184.7908 -3656.3
v 80.79614 236.8733 -3703.44
v 155.3725 217.1122 -3702.02
v 128.9029 203.4846 -3678.748
v 120.4281 244.6508 -3748.268
v 167.0933 245.5349 -3805.669
v 157.4491 234.2375 -3773.296
v -114.6008 267.002 -3771.135
v -132.3267 244.0298 -3765.74
v -149.2935 244.595 -3776.412
v -9.115026 403.897 -3740.429
v 4.789183 379.4646 -3737.429
v -44.52812 391.6808 -3742.161
v 30.07024 391.6808 -3753.109
v 8.093972 403.8969 -3738.167
v 134.0128 238.6434 -3769.766
v 100.8577 267.002 -3768.534
v -129.462 301.3716 -3790.926
v -148.8635 327.5142 -3804.933
v -18.67649 156.3744 -3639.486
v -4.674356 121.5085 -3622.644
v -16.07882 137.7062 -3631.059
v 6.730158 137.7062 -3631.059
v 9.32778 156.3743 -3639.486
v -80.53012 232.066 -3703.44
v 125.2639 303.8713 -3783.295
v -167.3238 333.3275 -3833.617
v -102.0188 462.5727 -3785.898
v -123.2563 459.655 -3809.363
v 81.47201 425.9211 -3773.327
v -83.65655 414.9193 -3763.387
v 169.5015 333.3276 -3816.37
v 141.6407 327.5142 -3789.111
v 117.9686 472.3896 -3807.835
v 95.28645 468.9954 -3784.174
v -206.4435 58.9791 -3549.337
v -188.3746 59.24931 -3550.849
v -204.6585 29.30916 -3551.877
v -181.034 28.89348 -3555.01
v -217.5244 103.0391 -3550.031
v -210.4766 115.5523 -3544.022
v -214.3786 101.4123 -3544.506
v -212.2099 116.3835 -3546.82
v -218.6971 65.77216 -3572.799
v -220.2093 37.95922 -3581.704
v -180.8596 66.65686 -3560.922
v -192.6751 73.20309 -3583.538
v -143.1216 34.33999 -3583.156
v -158.0059 42.6146 -3611.697
v -206.7544 102.0314 -3548.275
v -210.1063 103.7744 -3554.198
v -208.6224 102.2651 -3544.314
v -220.8109 77.92476 -3563.546
v -211.8312 73.01215 -3546.759
v -184.1581 75.2569 -3560.714
v -192.9278 80.05109 -3577.095
v -195.4456 74.27136 -3548.567
v -210.4766 115.5523 -3544.022
v -212.2099 116.3835 -3546.82
v -180.8596 66.65686 -3560.922
v -143.1216 34.33999 -3583.156
v -206.7544 102.0314 -3548.275
v -184.1581 75.2569 -3560.714
v -265.4128 160.8151 -3605.155
v -271.0137 140.0452 -3609.019
v -266.2731 162.4793 -3609.573
v -256.99 36.05244 -3631.835
v -232.2406 76.66353 -3612.765
v -222.0422 34.31357 -3626.506
v -258.6124 77.2433 -3618.183
v -217.1187 88.46871 -3622.827
v -224.0209 101.8226 -3658.272
v -156.0823 43.65961 -3649.827
v -164.8197 60.56322 -3694.694
v -260.2614 144.2657 -3619.853
v -258.4333 140.7288 -3610.465
v -267.0201 97.98273 -3614.704
v -262.7859 140.6993 -3606.707
v -221.6895 101.3627 -3622.638
v -226.7569 111.1665 -3648.661
v -242.8963 99.01414 -3610.26
v 264.8738 160.8151 -3605.155
v 270.4746 140.0452 -3609.019
v 265.7341 162.4793 -3609.573
v 256.451 36.05244 -3631.835
v 231.7016 76.66353 -3612.765
v 221.5032 34.31357 -3626.506
v 258.0734 77.24331 -3618.183
v 216.5797 88.46871 -3622.827
v 223.4819 101.8226 -3658.272
v 155.5433 43.6596 -3649.827
v 164.2807 60.56322 -3694.694
v 259.7224 144.2657 -3619.853
v 257.8943 140.7288 -3610.465
v 266.4811 97.98273 -3614.704
v 262.247 140.6993 -3606.707
v 221.1505 101.3627 -3622.638
v 226.2179 111.1665 -3648.661
v 242.3573 99.01414 -3610.26
v 204.0598 58.9791 -3549.337
v 185.9909 59.24931 -3550.849
v 202.2748 29.30916 -3551.877
v 178.6503 28.89348 -3555.01
v 215.1407 103.0391 -3550.031
v 208.0928 115.5523 -3544.022
v 211.9949 101.4123 -3544.506
v 209.8261 116.3835 -3546.82
v 216.3134 65.77216 -3572.799
v 217.8256 37.95922 -3581.704
v 178.4759 66.65686 -3560.922
v 190.2914 73.20309 -3583.538
v 140.7379 34.33999 -3583.156
v 155.6222 42.6146 -3611.697
v 204.3706 102.0314 -3548.275
v 207.7226 103.7744 -3554.198
v 206.2386 102.2651 -3544.314
v 218.4271 77.92476 -3563.546
v 209.4475 73.01215 -3546.759
v 181.7744 75.2569 -3560.714
v 190.544 80.05109 -3577.095
v 193.0619 74.27136 -3548.567
v 208.0928 115.5523 -3544.022
v 209.8261 116.3835 -3546.82
v 140.7379 34.33999 -3583.156
v 178.4759 66.65686 -3560.922
v 204.3706 102.0314 -3548.275
v 181.7744 75.2569 -3560.714
v -305.8804 -124.2694 -3449.838
v 305.8804 -124.2694 -3449.838
v -305.8804 260.6622 -3449.838
v 305.8804 260.6622 -3449.838
v -305.8804 260.6622 -3611.349
v 305.8804 260.6622 -3611.349
v -305.8804 -124.2694 -3611.349
v 305.8804 -124.2694 -3611.349
v -305.8804 260.6622 -3449.838
v 305.8804 260.6622 -3449.838
v -305.8804 260.6622 -3611.349
v 305.8804 260.6622 -3611.349
v -305.8804 -124.2694 -3611.349
v 305.8804 -124.2694 -3449.838
v 305.8804 -124.2694 -3611.349
v -305.8804 -124.2694 -3449.838
v 305.8804 -124.2694 -3449.838
v 305.8804 260.6622 -3611.349
v 305.8804 -124.2694 -3611.349
v 305.8804 260.6622 -3449.838
v -305.8804 -124.2694 -3611.349
v -305.8804 260.6622 -3449.838
v -305.8804 -124.2694 -3449.838
v -305.8804 260.6622 -3611.349
v -157.2173 -56.74323 -3925.811
v 157.5752 -56.74323 -3925.811
v -157.2173 141.3303 -3925.811
v 157.5752 141.3303 -3925.811
v -157.2173 141.3303 -4204.983
v 157.5752 141.3303 -4204.983
v -157.2173 -56.74323 -4204.983
v 157.5752 -56.74323 -4204.983
v -157.2173 141.3303 -3925.811
v 157.5752 141.3303 -3925.811
v -157.2173 141.3303 -4204.983
v 157.5752 141.3303 -4204.983
v -157.2173 -56.74323 -4204.983
v 157.5752 -56.74323 -3925.811
v 157.5752 -56.74323 -4204.983
v -157.2173 -56.74323 -3925.811
v 157.5752 -56.74323 -3925.811
v 157.5752 141.3303 -4204.983
v 157.5752 -56.74323 -4204.983
v 157.5752 141.3303 -3925.811
v -157.2173 -56.74323 -4204.983
v -157.2173 141.3303 -3925.811
v -157.2173 -56.74323 -3925.811
v -157.2173 141.3303 -4204.983
v -305.8804 -124.2694 -3289.475
v 305.8804 -124.2694 -3289.475
v -305.8804 260.6622 -3289.475
v 305.8804 260.6622 -3289.475
v -305.8804 260.6622 -3450.986
v 305.8804 260.6622 -3450.986
v -305.8804 -124.2694 -3450.986
v 305.8804 -124.2694 -3450.986
v -305.8804 260.6622 -3289.475
v 305.8804 260.6622 -3289.475
v -305.8804 260.6622 -3450.986
v 305.8804 260.6622 -3450.986
v -305.8804 -124.2694 -3450.986
v 305.8804 -124.2694 -3289.475
v 305.8804 -124.2694 -3450.986
v -305.8804 -124.2694 -3289.475
v 305.8804 -124.2694 -3289.475
v 305.8804 260.6622 -3450.986
v 305.8804 -124.2694 -3450.986
v 305.8804 260.6622 -3289.475
v -305.8804 -124.2694 -3450.986
v -305.8804 260.6622 -3289.475
v -305.8804 -124.2694 -3289.475
v -305.8804 260.6622 -3450.986
v 116.6464 83.34767 -4302.998
v 1209.771 -129.4742 -3655.584
v 182.134 560.6388 -4256.674
v 1275.26 347.8189 -3609.26
v -49.45712 -30.88235 -4832.371
v -1251.668 -159.5978 -4388.25
v -81.09351 449.0997 -4778.901
v -1283.304 320.3843 -4334.779
v -417.2324 -49.70832 -4029.297
v 412.0986 -49.70832 -4029.297
v -417.2324 606.1667 -4029.296
v 412.0986 606.1667 -4029.296
v 133.6783 -140.3395 -3858.708
v 132.319 -185.9846 -3688.414
v 138.2093 16.06716 -3500.806
v 138.9287 62.20555 -3673.067
v 153.6993 -135.2666 -3877.636
v 154.9923 67.01981 -3691.041
v 130.8496 -132.035 -3889.691
v 132.0105 70.34659 -3703.462
v 192.7263 -203.7834 -3622.016
v 194.1924 -1.57624 -3434.934
v 243.3108 100.1821 -3814.854
v 250.0369 105.5112 -3834.751
v 288.3262 106.8102 -3839.601
v 406.7065 62.01793 -3672.367
v 302.2234 79.8537 -3738.958
v 387.4478 44.42515 -3606.683
v 283.611 -195.3489 -3653.48
v 281.822 6.954434 -3466.783
v 313.8908 -180.3816 -3709.32
v 316.5405 22.33299 -3524.2
v 425.2314 -163.7953 -3771.203
v 426.6973 38.38402 -3584.128
v 119.9935 -116.1603 -4038.595
v 121.4594 85.98148 -3851.529
v 188.6421 102.3666 -3822.997
v 364.2281 -182.0992 -3702.914
v 365.6941 20.09265 -3515.836
v 138.2093 16.06716 -3500.806
v 138.9287 62.20555 -3673.067
v 194.1924 -1.57624 -3434.934
v 281.822 6.954434 -3466.783
v 121.4594 85.98148 -3851.529
v 154.9923 67.01981 -3691.041
v 132.0105 70.34659 -3703.462
v 316.5405 22.33299 -3524.2
v 365.6941 20.09265 -3515.836
v 426.6973 38.38402 -3584.128
v 316.5405 22.33299 -3524.2
v 283.611 -195.3489 -3653.48
v 281.822 6.954434 -3466.783
v 313.8908 -180.3816 -3709.32
v 154.9923 67.01981 -3691.041
v 153.6993 -135.2666 -3877.636
v 132.319 -185.9846 -3688.414
v 138.2093 16.06716 -3500.806
v 192.7263 -203.7834 -3622.016
v 194.1924 -1.57624 -3434.934
v 132.0105 70.34659 -3703.462
v 130.8496 -132.035 -3889.691
v 364.2281 -182.0992 -3702.914
v 365.6941 20.09265 -3515.836
v -2841.942 -245.7944 -5064.13
v 0 -245.7944 -5064.13
v 2841.942 -245.7944 -5064.13
v -2841.942 1690.021 -5064.13
v 0 1690.021 -5064.13
v 2841.942 1690.021 -5064.13
v -132.9489 -140.3395 -3858.708
v -131.5896 -185.9846 -3688.414
v -137.4799 16.06717 -3500.806
v -138.1992 62.20556 -3673.067
v -152.9699 -135.2667 -3877.636
v -154.2629 67.01981 -3691.041
v -130.1201 -132.035 -3889.691
v -131.281 70.34659 -3703.462
v -191.9969 -203.7834 -3622.016
v -193.463 -1.576231 -3434.934
v -242.5814 100.182 -3814.854
v -249.3076 105.5112 -3834.751
v -287.5968 106.8102 -3839.601
v -405.9771 62.01793 -3672.367
v -301.494 79.8537 -3738.958
v -386.7184 44.42516 -3606.683
v -282.8816 -195.349 -3653.48
v -281.0926 6.954443 -3466.783
v -313.1614 -180.3817 -3709.32
v -315.8111 22.33299 -3524.2
v -424.502 -163.7953 -3771.203
v -425.9679 38.38403 -3584.128
v -112.0764 -116.164 -4038.595
v -113.5423 85.98148 -3851.529
v -187.9127 102.3628 -3822.997
v -363.4987 -182.0992 -3702.914
v -364.9647 20.09266 -3515.836
v -137.4799 16.06717 -3500.806
v -193.463 -1.576231 -3434.934
v -138.1992 62.20556 -3673.067
v -281.0926 6.954443 -3466.783
v -113.5423 85.98148 -3851.529
v -131.281 70.34659 -3703.462
v -154.2629 67.01981 -3691.041
v -315.8111 22.33299 -3524.2
v -364.9647 20.09266 -3515.836
v -425.9679 38.38403 -3584.128
v -315.8111 22.33299 -3524.2
v -282.8816 -195.349 -3653.48
v -313.1614 -180.3817 -3709.32
v -281.0926 6.954443 -3466.783
v -152.9699 -135.2667 -3877.636
v -154.2629 67.01981 -3691.041
v -131.5896 -185.9846 -3688.414
v -137.4799 16.06717 -3500.806
v -191.9969 -203.7834 -3622.016
v -193.463 -1.576231 -3434.934
v -130.1201 -132.035 -3889.691
v -131.281 70.34659 -3703.462
v -363.4987 -182.0992 -3702.914
v -364.9647 20.09266 -3515.836
v -110.1741 2.078178 51.11719
v 110.1734 2.078178 51.10938
v 110.1781 2.078178 -3478.715
v -110.1694 2.078178 -3478.708
v 110.1734 -196.8518 51.10938
v 110.1781 -196.8518 -3478.715
v -110.1694 -196.8518 -3478.708
v -110.1741 -196.8518 51.11719
vt 0.005908914 0.8959708
vt 0.03340024 0.8959872
vt 0.1043963 0.8960029
vt 0.2140449 0.8960155
vt 0.3395672 0.8960237
vt 0.5078843 0.8960266
vt 0.6615502 0.8960239
vt 0.797384 0.8960161
vt 0.9024143 0.8960037
vt 0.9671763 0.8959881
vt 1.000157 0.8959696
vt 0.006700099 0.8176045
vt 0.0333761 0.8176051
vt 0.1043626 0.8176055
vt 0.2140461 0.8176059
vt 0.3395745 0.8176062
vt 0.5080423 0.8176062
vt 0.6615502 0.8176062
vt 0.7973853 0.8176059
vt 0.9024736 0.8176056
vt 0.9672518 0.8176051
vt 1.001399 0.8176046
vt 0.00664562 0.7377515
vt 0.03336984 0.7377519
vt 0.1043628 0.7377523
vt 0.2140468 0.7377526
vt 0.3395785 0.7377527
vt 0.5081289 0.7377528
vt 0.6615503 0.7377527
vt 0.7973861 0.7377526
vt 0.9024738 0.7377523
vt 0.9672716 0.737752
vt 1.001428 0.7377516
vt 0.00664562 0.6604317
vt 0.03336984 0.6604224
vt 0.1043628 0.660414
vt 0.214047 0.6604073
vt 0.3395793 0.660403
vt 0.5081456 0.6604015
vt 0.6615503 0.6604029
vt 0.7973862 0.6604071
vt 0.9024739 0.6604137
vt 0.9672717 0.6604221
vt 1.001428 0.6604314
vt 0.006745398 0.5754502
vt 0.03338134 0.575447
vt 0.1043915 0.5754441
vt 0.2141193 0.5754418
vt 0.3397963 0.5754403
vt 0.508126 0.5754398
vt 0.6615484 0.5754402
vt 0.7973086 0.5754417
vt 0.9024243 0.5754439
vt 0.967236 0.5754468
vt 1.001376 0.57545
vt 0.006852627 0.4907752
vt 0.03339362 0.4907746
vt 0.1044223 0.490774
vt 0.214197 0.4907736
vt 0.3400292 0.4907733
vt 0.5081065 0.4907732
vt 0.6615465 0.4907733
vt 0.7972254 0.4907736
vt 0.902371 0.490774
vt 0.9671976 0.4907746
vt 1.001319 0.4907752
vt 0.007001162 0.4082667
vt 0.03341073 0.4082667
vt 0.104465 0.4082667
vt 0.2143047 0.4082667
vt 0.3403526 0.4082667
vt 0.5080862 0.4082667
vt 0.6615438 0.4082667
vt 0.7971101 0.4082667
vt 0.9022971 0.4082667
vt 0.9671445 0.4082667
vt 1.001241 0.4082667
vt 0.1058541 0.8959875
vt 0.1063656 0.8176053
vt 0.9190903 0.8959843
vt 0.9206571 0.8176053
vt 0.1063499 0.7377529
vt 0.9206617 0.737753
vt 0.1063598 0.6604391
vt 0.9206589 0.6604388
vt 0.1064192 0.5754529
vt 0.9206417 0.5754527
vt 0.1064994 0.4907766
vt 0.9206186 0.4907765
vt 0.0969767 0.4082668
vt 0.9301991 0.4082646
vt 0.4319605 0.8959268
vt 0.4346818 0.8176019
vt 0.5068062 0.8959252
vt 0.4960289 0.8176019
vt 0.4346701 0.7377393
vt 0.4961398 0.7377394
vt 0.4346775 0.6602786
vt 0.4960716 0.6602782
vt 0.4347218 0.5753763
vt 0.49566 0.575376
vt 0.4347816 0.4907481
vt 0.4951039 0.490748
vt 0.4252383 0.4082638
vt 0.5041463 0.4082615
vt 0.0006218851 0
vt 0.9993566 2.264977E-06
vt 0.9993781 1
vt 0.0006423593 0.9999977
vt 0.004816096 -2.615923
vt 0.07120935 -2.615923
vt 0.1425934 -2.615923
vt 0.2139774 -2.615923
vt 0.2853614 -2.615923
vt 0.3567455 -2.615923
vt 0.4281295 -2.615923
vt 0.4995136 -2.615923
vt 0.5708976 -2.615923
vt 0.6422817 -2.615923
vt 0.7136657 -2.615923
vt 0.7850497 -2.615923
vt 0.8564338 -2.615923
vt 0.9278179 -2.615923
vt 0.004816096 -0.3159266
vt 0.07120935 -0.3159266
vt 0.1425934 -0.3159266
vt 0.2139774 -0.3159266
vt 0.2853614 -0.3159266
vt 0.3567455 -0.3159266
vt 0.4281295 -0.3159266
vt 0.4995136 -0.3159266
vt 0.5708976 -0.3159266
vt 0.6422817 -0.3159266
vt 0.7136657 -0.3159266
vt 0.7850497 -0.3159266
vt 0.8564338 -0.3159266
vt 0.9278179 -0.3159266
vt -0.0001747198 0.1239218
vt 0.07120935 0.1239218
vt 0.1425934 0.1239218
vt 0.2139774 0.1239218
vt 0.2853614 0.1239218
vt 0.3567455 0.1239218
vt 0.4281295 0.1239218
vt 0.4995136 0.1239218
vt 0.5708976 0.1239218
vt 0.6422817 0.1239218
vt 0.7136657 0.1239218
vt 0.7850497 0.1239218
vt 0.8564338 0.1239218
vt 0.9278179 0.1239218
vt -0.0001747198 0.5637702
vt 0.07120935 0.5637702
vt 0.1425934 0.5637702
vt 0.2139774 0.5637702
vt 0.2853614 0.5637702
vt 0.3567455 0.5637702
vt 0.4281295 0.5637702
vt 0.4995136 0.5637702
vt 0.5708976 0.5637702
vt 0.6422817 0.5637702
vt 0.7136657 0.5637702
vt 0.7850497 0.5637702
vt 0.8564338 0.5637702
vt 0.9278179 0.5637702
vt -0.0001747198 1.003618
vt 0.07120935 1.003618
vt 0.1425934 1.003618
vt 0.2139774 1.003618
vt 0.2853614 1.003618
vt 0.3567455 1.003618
vt 0.4281295 1.003618
vt 0.4995136 1.003618
vt 0.5708976 1.003618
vt 0.6422817 1.003618
vt 0.7136657 1.003618
vt 0.7850497 1.003618
vt 0.8564338 1.003618
vt 0.9278179 1.003618
vt -0.0001747198 1.443467
vt 0.07120935 1.443467
vt 0.1425934 1.443467
vt 0.2139774 1.443467
vt 0.2853614 1.443467
vt 0.3567455 1.443467
vt 0.4281295 1.443467
vt 0.4995136 1.443467
vt 0.5708976 1.443467
vt 0.6422817 1.443467
vt 0.7136657 1.443467
vt 0.7850497 1.443467
vt 0.8564338 1.443467
vt 0.9278179 1.443467
vt -0.0001747198 1.883316
vt 0.07120935 1.883316
vt 0.1425934 1.883316
vt 0.2139774 1.883316
vt 0.2853614 1.883316
vt 0.3567455 1.883316
vt 0.4281295 1.883316
vt 0.4995136 1.883316
vt 0.5708976 1.883316
vt 0.6422817 1.883316
vt 0.7136657 1.883316
vt 0.7850497 1.883316
vt 0.8564338 1.883316
vt 0.9278179 1.883316
vt -0.0001747198 2.323164
vt 0.07120935 2.323164
vt 0.1425934 2.323164
vt 0.2139774 2.323164
vt 0.2853614 2.323164
vt 0.3567455 2.323164
vt 0.4281295 2.323164
vt 0.4995136 2.323164
vt 0.5708976 2.323164
vt 0.6422817 2.323164
vt 0.7136657 2.323164
vt 0.7850497 2.323164
vt 0.8564338 2.323164
vt 0.9278179 2.323164
vt -0.0001747198 2.763013
vt 0.07120935 2.763013
vt 0.1425934 2.763013
vt 0.2139774 2.763013
vt 0.2853614 2.763013
vt 0.3567455 2.763013
vt 0.4281295 2.763013
vt 0.4995136 2.763013
vt 0.5708976 2.763013
vt 0.6422817 2.763013
vt 0.7136657 2.763013
vt 0.7850497 2.763013
vt 0.8564338 2.763013
vt 0.9278179 2.763013
vt -0.0001747198 3.202862
vt 0.07120935 3.202862
vt 0.1425934 3.202862
vt 0.2139774 3.202862
vt 0.2853614 3.202862
vt 0.3567455 3.202862
vt 0.4281295 3.202862
vt 0.4995136 3.202862
vt 0.5708976 3.202862
vt 0.6422817 3.202862
vt 0.7136657 3.202862
vt 0.7850497 3.202862
vt 0.8564338 3.202862
vt 0.9278179 3.202862
vt -0.0001747198 3.642711
vt 0.07120935 3.642711
vt 0.1425934 3.642711
vt 0.2139774 3.642711
vt 0.2853614 3.642711
vt 0.3567455 3.642711
vt 0.4281295 3.642711
vt 0.4995136 3.642711
vt 0.5708976 3.642711
vt 0.6422817 3.642711
vt 0.7136657 3.642711
vt 0.7850497 3.642711
vt 0.8564338 3.642711
vt 0.9278179 3.642711
vt -0.0001747198 4.082558
vt 0.07120935 4.082558
vt 0.1425934 4.082558
vt 0.2139774 4.082558
vt 0.2853614 4.082558
vt 0.3567455 4.082558
vt 0.4281295 4.082558
vt 0.4995136 4.082558
vt 0.5708976 4.082558
vt 0.6422817 4.082558
vt 0.7136657 4.082558
vt 0.7850497 4.082558
vt 0.8564338 4.082558
vt 0.9278179 4.082558
vt -0.0001747198 4.522407
vt 0.07120935 4.522407
vt 0.1425934 4.522407
vt 0.2139774 4.522407
vt 0.2853614 4.522407
vt 0.3567455 4.522407
vt 0.4281295 4.522407
vt 0.4995136 4.522407
vt 0.5708976 4.522407
vt 0.6422817 4.522407
vt 0.7136657 4.522407
vt 0.7850497 4.522407
vt 0.8564338 4.522407
vt 0.9278179 4.522407
vt 0.004816096 -0.7107862
vt 0.07120935 -0.7107838
vt 0.1425934 -0.7107829
vt 0.2139774 -0.7107835
vt 0.2853614 -0.7107856
vt 0.3567455 -0.7107888
vt 0.4281295 -0.7107925
vt 0.4995136 -0.7107959
vt 0.5708976 -0.7107984
vt 0.6422817 -0.7107995
vt 0.7136657 -0.7107989
vt 0.7850497 -0.7107967
vt 0.8564338 -0.7107934
vt 0.9278179 -0.7107897
vt 0.004816096 -1.099233
vt 0.07120935 -1.099222
vt 0.1425934 -1.099217
vt 0.2139774 -1.09922
vt 0.2853614 -1.09923
vt 0.3567455 -1.099245
vt 0.4281295 -1.099262
vt 0.4995137 -1.099278
vt 0.5708976 -1.09929
vt 0.6422817 -1.099295
vt 0.7136657 -1.099292
vt 0.7850497 -1.099282
vt 0.8564338 -1.099266
vt 0.9278181 -1.099249
vt 0.004816096 -1.640971
vt 0.07120935 -1.640964
vt 0.1425934 -1.640961
vt 0.2139774 -1.640963
vt 0.2853614 -1.640969
vt 0.3567455 -1.640978
vt 0.4281295 -1.640989
vt 0.4995137 -1.640999
vt 0.5708976 -1.641006
vt 0.6422817 -1.641009
vt 0.7136657 -1.641007
vt 0.7850497 -1.641001
vt 0.8564338 -1.640991
vt 0.9278181 -1.640981
vt 0.004816096 -2.114591
vt 0.07120935 -2.114542
vt 0.1425934 -2.114523
vt 0.2139774 -2.114538
vt 0.2853614 -2.114583
vt 0.3567455 -2.114649
vt 0.4281295 -2.114726
vt 0.4995136 -2.114796
vt 0.5708976 -2.114848
vt 0.6422817 -2.114868
vt 0.7136657 -2.114853
vt 0.7850497 -2.114807
vt 0.8564338 -2.114738
vt 0.9278181 -2.114661
vt 1.004938 -2.114591
vt 1.004938 -2.615923
vt 0.9992018 0.1239218
vt 1.004938 -0.3159266
vt 0.9992018 0.5637702
vt 0.9992018 1.003618
vt 0.9992018 1.443467
vt 0.9992018 1.883316
vt 0.9992018 2.323164
vt 0.9992018 2.763013
vt 0.9992018 3.202862
vt 0.9992018 3.642711
vt 0.9992018 4.082558
vt 0.9992018 4.522407
vt 1.004938 -0.7107862
vt 1.004938 -1.099233
vt 1.004938 -1.640971
vt 0.9347446 0.01606097
vt 0.9333554 0.08682878
vt 0.9347446 0.01606097
vt 0.9333554 0.08682878
vt 0.9098756 0.1172139
vt 0.9486323 0.1070964
vt 0.908748 0.1867245
vt 0.8956177 0.06940787
vt 0.8887295 0.08049914
vt 0.9038225 0.008697379
vt 0.8960963 0.01867734
vt 0.7964439 0.187541
vt 0.8150578 0.156716
vt 0.7947472 0.1873564
vt 0.3294874 0.6631836
vt 0.7873496 0.1499875
vt 0.7856931 0.1518424
vt 0.3298516 0.689062
vt 0.7918624 0.1564699
vt 0.8323536 0.1217159
vt 0.7785949 0.117448
vt 0.7795072 0.1164139
vt 0.7909806 0.08354306
vt 0.7642485 0.07151892
vt 0.8432242 0.08044115
vt 0.788412 0.1268125
vt 0.329852 0.6883821
vt 0.8956177 0.06940787
vt 0.8887295 0.08049914
vt 0.9038225 0.008697379
vt 0.8960963 0.01867734
vt 0.7964439 0.187541
vt 0.8150578 0.156716
vt 0.7947472 0.1873564
vt 0.3294785 0.6631836
vt 0.7873496 0.1499875
vt 0.7856931 0.1518424
vt 0.3298502 0.689062
vt 0.7918624 0.1564699
vt 0.8323536 0.1217159
vt 0.7797644 0.1165709
vt 0.7795072 0.1164139
vt 0.7909806 0.08354306
vt 0.7660026 0.07151892
vt 0.8432242 0.08044115
vt 0.788412 0.1268125
vt 0.3169563 0.6599622
vt 0.3690568 0.7062937
vt 0.3534778 0.6605328
vt 0.3490194 0.7089605
vt 0.7669446 0.005164135
vt 0.8589078 0.01547507
vt 0.783669 0.06843448
vt 0.7723355 0.008145336
vt 0.3474554 0.7108759
vt 0.9102815 0.1300633
vt 0.3690732 0.7062937
vt 0.3490199 0.7089605
vt 0.3534786 0.6605328
vt 0.7634363 0.006041195
vt 0.8589078 0.01547507
vt 0.783669 0.06843448
vt 0.7723355 0.008145336
vt 0.3434129 0.7085792
vt 0.3169563 0.7118449
vt 0.3476909 0.6587924
vt 0.2862259 0.6587924
vt 0.2904623 0.7085792
vt 0.3305369 0.06400635
vt 0.3481366 0.05308359
vt 0.3302179 0.01637799
vt 0.4845661 0.182961
vt 0.4756288 0.1862929
vt 0.4789394 0.1746655
vt 0.317968 0.1865612
vt 0.309396 0.1840694
vt 0.3137594 0.1757737
vt 0.2966153 0.09844166
vt 0.3000625 0.1145669
vt 0.2882339 0.09245741
vt 0.2845028 0.1026946
vt 0.4655395 0.133954
vt 0.4648768 0.1354982
vt 0.4548943 0.1307209
vt 0.4555372 0.1329425
vt 0.4609499 0.2301368
vt 0.4628465 0.2518637
vt 0.476488 0.2220281
vt 0.3307132 0.2512798
vt 0.3347958 0.227677
vt 0.317482 0.2228565
vt 0.4170202 0.03897339
vt 0.4329638 0.05837543
vt 0.4322755 0.0137684
vt 0.4224724 0.07786571
vt 0.4075116 0.05545724
vt 0.4047819 0.05497825
vt 0.3977277 0.03572289
vt 0.4969045 0.1552649
vt 0.4880978 0.1491725
vt 0.4914896 0.1467636
vt 0.5032082 0.1524949
vt 0.4797305 0.1752773
vt 0.4847405 0.1840574
vt 0.4761738 0.1875695
vt 0.4728308 0.2196078
vt 0.4523167 0.1978346
vt 0.4490499 0.2002323
vt 0.4257121 0.1814702
vt 0.4245551 0.1867544
vt 0.4052767 0.1919344
vt 0.4069495 0.1874468
vt 0.3978303 0.1766394
vt 0.3975908 0.1839131
vt 0.3888597 0.1918289
vt 0.386846 0.1869416
vt 0.368257 0.1816952
vt 0.3701166 0.1871711
vt 0.3305638 0.225755
vt 0.3206119 0.220818
vt 0.3181855 0.1876677
vt 0.3095139 0.1849435
vt 0.3137181 0.1760705
vt 0.2966045 0.1546073
vt 0.2899778 0.1526157
vt 0.3105968 0.1482904
vt 0.3014299 0.1477116
vt 0.2752609 0.06839198
vt 0.2962751 0.08796685
vt 0.3071282 0.09702567
vt 0.3326418 0.1062715
vt 0.3123982 0.1083707
vt 0.3222868 0.1066477
vt 0.3207717 0.1089678
vt 0.3064022 0.08450478
vt 0.3140878 0.09332183
vt 0.3016224 0.08991645
vt 0.3095139 0.09744556
vt 0.2994875 0.02749889
vt 0.3222613 0.07722885
vt 0.3121174 0.08172746
vt 0.3337524 0.08601689
vt 0.3311883 0.0978619
vt 0.3487971 0.07974846
vt 0.3456486 0.08038118
vt 0.3344914 0.05927658
vt 0.340331 0.06118154
vt 0.3634396 0.07178921
vt 0.3618936 0.08046076
vt 0.3765229 0.1021245
vt 0.3732888 0.09290216
vt 0.3789475 0.08035669
vt 0.3721343 0.07836556
vt 0.3653033 0.0557726
vt 0.3613171 0.05638077
vt 0.3627009 0.0132802
vt 0.3787828 0.04241018
vt 0.3711642 0.05046202
vt 0.3895013 0.05883591
vt 0.3865769 0.07277564
vt 0.3964776 0.05039328
vt 0.3952248 0.04373492
vt 0.3995017 0.04549313
vt 0.3192 0.1367861
vt 0.3150058 0.1318237
vt 0.3309483 0.1193486
vt 0.3292771 0.1131961
vt 0.4825986 0.1380437
vt 0.4818213 0.1344136
vt 0.4032439 0.05850378
vt 0.4083612 0.07071611
vt 0.4196961 0.04758874
vt 0.4284756 0.05324032
vt 0.4187456 0.07781196
vt 0.4181666 0.1006766
vt 0.4215105 0.09114562
vt 0.4294624 0.09076151
vt 0.4325013 0.07073382
vt 0.4505388 0.05879924
vt 0.4478123 0.05109375
vt 0.4633494 0.01719108
vt 0.4633908 0.06322332
vt 0.4587282 0.06113256
vt 0.4371429 0.1053753
vt 0.4448507 0.07792771
vt 0.4496821 0.08027834
vt 0.4438961 0.09704188
vt 0.4770368 0.08591613
vt 0.471962 0.07752697
vt 0.4840897 0.07181793
vt 0.4792706 0.06246814
vt 0.4937715 0.02785941
vt 0.4931968 0.07240191
vt 0.4888363 0.07354255
vt 0.4708428 0.109805
vt 0.487482 0.08282756
vt 0.4919335 0.08807961
vt 0.4778747 0.1052069
vt 0.4838068 0.1074516
vt 0.4816393 0.102068
vt 0.5018851 0.09419504
vt 0.491465 0.1010932
vt 0.4992794 0.08708744
vt 0.4894697 0.09484746
vt 0.515152 0.0762715
vt 0.5182974 0.06928489
vt 0.5097487 0.1036551
vt 0.5073255 0.0984931
vt 0.4947435 0.1089741
vt 0.4936198 0.1153503
vt 0.3965095 0.09926328
vt 0.3996756 0.07350317
vt 0.3358487 0.1286974
vt 0.3371016 0.1234725
vt 0.3481498 0.1230208
vt 0.3371013 0.1188423
vt 0.3506748 0.09841436
vt 0.4090682 0.1186702
vt 0.3963519 0.1211612
vt 0.3971481 0.1580683
vt 0.3793229 0.1281505
vt 0.4110624 0.128456
vt 0.3805072 0.1203237
vt 0.3368548 0.1313661
vt 0.358888 0.1243635
vt 0.4501092 0.1188608
vt 0.4696387 0.1172887
vt 0.4550479 0.1235606
vt 0.4700799 0.1174468
vt 0.3220722 0.14136
vt 0.3225424 0.1346076
vt 0.4294587 0.1248631
vt 0.4398344 0.1230849
vt 0.4321888 0.1195701
vt 0.3988841 0.06125629
vt 0.3493631 0.09587943
vt 0.3557789 0.1195767
vt 0.3259937 0.1689581
vt 0.3552791 0.1611885
vt 0.4313845 0.1620503
vt 0.4527654 0.161666
vt 0.444181 0.1836129
vt 0.3302665 0.1837093
vt 0.3393018 0.1625708
vt 0.3498332 0.1835837
vt 0.3460098 0.2010235
vt 0.3447825 0.2019956
vt 0.4677768 0.1694274
vt 0.4637203 0.1828901
vt 0.4594251 0.2244104
vt 0.3117274 0.1156383
vt 0.4749576 0.1738359
vt 0.4805778 0.1827644
vt 0.4723007 0.1869981
vt 0.3254772 0.1894741
vt 0.3174063 0.1816186
vt 0.3176954 0.174729
vt 0.2901145 0.09820894
vt 0.3015243 0.1067575
vt 0.3124258 0.07901096
vt 0.3003374 0.06703633
vt 0.3395915 0.05671605
vt 0.3301727 0.01424235
vt 0.3301507 0.06349173
vt 0.3717313 0.0416016
vt 0.3610063 0.05461848
vt 0.4330021 0.05679518
vt 0.4171318 0.04516363
vt 0.4637887 0.06340837
vt 0.4636832 0.01597202
vt 0.4508994 0.05362892
vt 0.4934583 0.06673381
vt 0.4945423 0.02689385
vt 0.48712 0.06293297
vt 0.5097391 0.1024063
vt 0.5183949 0.06914505
vt 0.5070076 0.09119564
vt 0.3018273 0.08882296
vt 0.3278128 0.09069625
vt 0.3454547 0.07968149
vt 0.3558765 0.07453161
vt 0.3718617 0.07584777
vt 0.3740006 0.09331149
vt 0.4215875 0.07861823
vt 0.4255831 0.1012269
vt 0.4513265 0.07729226
vt 0.4365716 0.07318175
vt 0.4401433 0.1013357
vt 0.4911014 0.08956873
vt 0.4804134 0.08438811
vt 0.4719308 0.1073658
vt 0.4923686 0.1160896
vt 0.4962275 0.1009347
vt 0.3256575 0.1161543
vt 0.3236927 0.1094491
vt 0.3091654 0.1057792
vt 0.3875688 0.1907104
vt 0.39774 0.1843804
vt 0.3699003 0.1857937
vt 0.4238166 0.1862942
vt 0.4116182 0.1901516
vt 0.4805644 0.1084354
vt 0.4644058 0.1144956
vt 0.312904 0.1360126
vt 0.3023519 0.1482694
vt 0.3878083 0.06379357
vt 0.3978947 0.03676912
vt 0.3930213 0.04943448
vt 0.4033616 0.04844505
vt 0.4058042 0.05726326
vt 0.3574719 0.1046035
vt 0.4809793 0.1338226
vt 0.2913585 0.1533553
vt 0.3365622 0.2216275
vt 0.31844 0.2210195
vt 0.4493109 0.1997786
vt 0.3413284 0.1982191
vt 0.5025878 0.1511331
vt 0.4893854 0.1447424
vt 0.4742102 0.2225893
vt 0.4644418 0.2284467
vt 0.823076 0.09628097
vt 0.7965479 0.09531341
vt 0.8411649 0.0137696
vt 0.8090477 0.01523937
vt 0.8272413 0.1973483
vt 0.8003692 0.2290692
vt 0.8139034 0.1994723
vt 0.8139629 0.2274928
vt 0.8482789 0.09383554
vt 0.8569761 0.01463723
vt 0.9391528 0.1151541
vt 0.9002239 0.1152943
vt 0.9557277 0.005336067
vt 0.906351 0.006746244
vt 0.9130189 0.1670555
vt 0.8975423 0.17276
vt 0.7988982 0.2008382
vt 0.8431981 0.1441638
vt 0.8211296 0.1436718
vt 0.9270627 0.1349854
vt 0.8998637 0.1319173
vt 0.8020123 0.133321
vt 0.8977761 0.1990867
vt 0.8907987 0.1992224
vt 0.7718803 0.09879246
vt 0.7561213 0.008853833
vt 0.780936 0.1986599
vt 0.7760553 0.1321229
vt 0.8977603 0.2034235
vt 0.9235365 0.1910217
vt 0.8894075 0.2057502
vt 0.9949235 0.04509234
vt 0.9279832 0.09224433
vt 0.9613436 0.01004988
vt 0.9532318 0.114513
vt 0.905784 0.07794023
vt 0.8708823 0.08702803
vt 0.8998924 0.007358909
vt 0.8634709 0.01024294
vt 0.8751359 0.1750383
vt 0.8963762 0.1723919
vt 0.9394281 0.139032
vt 0.9008948 0.177402
vt 0.9031026 0.109854
vt 0.868359 0.1108454
vt 0.9208732 0.1208259
vt 0.8977603 0.2034235
vt 0.9235365 0.1910217
vt 0.8894075 0.2057502
vt 0.9949235 0.04509234
vt 0.9279832 0.09224433
vt 0.9613436 0.01004988
vt 0.9532318 0.114513
vt 0.905784 0.07794023
vt 0.8708823 0.08702803
vt 0.8998924 0.007358909
vt 0.8634709 0.01024294
vt 0.8751359 0.1750383
vt 0.8963762 0.1723919
vt 0.9394281 0.139032
vt 0.9008948 0.177402
vt 0.9031026 0.109854
vt 0.868359 0.1108454
vt 0.9208732 0.1208259
vt 0.823076 0.09628097
vt 0.7965479 0.09531341
vt 0.8411649 0.0137696
vt 0.8090477 0.01523937
vt 0.8272413 0.1973483
vt 0.8003692 0.2290692
vt 0.8139034 0.1994723
vt 0.8139629 0.2274928
vt 0.8482789 0.09383554
vt 0.8569761 0.01463723
vt 0.9391528 0.1151541
vt 0.9002239 0.1152943
vt 0.9557277 0.005336067
vt 0.906351 0.006746244
vt 0.9130189 0.1670555
vt 0.8975423 0.17276
vt 0.7988982 0.2008382
vt 0.8431981 0.1441638
vt 0.8211296 0.1436718
vt 0.9270627 0.1349854
vt 0.8998637 0.1319173
vt 0.8020123 0.133321
vt 0.8977761 0.1990867
vt 0.8907987 0.1992224
vt 0.7561213 0.008853833
vt 0.7718803 0.09879246
vt 0.780936 0.1986599
vt 0.7760553 0.1321229
vt 0 0
vt 1 0
vt 0 1
vt 1 1
vt 0 1
vt 1 1
vt 0 1
vt 1 1
vt 0 0
vt 1 0
vt 0 0
vt 1 0
vt 0 0
vt 1 1
vt 1 0
vt 0 1
vt 0 0
vt 1 1
vt 1 0
vt 0 1
vt 0 0
vt 1 1
vt 1 0
vt 0 1
vt 0 0
vt 1 0
vt 0 1
vt 1 1
vt 0 1
vt 1 1
vt 0 1
vt 1 1
vt 0 0
vt 1 0
vt 0 0
vt 1 0
vt 0 0
vt 1 1
vt 1 0
vt 0 1
vt 0 0
vt 1 1
vt 1 0
vt 0 1
vt 0 0
vt 1 1
vt 1 0
vt 0 1
vt 0 0
vt 1 0
vt 0 1
vt 1 1
vt 0 1
vt 1 1
vt 0 1
vt 1 1
vt 0 0
vt 1 0
vt 0 0
vt 1 0
vt 0 0
vt 1 1
vt 1 0
vt 0 1
vt 0 0
vt 1 1
vt 1 0
vt 0 1
vt 0 0
vt 1 1
vt 1 0
vt 0 1
vt 0.4826207 0.6503082
vt 0.99963 0.6503082
vt 0.4826207 0.7845258
vt 0.99963 0.7845258
vt 0.4826207 0.6503082
vt 0.99963 0.6503082
vt 0.4826207 0.7845258
vt 0.99963 0.7845258
vt 0.2729566 0.2629168
vt 0.5275803 0.2629168
vt 0.2729566 0.4494739
vt 0.5275803 0.4494739
vt 0.2454126 0.8603768
vt 0.2804713 0.8603075
vt 0.2806321 0.9997197
vt 0.2448331 0.9997206
vt 0.2386663 0.860255
vt 0.2384592 0.999719
vt 0.2806173 0.860255
vt 0.2803335 0.999719
vt 0.3254011 0.860255
vt 0.3254011 0.999719
vt 0.1411807 0.5659199
vt 0.1538154 0.5769
vt 0.1914221 0.5684274
vt 0.2414529 0.4047532
vt 0.172161 0.4859389
vt 0.1798531 0.3706597
vt 0.3387005 0.860255
vt 0.3378828 0.999719
vt 0.3497928 0.860255
vt 0.3503654 0.999719
vt 0.3886264 0.860255
vt 0.3886264 0.999719
vt 0.2442331 0.860255
vt 0.2442331 0.999719
vt 0.09752984 0.5881523
vt 0.3632485 0.860255
vt 0.3632485 0.999719
vt 0.01497648 0.3777853
vt 0.02551058 0.4627326
vt 0.02249187 0.3117425
vt 0.07339718 0.2948076
vt 0.03151734 0.5557293
vt 0.03587489 0.4714615
vt 0.02229925 0.4873427
vt 0.1200514 0.3276124
vt 0.1593312 0.3069274
vt 0.235504 0.342811
vt 0.3994354 0.9997875
vt 0.431077 0.8600851
vt 0.431077 0.9997875
vt 0.3994354 0.8600851
vt 0.2384592 0.999719
vt 0.2386663 0.860255
vt 0.2804713 0.8603075
vt 0.2806321 0.9997197
vt 0.3254011 0.860255
vt 0.3254011 0.999719
vt 0.2803335 0.999719
vt 0.2806173 0.860255
vt 0.3632485 0.860255
vt 0.3632485 0.999719
vt 0.5173557 0.7944585
vt 0.9865404 0.7944585
vt 0.5168272 0.7944585
vt 0.5173557 0.9992059
vt 0.9865404 0.9992059
vt 0.5168272 0.9992059
vt 0.2454126 0.8603768
vt 0.2804713 0.8603075
vt 0.2806321 0.9997197
vt 0.2448331 0.9997206
vt 0.2386663 0.860255
vt 0.2384592 0.999719
vt 0.2806173 0.860255
vt 0.2803335 0.999719
vt 0.3254011 0.860255
vt 0.3254011 0.999719
vt 0.1411807 0.5659199
vt 0.1538154 0.5769
vt 0.1914221 0.5684274
vt 0.2414529 0.4047532
vt 0.172161 0.4859389
vt 0.1798531 0.3706597
vt 0.3387005 0.860255
vt 0.3378828 0.999719
vt 0.3497928 0.860255
vt 0.3503654 0.999719
vt 0.3886264 0.860255
vt 0.3886264 0.999719
vt 0.2442331 0.860255
vt 0.2442331 0.999719
vt 0.09752984 0.5881523
vt 0.3632485 0.860255
vt 0.3632485 0.999719
vt 0.01497648 0.3777853
vt 0.02249187 0.3117425
vt 0.02551058 0.4627326
vt 0.07339718 0.2948076
vt 0.03151734 0.5557293
vt 0.02229925 0.4873427
vt 0.03587489 0.4714615
vt 0.1200514 0.3276124
vt 0.1593312 0.3069274
vt 0.235504 0.342811
vt 0.3994354 0.9997875
vt 0.431077 0.8600851
vt 0.3994354 0.8600851
vt 0.431077 0.9997875
vt 0.2386663 0.860255
vt 0.2384592 0.999719
vt 0.2804713 0.8603075
vt 0.2806321 0.9997197
vt 0.3254011 0.860255
vt 0.3254011 0.999719
vt 0.2806173 0.860255
vt 0.2803335 0.999719
vt 0.3632485 0.860255
vt 0.3632485 0.999719
vt 0.2188105 0.9996342
vt 0.218811 0.9996364
vt 0.5047453 0.9996364
vt 0.5047446 0.9996343
vt 0.2188111 0.7929349
vt 0.5047452 0.7929349
vt 0.5047446 0.7929292
vt 0.2188105 0.7929292
vn 0.4042128 0.7766613 0.4831243
vn 0.8596334 0.3958821 0.322967
vn 0.5825882 0.746793 0.3207667
vn 0.3187305 0.9045041 0.2833431
vn 0.1421358 0.9551078 0.2599354
vn 0 0.9674562 0.2530386
vn -0.1421005 0.9550312 0.2602362
vn -0.3186301 0.9043474 0.2839552
vn -0.5823377 0.7465808 0.3217141
vn -0.859278 0.3956833 0.3241543
vn -0.4038126 0.7766815 0.4834266
vn 0.3710166 0.8246188 0.4270253
vn 0.8239604 0.4982755 0.2698345
vn 0.5269866 0.8053751 0.2713966
vn 0.2882251 0.9278733 0.2365954
vn 0.1296599 0.9684889 0.2126442
vn 0 0.97882 0.2047232
vn -0.1296583 0.9684363 0.2128846
vn -0.2881767 0.9277659 0.2370751
vn -0.5268394 0.8052232 0.2721321
vn -0.8237399 0.4981112 0.2708093
vn -0.3707262 0.8246472 0.4272224
vn 0.2910313 0.8990756 0.3270531
vn 0.7383233 0.6500075 0.1799134
vn 0.4215171 0.8890284 0.1787509
vn 0.2301932 0.9625766 0.1430294
vn 0.1041955 0.9877346 0.1162914
vn -1.965191E-05 0.9942876 0.1067339
vn -0.1042281 0.9877154 0.1164248
vn -0.2302056 0.9625372 0.1432741
vn -0.4214949 0.8889706 0.1790904
vn -0.738273 0.6499321 0.1803918
vn -0.2909095 0.8991255 0.3270244
vn 0.1697412 0.9519063 0.2550731
vn 0.6463305 0.7546057 0.1132571
vn 0.3283504 0.9385253 0.1065662
vn 0.1760192 0.9819241 0.06958729
vn 0.07886738 0.9959841 0.04237327
vn 0 0.9994632 0.03276218
vn -0.07888447 0.9959809 0.04241768
vn -0.1760309 0.9819168 0.06966028
vn -0.3283531 0.9385151 0.1066475
vn -0.6463255 0.7545941 0.1133618
vn -0.1697074 0.9519345 0.2549903
vn -0.02534119 0.9700935 0.241405
vn 0.5150481 0.8519815 0.09409073
vn 0.2310837 0.9695811 0.08070229
vn 0.1208451 0.9916955 0.04400517
vn 0.05376131 0.9983981 0.01763503
vn 0 0.9999655 0.008307312
vn -0.05376169 0.9983981 0.01763555
vn -0.1208453 0.9916955 0.04400592
vn -0.231084 0.969581 0.08070277
vn -0.5150481 0.8519814 0.09409103
vn 0.02534621 0.9700943 0.2414016
vn -0.3234717 0.9097217 0.2603317
vn 0.3044478 0.9444988 0.1234239
vn 0.1215655 0.9885678 0.08919376
vn 0.06249929 0.9969031 0.04772889
vn 0.0276704 0.9994216 0.01977145
vn 0 0.9999498 0.01003251
vn -0.02767042 0.9994216 0.01977146
vn -0.0624993 0.9969031 0.0477289
vn -0.1215656 0.9885678 0.08919375
vn -0.3044477 0.9444989 0.123424
vn 0.3234726 0.9097213 0.2603318
vn -0.4847629 0.8350505 0.2601839
vn 0.1727372 0.9753599 0.1372402
vn 0.0632351 0.9936295 0.09328365
vn 0.0322251 0.9982276 0.05003256
vn 0.01423391 0.9996666 0.02154068
vn 0 0.9999319 0.01167351
vn -0.01423392 0.9996666 0.02154069
vn -0.03222511 0.9982276 0.05003256
vn -0.06323517 0.9936295 0.09328362
vn -0.172737 0.9753599 0.1372403
vn 0.4847642 0.8350496 0.2601842
vn -0.8288745 0.557554 0.04583298
vn -0.8349936 0.537322 0.1186201
vn 0.8288316 0.5577131 0.04465833
vn 0.8350462 0.5374834 0.117514
vn -0.8492038 0.4968238 0.1789386
vn 0.8493006 0.4969353 0.178168
vn -0.8781459 0.4391986 0.189643
vn 0.8781847 0.4392326 0.1893842
vn -0.918307 0.3349231 0.2110422
vn 0.9183096 0.3349202 0.2110354
vn -0.9590374 0.1814562 0.2175336
vn 0.9590375 0.1814553 0.2175337
vn -0.9710875 0.09286229 0.2199221
vn 0.9710876 0.09286088 0.2199222
vn -0.9581288 0.01809462 -0.2857652
vn -0.9865574 0.009354688 -0.163147
vn 0.9577959 0.0181276 -0.286877
vn 0.9863735 0.009378075 -0.1642538
vn -0.999976 0.0002936815 -0.006925121
vn 0.9999704 0.0002986489 -0.007692384
vn -0.997163 0.001667426 0.07525378
vn 0.9971806 0.00166573 0.07502089
vn -0.9887977 0.005663464 0.1491542
vn 0.9887987 0.005663308 0.1491481
vn -0.979483 0.002166335 0.2015153
vn 0.9794829 0.002166327 0.2015157
vn -0.9728825 -0.003812516 0.2312686
vn 0.9728823 -0.003812532 0.2312691
vn 0 1 0
vn 0 1 0
vn 0 1 0
vn 0 1 0
vn -0.8922215 -0.4200282 0.1658828
vn -0.6249904 -0.7509561 0.2131947
vn -0.1739456 -0.9520891 0.2515339
vn 0.342863 -0.9034417 0.2573676
vn 0.7320595 -0.6404296 0.2322471
vn 0.9352686 -0.2938725 0.1972603
vn 0.9839653 0.06849269 0.1646847
vn 0.891885 0.4309959 0.1370538
vn 0.6311161 0.7673135 0.1136765
vn 0.1804261 0.9790551 0.09432667
vn -0.3452628 0.9348829 0.08238652
vn -0.7416986 0.6655489 0.08323482
vn -0.9453881 0.3108021 0.09820082
vn -0.9903953 -0.05670904 0.1261005
vn -0.6136673 -0.783059 0.1011486
vn -0.1503065 -0.9831907 0.1036537
vn 0.3740157 -0.9220744 0.09945352
vn 0.7603908 -0.6429911 0.09147929
vn 0.9551437 -0.2832121 0.08655249
vn 0.9920944 0.08958308 0.08788332
vn 0.883401 0.4586882 0.0959568
vn 0.6014688 0.7914417 0.108882
vn 0.137647 0.9832094 0.1198025
vn -0.378449 0.9177991 0.1200881
vn -0.7578639 0.6428116 0.1115154
vn -0.9518021 0.2891201 0.1023837
vn -0.9920897 -0.07928037 0.09732756
vn -0.88928 -0.446876 0.09738006
vn -0.1123441 -0.9915079 -0.06550412
vn 0.4063687 -0.9113982 -0.06494416
vn 0.7786046 -0.6242398 -0.06402891
vn 0.9621771 -0.2643617 -0.0657891
vn 0.9917026 0.1067504 -0.07162578
vn 0.8764787 0.4744782 -0.08158206
vn 0.5860016 0.8048788 -0.09366003
vn 0.1123445 0.9884798 -0.1014219
vn -0.4063687 0.9084432 -0.09795651
vn -0.7786048 0.6215066 -0.086627
vn -0.9621769 0.2618022 -0.07533398
vn -0.9917026 -0.1092781 -0.06770709
vn -0.8764786 -0.477125 -0.06431972
vn -0.5860015 -0.8077462 -0.06440643
vn 0.4967207 -0.867903 -0.003596478
vn 0.8310084 -0.556206 -0.007745604
vn 0.9815533 -0.1907201 -0.01338355
vn 0.983201 0.1814139 -0.02012202
vn 0.836481 0.5472937 -0.02773106
vn 0.506806 0.8613521 -0.03493249
vn 0.006325492 0.999248 -0.03825494
vn -0.4967203 0.8672017 -0.03507175
vn -0.8310083 0.5555591 -0.02791322
vn -0.9815533 0.1901091 -0.02029184
vn -0.983201 -0.1820243 -0.01352915
vn -0.8364809 -0.5479397 -0.007863214
vn -0.506806 -0.8620523 -0.003669562
vn -0.006325257 -0.9999781 -0.001988487
vn 0.8705001 -0.492063 0.01016656
vn 0.992306 -0.123762 0.003426754
vn 0.9686731 0.2483173 -0.003310593
vn 0.7920595 0.6103652 -0.009799236
vn 0.4270858 0.9040863 -0.01502236
vn -0.0903971 0.9957667 -0.01664639
vn -0.5714018 0.8205588 -0.01354028
vn -0.8705003 0.492108 -0.007686598
vn -0.9923061 0.1238046 -0.001064122
vn -0.9686731 -0.248274 0.005697709
vn -0.7920595 -0.610319 0.0123443
vn -0.4270854 -0.9040365 0.0177775
vn 0.0903969 -0.9957153 0.01947956
vn 0.5714018 -0.82051 0.01622912
vn 0.9981298 -0.0609233 0.00502579
vn 0.9504728 0.3108031 -0.001636249
vn 0.7444664 0.6676142 -0.007817128
vn 0.3469624 0.9377973 -0.01238127
vn -0.1801968 0.9835428 -0.01314581
vn -0.6358021 0.7717925 -0.009587477
vn -0.9023053 0.4310814 -0.003741553
vn -0.9981298 0.06106566 0.002812851
vn -0.9504728 -0.3106581 0.00963726
vn -0.7444664 -0.6674585 0.01640146
vn -0.3469625 -0.9376293 0.02163948
vn 0.1801969 -0.9833724 0.0225346
vn 0.635802 -0.7716326 0.01841062
vn 0.9023054 -0.4309331 0.01189561
vn 0.9272677 0.3743707 0.0046031
vn 0.6899849 0.7238235 -0.0005477082
vn 0.2608192 0.9653797 -0.003927718
vn -0.2694448 0.9630074 -0.004035952
vn -0.695599 0.7184297 -0.0008372468
vn -0.9297583 0.3681462 0.004209439
vn -0.9999439 -0.002971512 0.01017385
vn -0.9272788 -0.3739941 0.0168107
vn -0.6899939 -0.723429 0.0236412
vn -0.2608158 -0.9649624 0.02868249
vn 0.2694607 -0.9625815 0.0287727
vn 0.695613 -0.7180191 0.02389768
vn 0.9297621 -0.3677597 0.01718312
vn 0.9999383 0.003344566 0.01059298
vn 0.6302806 0.7763594 0.003551669
vn 0.1723527 0.9850345 0.001283619
vn -0.3541275 0.9351956 0.001732466
vn -0.7487797 0.6628025 0.00466334
vn -0.9521546 0.305482 0.009081882
vn -0.9976965 -0.06627486 0.01447266
vn -0.8996379 -0.4361468 0.02067962
vn -0.6303188 -0.775865 0.0270537
vn -0.1723636 -0.9845373 0.03125789
vn 0.3541578 -0.9346942 0.03031601
vn 0.7488173 -0.6623033 0.02504048
vn 0.9521725 -0.3049931 0.0186177
vn 0.9976885 0.06675825 0.01268869
vn 0.8996069 0.4366345 0.007598044
vn 0.08374065 0.996487 0.00110506
vn -0.4327005 0.9015352 0.002137117
vn -0.7952229 0.6062928 0.005447808
vn -0.9697363 0.243947 0.01006562
vn -0.9916345 -0.128133 0.01558144
vn -0.8679016 -0.4962562 0.02183233
vn -0.5664126 -0.8236472 0.02796419
vn -0.08375109 -0.9959937 0.03134157
vn 0.4327314 -0.901044 0.02938435
vn 0.7952611 -0.605805 0.02366281
vn 0.9697561 -0.2434658 0.01725287
vn 0.9916282 0.1286145 0.01147792
vn 0.8678711 0.4967459 0.006588733
vn 0.5663735 0.8241438 0.002853553
vn -0.5065395 0.8622118 0.002905345
vn -0.836351 0.5481542 0.006621734
vn -0.9831871 0.1822312 0.01160895
vn -0.9816409 -0.1899309 0.01753181
vn -0.8312085 -0.5554348 0.02418211
vn -0.497038 -0.8671958 0.03040962
vn 0.005976241 -0.9994322 0.03316035
vn 0.5065674 -0.8616699 0.03023989
vn 0.8363804 -0.5476265 0.02394043
vn 0.9831991 -0.1817166 0.01728365
vn 0.9816316 0.1904465 0.01138038
vn 0.8311809 0.5559647 0.006432324
vn 0.4970089 0.867741 0.002789197
vn -0.005977983 0.9999812 0.001392949
vn -0.8772671 0.4753602 0.06659766
vn -0.9897121 0.1089364 0.092751
vn -0.9581473 -0.2591176 0.1217033
vn -0.774227 -0.6144177 0.1518668
vn -0.4047936 -0.8974313 0.1753831
vn 0.1095275 -0.9781703 0.1765974
vn 0.5822299 -0.7989062 0.1508554
vn 0.8745258 -0.4713589 0.1141293
vn 0.9913228 -0.1042997 0.08000422
vn 0.9622036 0.2672118 0.0525565
vn 0.7777231 0.6277439 0.03292822
vn 0.4033437 0.9147454 0.02355222
vn -0.1170356 0.9927422 0.0276667
vn -0.5895908 0.8065105 0.04385696
vn -0.9782549 0.0268711 0.2056587
vn -0.903713 -0.3276597 0.2755755
vn -0.6751094 -0.6514836 0.346116
vn -0.2776107 -0.8750736 0.3964573
vn 0.2159273 -0.8926135 0.3957481
vn 0.6374874 -0.6906408 0.3415041
vn 0.89053 -0.369917 0.2647976
vn 0.9816858 -0.01177779 0.1901425
vn 0.9262696 0.3551084 0.1261847
vn 0.7040418 0.7059903 0.07682987
vn 0.2869962 0.9566389 0.04975056
vn -0.24096 0.9689843 0.05484218
vn -0.6726019 0.7345132 0.08998379
vn -0.9097621 0.3897872 0.1428251
vn -0.9396993 -0.1951125 0.280885
vn -0.7639458 -0.5276644 0.3714257
vn -0.4273635 -0.7854182 0.4477485
vn 0.03252862 -0.8785836 0.4764796
vn 0.4818623 -0.7580957 0.439431
vn 0.7968904 -0.485559 0.3594413
vn 0.9518147 -0.1476813 0.2687733
vn 0.9596977 0.2127801 0.1835893
vn 0.8111032 0.5744845 0.109906
vn 0.4708106 0.8804823 0.05557294
vn -0.03639627 0.9986805 0.03622985
vn -0.5285707 0.8466759 0.06126186
vn -0.8415573 0.5269032 0.118973
vn -0.9671741 0.1635157 0.1945171
vn -0.8610309 -0.4784109 0.172478
vn -0.5621312 -0.7981638 0.2166634
vn -0.08662007 -0.9649945 0.247553
vn 0.4214611 -0.8730467 0.2452753
vn 0.7801458 -0.5866472 0.2172965
vn 0.9548471 -0.2333968 0.1838286
vn 0.9793518 0.1305237 0.1543811
vn 0.8611197 0.4914528 0.1301803
vn 0.5689982 0.8149456 0.1100218
vn 0.09566187 0.9910085 0.09354643
vn -0.4193503 0.9038984 0.08433879
vn -0.785176 0.6130489 0.08757789
vn -0.9618288 0.2530123 0.1042608
vn -0.9843172 -0.1158075 0.1330728
vn -0.9942752 -0.1067245 0.005166509
vn -0.8788235 -0.4677441 0.09425808
vn -0.5867604 -0.7897709 0.178813
vn -0.1121779 -0.966269 0.2318196
vn 0.4060754 -0.8863848 0.2223168
vn 0.7785348 -0.6068249 0.1601464
vn 0.9633984 -0.2568732 0.07667968
vn 0.9944614 0.104418 -0.01197976
vn 0.8806919 0.4628389 -0.1008067
vn 0.5921034 0.7852475 -0.1811079
vn 0.1149086 0.9682155 -0.2221592
vn -0.4024054 0.8921717 -0.2051818
vn -0.7722566 0.6161771 -0.1547439
vn -0.9618725 0.2611654 -0.08120415
vn -0.9355421 0.3168993 -0.1559996
vn -0.9998569 -0.004447249 0.01631636
vn -0.9246274 -0.3220767 0.2033
vn -0.6806539 -0.6176963 0.3939053
vn -0.2355118 -0.8084472 0.5393952
vn 0.304871 -0.7716345 0.5582417
vn 0.7195498 -0.5291299 0.4497439
vn 0.9338503 -0.210994 0.2887994
vn 0.9860988 0.1158527 0.1191097
vn 0.8976759 0.4377986 -0.05010328
vn 0.6397392 0.7398103 -0.2083614
vn 0.204269 0.9178104 -0.3404385
vn -0.2990398 0.867433 -0.3976622
vn -0.7106484 0.6289279 -0.3153229
vn -0.5229795 0.4288177 -0.7366192
vn -0.8514479 0.2379255 -0.4673626
vn -0.9864085 0.06641007 -0.1502928
vn -0.9805309 -0.1007975 0.1685202
vn -0.8341838 -0.25896 0.4869056
vn -0.5111688 -0.3777171 0.7720339
vn -0.02379287 -0.3955676 0.9181286
vn 0.4638746 -0.2816938 0.839922
vn 0.7894281 -0.09286297 0.6067781
vn 0.9407954 0.1099874 0.3206352
vn 0.9510791 0.3084885 0.01683856
vn 0.8196967 0.4799347 -0.312666
vn 0.5076622 0.5840132 -0.6334095
vn 0.005225205 0.5772145 -0.8165758
vn -0.5229795 0.4288177 -0.7366192
vn -0.8922215 -0.4200282 0.1658828
vn -0.1123441 -0.9915079 -0.06550412
vn -0.6136673 -0.783059 0.1011486
vn 0.4967207 -0.867903 -0.003596478
vn 0.8705001 -0.492063 0.01016656
vn 0.9981298 -0.0609233 0.00502579
vn 0.9272677 0.3743707 0.0046031
vn 0.6302806 0.7763594 0.003551669
vn 0.08374065 0.996487 0.00110506
vn -0.5065395 0.8622118 0.002905345
vn -0.8772671 0.4753602 0.06659766
vn -0.9782549 0.0268711 0.2056587
vn -0.9396993 -0.1951125 0.280885
vn -0.8610309 -0.4784109 0.172478
vn -0.9942752 -0.1067245 0.005166509
vn -0.9355421 0.3168993 -0.1559996
vn 0.01063297 0.9056112 0.4239757
vn 0.560173 -0.1346165 0.8173645
vn -0.01368405 0.9052647 0.4246277
vn -0.555953 -0.1444021 0.8185746
vn 0.2155111 0.6946822 0.6862737
vn 0.0007629597 0.03190728 0.9994906
vn -0.2155324 0.6966648 0.6842544
vn 0.3056508 -0.4787078 0.8230531
vn 0.03857191 0.1204719 0.9919671
vn 0.4301257 -0.4130261 0.8027461
vn -0.747811 -0.387834 0.538854
vn -0.8927952 0.4058985 0.195354
vn 0.569778 -0.3427682 0.7469023
vn -0.4783841 0.06876073 0.8754545
vn -0.8628851 -0.1216408 0.4905435
vn -0.7443578 0.3932768 0.5396897
vn -0.8105891 0.5283873 0.2524919
vn -0.5448483 -0.5230596 0.6553999
vn 0.09614398 -0.1974892 0.975579
vn 0.4820991 -0.4027077 0.778079
vn -0.6382366 0.7186562 0.2760204
vn -0.4584002 0.446835 0.7682499
vn 0.09860402 -0.09172477 0.9908904
vn -0.409509 0.7186356 0.5620189
vn 0.4129141 -0.4598912 0.7861311
vn 0.0001017548 -0.1352252 0.9908149
vn 0.0001130244 -0.7825776 0.6225531
vn -0.3102649 -0.4582675 0.8329026
vn -0.04772231 0.1513119 0.9873334
vn -0.4490765 -0.3490589 0.822489
vn 0.7634698 -0.3411469 0.548391
vn 0.6862966 0.6568887 0.3122405
vn -0.7934573 -0.2759117 0.5424926
vn -0.0335324 0.04578226 0.9983885
vn 0.8668447 -0.1130681 0.4855883
vn 0.7443575 0.393277 0.5396898
vn 0.8105881 0.5283887 0.252492
vn 0.5445483 -0.5224139 0.6561638
vn -0.0961457 -0.197488 0.9755791
vn -0.4821007 -0.4027067 0.7780786
vn 0.6382369 0.718656 0.2760205
vn 0.4584 0.4468348 0.76825
vn -0.09860431 -0.09172462 0.9908904
vn 0.4095093 0.7186354 0.562019
vn -0.4129136 -0.4598916 0.7861311
vn -0.0001025383 -0.135225 0.9908149
vn 0 -6.049385E-05 1
vn 0.03857191 0.1204719 0.9919671
vn -0.747811 -0.387834 0.538854
vn -0.555953 -0.1444021 0.8185746
vn 0.03857191 0.1204719 0.9919671
vn 0.3056508 -0.4787078 0.8230531
vn -0.01368405 0.9052647 0.4246277
vn -0.555953 -0.1444021 0.8185746
vn 0.0007629597 0.03190728 0.9994906
vn -0.2155324 0.6966648 0.6842544
vn -0.04772231 0.1513119 0.9873334
vn 0.560173 -0.1346165 0.8173645
vn 0.7634698 -0.3411469 0.548391
vn -0.04772231 0.1513119 0.9873334
vn -0.3102649 -0.4582675 0.8329026
vn 0.01063297 0.9056112 0.4239757
vn 0.560173 -0.1346165 0.8173645
vn -0.5448483 -0.5230596 0.6553999
vn 0.0001130244 -0.7825776 0.6225531
vn -0.8628851 -0.1216408 0.4905435
vn 0.8668447 -0.1130681 0.4855883
vn 0.5445483 -0.5224139 0.6561638
vn -0.9439357 0.2692031 -0.1910894
vn 0.8084639 -0.4799325 0.3406626
vn -0.2896205 -0.3357466 0.8963227
vn 0.9153795 0.3834239 0.1227462
vn 0.7675055 0.2825837 0.5753971
vn 0.7680727 0.1860831 0.6127295
vn -0.864061 0.2629724 0.4292368
vn -0.9277504 0.3732004 0.0008418144
vn -0.8722106 0.1766781 0.4561068
vn -0.3124301 0.03267353 0.9493787
vn -0.4971283 0.7917677 0.354919
vn -0.4648312 0.1720522 0.8685217
vn -0.7504072 0.543381 0.3763325
vn 0.5885462 -0.4527506 0.6697988
vn 0.6811352 -0.3556411 0.63998
vn 0.5195996 -0.6156789 0.5924153
vn 0.5293093 -0.3697067 0.7636417
vn -0.9183984 0.2680888 0.2909861
vn 0.4021667 0.792528 0.4584337
vn 0.9094059 0.1568668 -0.3851933
vn -0.5616221 0.691146 0.4548604
vn 0.862915 0.3396661 0.3741721
vn -0.8747515 0.1100216 -0.4719164
vn -0.7777542 -0.5125687 0.3638294
vn 0.9876808 0.1275997 -0.09058145
vn 0.1819352 -0.4999108 0.8467519
vn 0.9518616 0.2787436 0.1275207
vn -0.3194949 -0.910331 0.2630979
vn 0.9484492 -0.274875 0.1577592
vn 0 -0.8154464 0.5788326
vn 0.9953472 -0.002187338 0.09632901
vn 0.8103144 -0.2708628 0.5196383
vn 0.5815879 -0.8133408 -0.01524376
vn 0.9401462 -0.1075644 -0.3233497
vn 0.9371837 0.1333824 -0.322329
vn 0.8499836 0.4382535 -0.2923385
vn 0.4852421 0.8583053 -0.1668898
vn 0.8878085 0.2698985 0.3727612
vn 0.007927786 0.321475 0.9468849
vn -0.7077581 0.6557155 0.2628985
vn 0.3163077 0.7016339 0.6384822
vn 0.05355807 0.9983948 -0.0184238
vn 0.04140075 0.9930102 -0.1105291
vn -0.5683879 0.6538815 0.4993739
vn 0.2728383 0.2912777 0.916906
vn -0.8308532 0.5564892 -0.00164136
vn 0.5731521 0.8194197 0.006935231
vn 0.006452178 0.9411282 0.3379883
vn -0.2750736 0.484438 0.8304543
vn 0.01837607 0.9980224 0.06011294
vn 0.06567641 0.4332532 0.8988761
vn -0.9425542 0.1830762 0.2794185
vn -0.4667228 0.8575848 -0.2161439
vn -0.8144492 0.4409167 -0.3771804
vn -0.8993577 0.1329758 -0.4165012
vn -0.998449 0.002850988 -0.05560095
vn -0.9027485 -0.1013096 -0.4180688
vn -0.8852267 -0.2888617 0.3645993
vn -0.574882 -0.8102944 -0.113726
vn -0.39193 -0.324735 0.8607776
vn 0.283475 -0.6991908 0.656334
vn -0.06109069 -0.6970243 0.7144405
vn -0.6472334 0.5953714 0.4760482
vn -0.5633929 0.01502064 0.8260526
vn -0.8763335 -0.1826631 0.4457284
vn -0.5664296 -0.4435869 0.6945418
vn -0.8285385 0.4246808 0.3649249
vn -0.6547129 0.7388606 0.1594868
vn -0.8762793 0.3588753 -0.3214703
vn -0.8701872 0.3096129 -0.3832939
vn -0.4880025 0.03336041 0.8722045
vn 0.7154198 -0.3771389 0.5881673
vn 0.2036532 0.05372141 0.9775681
vn 0.5386621 -0.3792362 0.7523451
vn 0.2486559 0.4537767 0.8557202
vn -0.5650679 0.6318903 0.5304837
vn -0.8977758 0.3801554 -0.2224425
vn -0.8477771 0.4107707 0.3354719
vn 0.4537575 -0.1430248 0.8795727
vn 0.8422689 -0.4064952 0.3540409
vn 0.3065066 0.2895591 0.9067575
vn -0.2879641 0.5615245 0.7757365
vn -0.09909458 -0.1634357 0.9815646
vn -0.4575529 0.4313067 0.777573
vn -0.9731885 0.2241685 -0.05150552
vn -0.8663274 0.2379232 0.439169
vn -0.984964 0.1408769 -0.09999847
vn -0.1819354 -0.499906 0.8467547
vn 0.7777526 -0.5125673 0.3638348
vn 0.486069 -0.2808393 0.8275664
vn 0.319497 -0.9103285 0.2631039
vn -0.5737634 0.08895944 0.8141755
vn -0.7904552 -0.009409986 0.6124476
vn -0.9484493 -0.2748746 0.1577588
vn 0 -0.3978572 0.9174473
vn -0.822136 -0.519201 0.2335013
vn -0.8754216 -0.4786733 -0.06714813
vn -0.7798688 0.1600733 0.605129
vn -0.9654641 -0.2558114 0.04939383
vn 0.7681666 -0.5398166 0.3442647
vn 0.8386476 -0.5442919 0.02041267
vn 0.7904538 -0.009409697 0.6124494
vn 0.5720432 0.08769909 0.8155216
vn -0.4862532 -0.281116 0.8273643
vn 0.8672612 0.221248 0.4459904
vn 0.4555497 0.4258434 0.7817493
vn 0.2348639 0.5344317 0.8119248
vn 0.1608606 0.213876 0.9635253
vn -0.3837772 0.2333728 0.8934496
vn -0.7323708 -0.3554495 0.5807657
vn -0.4732445 -0.161837 0.8659379
vn -0.7994186 -0.4898984 0.3477492
vn 0.2566071 -0.355259 0.898857
vn 0.9585667 0.2322922 -0.1648945
vn 0.8621442 0.3473064 0.3688979
vn 0.3646913 0.6230906 0.6919237
vn 0.5487013 0.592816 0.5894881
vn 0.929579 0.2647632 -0.2564826
vn 0.5812717 -0.3533052 0.7330066
vn -0.2024007 0.4215605 0.8839235
vn -0.6301937 -0.4922028 0.6004934
vn -0.2894176 0.02713946 0.9568181
vn -0.8202432 -0.4664479 0.3311006
vn 0.5411683 -0.05881335 0.8388551
vn 0.9536091 0.2454877 -0.1742569
vn 0.8695306 0.4487224 0.2063126
vn 0.6698419 0.6983009 0.2523642
vn 0.5585815 0.7665235 0.3169046
vn 0.8059968 0.4671096 -0.3635626
vn 0.9014845 -0.3646983 0.2330685
vn 0.482632 -0.2789494 0.8302131
vn 0.2882814 -0.8007937 0.5249984
vn 0.2052004 0.206441 0.9567
vn 0.1086146 -0.1482162 0.9829724
vn -0.3097022 -0.6211264 0.7199212
vn -0.1439603 -0.7897062 0.5963553
vn 0.8213593 0.01261938 0.5702715
vn 0.8348647 0.06026473 0.5471463
vn 0.7230994 0.477026 -0.4995732
vn 0.7542095 0.6548027 0.04900452
vn 0.430848 0.8992047 -0.07616368
vn 0.1404599 0.7859941 -0.6020667
vn -0.00465871 0.6500673 0.7598624
vn -0.002534932 0.3909044 0.9204278
vn -0.5594022 -0.5724928 0.5994342
vn -0.5478868 -0.1245336 0.8272312
vn -0.3719477 -0.2010817 0.9062125
vn -0.4876868 0.2379155 0.8399749
vn -0.4189687 0.5979028 0.6833575
vn 0.3482834 0.1672474 0.9223487
vn -0.03350401 0.06226834 0.997497
vn 0.04349696 0.224306 0.9735476
vn -0.09088781 -0.3089144 0.9467372
vn 0.1192801 -0.3291643 0.9367087
vn -0.3305936 0.1836497 0.9257325
vn -0.5737373 -0.3245509 0.7519922
vn -0.37438 -0.5381211 0.7551592
vn 0.5051631 0.4139915 0.757246
vn 0.7362337 0.2950454 0.6090224
vn 0.4943071 -0.1385249 0.8581791
vn 0.7805501 0.26934 -0.5640901
vn -0.7774563 -0.3356331 0.531895
vn -0.7186204 -0.3844652 0.5794577
vn 0.4122947 -0.5716943 0.7093509
vn 0.4121325 -0.17434 0.8942888
vn 0.3932289 0.3687806 0.8422422
vn 0 0.3473043 0.9377525
vn -0.5310767 0.1192089 0.8388962
vn -0.3964353 0.3237643 0.8590784
vn -0.6548225 0.2447485 0.7150565
vn -0.3267675 0.2930671 0.8985181
vn 0.3348224 0.3329903 0.8814825
vn 0.4430868 0.3385156 0.8301092
vn 0.4232692 0.1559133 0.8924877
vn -0.6529801 0.07776448 0.7533723
vn -0.6091923 0.3376208 0.7175632
vn -0.6076074 0.08644786 0.7895189
vn -0.08789412 0.5018351 0.860486
vn 0.6762828 0.6572403 0.3326814
vn 0.4944882 0.245148 0.8338968
vn 0.4922655 0.1139966 0.8629481
vn -0.2122719 0.3906134 0.8957465
vn -0.4850573 0.7719339 0.4108984
vn 0.7680727 0.1860831 0.6127295
vn 0.9153795 0.3834239 0.1227462
vn 0.7675055 0.2825837 0.5753971
vn -0.864061 0.2629724 0.4292368
vn -0.9277504 0.3732004 0.0008418144
vn -0.8722106 0.1766781 0.4561068
vn -0.4648312 0.1720522 0.8685217
vn -0.3124301 0.03267353 0.9493787
vn 0.2036532 0.05372141 0.9775681
vn -0.8285385 0.4246808 0.3649249
vn 0.4537575 -0.1430248 0.8795727
vn -0.2896205 -0.3357466 0.8963227
vn -0.8477771 0.4107707 0.3354719
vn 0.486069 -0.2808393 0.8275664
vn -0.8663274 0.2379232 0.439169
vn 0.8672612 0.221248 0.4459904
vn -0.4862532 -0.281116 0.8273643
vn 0.8621442 0.3473064 0.3688979
vn 0.2566071 -0.355259 0.898857
vn -0.4732445 -0.161837 0.8659379
vn 0.8695306 0.4487224 0.2063126
vn 0.5411683 -0.05881335 0.8388551
vn -0.2894176 0.02713946 0.9568181
vn 0.7542095 0.6548027 0.04900452
vn 0.8213593 0.01261938 0.5702715
vn 0.2052004 0.206441 0.9567
vn -0.6547129 0.7388606 0.1594868
vn 0.2486559 0.4537767 0.8557202
vn -0.5650679 0.6318903 0.5304837
vn 0.3065066 0.2895591 0.9067575
vn -0.4575529 0.4313067 0.777573
vn -0.2879641 0.5615245 0.7757365
vn 0.4555497 0.4258434 0.7817493
vn 0.2348639 0.5344317 0.8119248
vn 0.5487013 0.592816 0.5894881
vn -0.3837772 0.2333728 0.8934496
vn 0.3646913 0.6230906 0.6919237
vn 0.5585815 0.7665235 0.3169046
vn -0.2024007 0.4215605 0.8839235
vn 0.6698419 0.6983009 0.2523642
vn 0.430848 0.8992047 -0.07616368
vn 0.1086146 -0.1482162 0.9829724
vn -0.7798688 0.1600733 0.605129
vn -0.6472334 0.5953714 0.4760482
vn -0.5633929 0.01502064 0.8260526
vn 0.006452178 0.9411282 0.3379883
vn 0.2728383 0.2912777 0.916906
vn -0.2750736 0.484438 0.8304543
vn 0.3163077 0.7016339 0.6384822
vn -0.5683879 0.6538815 0.4993739
vn 0.482632 -0.2789494 0.8302131
vn 0.7362337 0.2950454 0.6090224
vn -0.822136 -0.519201 0.2335013
vn -0.8852267 -0.2888617 0.3645993
vn -0.5737634 0.08895944 0.8141755
vn 0 -0.3978572 0.9174473
vn -0.7904552 -0.009409986 0.6124476
vn 0.7904538 -0.009409697 0.6124494
vn 0.5720432 0.08769909 0.8155216
vn -0.4189687 0.5979028 0.6833575
vn 0.7681666 -0.5398166 0.3442647
vn -0.998449 0.002850988 -0.05560095
vn 0.06567641 0.4332532 0.8988761
vn -0.9425542 0.1830762 0.2794185
vn 0.007927786 0.321475 0.9468849
vn -0.08789412 0.5018351 0.860486
vn 0.9953472 -0.002187338 0.09632901
vn 0.8103144 -0.2708628 0.5196383
vn 0.8878085 0.2698985 0.3727612
vn -0.2122719 0.3906134 0.8957465
vn -0.5635389 -0.2284357 0.7938772
vn 0.3983077 0.04388143 0.9162017
vn -0.2691483 -0.1089256 0.9569193
vn 0.3734986 -0.03674548 0.9269027
vn -0.8619091 0.04074113 0.5054235
vn 0.03439641 0.3751592 0.926322
vn -0.5050402 -0.004007839 0.8630866
vn 0.6842247 0.7069198 -0.1791673
vn -0.8861007 -0.2496789 0.3904946
vn -0.8934748 -0.09181388 0.4396282
vn 0.8636677 0.4407793 0.2445237
vn 0.7235646 0.6649404 -0.1852257
vn 0.7332818 0.5574818 0.3892452
vn 0.6148492 0.7830676 -0.09362504
vn 0.9106749 0.4029694 0.09103248
vn 0.7680686 0.5874807 -0.2548276
vn 0.4330848 0.06152622 0.8992509
vn -0.8747773 -0.3069707 0.3748783
vn -0.4866915 -0.1897751 0.8527114
vn 0.8456666 0.5156376 0.1377164
vn 0.8288607 0.4705558 -0.3026007
vn 0.5159513 0.1192742 0.8482735
vn 0.03439641 0.3751592 0.926322
vn 0.6842247 0.7069198 -0.1791673
vn 0.8636677 0.4407793 0.2445237
vn 0.7332818 0.5574818 0.3892452
vn 0.9106749 0.4029694 0.09103248
vn 0.8456666 0.5156376 0.1377164
vn 0.7977367 0.2108856 0.5649279
vn -0.2585608 -0.1307229 0.9571092
vn 0.9386443 0.3405553 -0.05448905
vn -0.1779984 -0.3273037 0.9280027
vn 0.1831507 -0.1241191 0.9752181
vn 0.2817033 -0.1925458 0.9399837
vn -0.1888582 -0.2494447 0.9497947
vn 0.796573 0.279159 0.5362293
vn 0.7615401 0.641362 0.0933359
vn 0.644479 0.5724098 0.5069456
vn 0.6297915 0.7593731 0.1634479
vn 0.8588401 0.5116086 0.02550336
vn 0.7757933 0.3264849 0.5399559
vn -0.1985259 -0.182462 0.9629616
vn 0.1352133 -0.03612258 0.9901578
vn 0.7432674 0.4098004 0.5287886
vn 0.8920142 0.4519944 -0.003417646
vn 0.1948962 -0.006954673 0.9807992
vn -0.7977417 0.2108832 0.5649218
vn 0.258556 -0.130726 0.95711
vn -0.9386437 0.3405574 -0.05448571
vn 0.1780017 -0.3273039 0.9280019
vn -0.1831497 -0.124118 0.9752184
vn -0.2817024 -0.1925464 0.9399839
vn 0.1888636 -0.2494432 0.949794
vn -0.7965719 0.2791591 0.5362309
vn -0.7615402 0.6413618 0.09333621
vn -0.6444776 0.5724109 0.5069461
vn -0.6297901 0.7593743 0.163448
vn -0.8588378 0.5116124 0.02550475
vn -0.7757943 0.3264865 0.5399535
vn 0.1985289 -0.1824615 0.9629611
vn -0.135221 -0.03612657 0.9901567
vn -0.7432642 0.409803 0.5287909
vn -0.892016 0.451991 -0.003418236
vn -0.1948934 -0.00695358 0.9807998
vn 0.56354 -0.2284357 0.7938764
vn -0.3983097 0.04388082 0.9162008
vn 0.2691497 -0.1089274 0.9569187
vn -0.3735087 -0.03674554 0.9268987
vn 0.8619075 0.04074006 0.5054262
vn -0.0343804 0.3751685 0.9263189
vn 0.5050406 -0.004007122 0.8630863
vn -0.6842176 0.7069257 -0.179171
vn 0.8861024 -0.2496768 0.3904923
vn 0.8934755 -0.09181368 0.4396269
vn -0.8636684 0.4407789 0.2445217
vn -0.7235651 0.6649399 -0.1852257
vn -0.7332838 0.55748 0.3892441
vn -0.6148533 0.7830644 -0.09362456
vn -0.9106758 0.402968 0.09102982
vn -0.7680752 0.5874738 -0.2548237
vn -0.4330812 0.06152419 0.8992527
vn 0.8747769 -0.3069705 0.3748794
vn 0.4866925 -0.1897738 0.8527113
vn -0.8456684 0.5156353 0.137714
vn -0.8288587 0.4705583 -0.3026026
vn -0.5159542 0.1192728 0.8482719
vn -0.0343804 0.3751685 0.9263189
vn -0.6842176 0.7069257 -0.179171
vn -0.7332838 0.55748 0.3892441
vn -0.8636684 0.4407789 0.2445217
vn -0.9106758 0.402968 0.09102982
vn -0.8456684 0.5156353 0.137714
vn 0 0 1
vn 0 0 1
vn 0 0 1
vn 0 0 1
vn 0 1 0
vn 0 1 0
vn 0 0 -1
vn 0 0 -1
vn 0 1 0
vn 0 1 0
vn 0 0 -1
vn 0 0 -1
vn 0 -1 0
vn 0 -1 0
vn 0 -1 0
vn 0 -1 0
vn 1 0 0
vn 1 0 0
vn 1 0 0
vn 1 0 0
vn -1 0 0
vn -1 0 0
vn -1 0 0
vn -1 0 0
vn 0 0 1
vn 0 0 1
vn 0 0 1
vn 0 0 1
vn 0 1 0
vn 0 1 0
vn 0 0 -1
vn 0 0 -1
vn 0 1 0
vn 0 1 0
vn 0 0 -1
vn 0 0 -1
vn 0 -1 0
vn 0 -1 0
vn 0 -1 0
vn 0 -1 0
vn 1 0 0
vn 1 0 0
vn 1 0 0
vn 1 0 0
vn -1 0 0
vn -1 0 0
vn -1 0 0
vn -1 0 0
vn 0 0 1
vn 0 0 1
vn 0 0 1
vn 0 0 1
vn 0 1 0
vn 0 1 0
vn 0 0 -1
vn 0 0 -1
vn 0 1 0
vn 0 1 0
vn 0 0 -1
vn 0 0 -1
vn 0 -1 0
vn 0 -1 0
vn 0 -1 0
vn 0 -1 0
vn 1 0 0
vn 1 0 0
vn 1 0 0
vn 1 0 0
vn -1 0 0
vn -1 0 0
vn -1 0 0
vn -1 0 0
vn -0.5114496 -0.0132175 0.8592116
vn -0.5114496 -0.0132175 0.8592116
vn -0.5114496 -0.0132175 0.8592116
vn -0.5114496 -0.0132175 0.8592116
vn 0.3529838 -0.08057644 0.9321534
vn 0.3529838 -0.08057644 0.9321534
vn 0.3529838 -0.08057644 0.9321534
vn 0.3529838 -0.08057644 0.9321534
vn 0 0 1
vn 0 0 1
vn 0 0 1
vn 0 0 1
vn -0.9207245 0.2755474 -0.2762971
vn -0.9995717 0.0292652 -0.0001346726
vn -0.9996464 0.02657215 0.00104314
vn -0.9280477 0.2644513 -0.262284
vn -0.654148 0.5150877 -0.5538728
vn -0.6842912 0.4997321 -0.5310493
vn -0.440193 -0.6069549 0.6616917
vn -0.4445302 -0.6051678 0.6604278
vn -0.7105324 -0.4750914 0.5190683
vn -0.7238229 -0.461811 0.512651
vn 2.27406E-05 0.9659534 0.2587161
vn 7.043119E-10 0.9659533 0.2587165
vn 7.043119E-10 0.9659533 0.2587165
vn 7.043119E-10 0.9659533 0.2587165
vn 7.043119E-10 0.9659533 0.2587165
vn 7.043119E-10 0.9659533 0.2587165
vn 0.3092261 -0.645231 0.6986101
vn 0.3163701 -0.6418446 0.6985309
vn -0.1162624 -0.6689311 0.7341759
vn -0.1352119 -0.6698071 0.7301207
vn 0.7149218 -0.4776556 0.5106192
vn 0.714908 -0.4776595 0.510635
vn -0.9963294 -0.05446802 0.0660378
vn -0.9964372 -0.05327686 0.06537874
vn -0.1192769 0.9508148 0.2858746
vn 0.714908 -0.4776595 0.510635
vn 0.7148941 -0.4776633 0.5106508
vn 7.043119E-10 0.9659533 0.2587165
vn 7.043119E-10 0.9659533 0.2587165
vn 7.043119E-10 0.9659533 0.2587165
vn 0.006536325 0.9721011 0.2344711
vn 0.0431388 0.9860705 0.1606363
vn 0.1616461 0.9780982 0.1311282
vn 0.09038409 0.9910529 0.09820791
vn 2.671147E-05 0.9659535 0.258716
vn 7.043119E-10 0.9659533 0.2587165
vn 7.043119E-10 0.9659533 0.2587165
vn 0.8475847 -0.3598445 0.3900155
vn 0.8475847 -0.3598445 0.3900155
vn 0.8475847 -0.3598445 0.3900155
vn 0.8475847 -0.3598445 0.3900155
vn -0.440193 -0.6069549 0.6616917
vn -0.4358416 -0.6087291 0.6629412
vn -0.7238229 -0.461811 0.512651
vn -0.736775 -0.4484045 0.5060592
vn 0.3020597 -0.6485784 0.6986458
vn 0.3092261 -0.645231 0.6986101
vn -0.9963294 -0.05446802 0.0660378
vn -0.9962196 -0.05565914 0.06669679
vn -0.1352119 -0.6698071 0.7301207
vn -0.1540682 -0.6704299 0.7258007
vn 0 0 1
vn 0 0 1
vn 0 0 1
vn 0 0 1
vn 0 0 1
vn 0 0 1
vn 0.9141343 0.2856578 -0.2876772
vn 0.9995717 0.02926503 -0.0001346297
vn 0.9996464 0.02657202 0.001043162
vn 0.9225612 0.273434 -0.2722402
vn 0.6541498 0.5150876 -0.5538708
vn 0.684122 0.4998228 -0.5311821
vn 0.4401965 -0.6069543 0.6616899
vn 0.4445388 -0.6051657 0.6604241
vn 0.7105321 -0.4750916 0.5190685
vn 0.7237951 -0.4618393 0.5126648
vn 0 0.9659521 0.2587212
vn 0 0.9659521 0.2587211
vn 0 0.9659521 0.2587211
vn 0 0.9659522 0.2587209
vn 0 0.9659521 0.258721
vn 0 0.9659521 0.2587209
vn -0.3092246 -0.6452316 0.6986103
vn -0.3163718 -0.6418442 0.6985306
vn 0.1162576 -0.6689318 0.734176
vn 0.1351886 -0.6698067 0.7301254
vn -0.7149223 -0.4776552 0.5106188
vn -0.7149073 -0.4776597 0.5106356
vn 0.9895293 -0.09435765 0.1092171
vn 0.9896756 -0.09341529 0.108701
vn 0.1079867 0.9528823 0.2834682
vn -0.7149073 -0.4776597 0.5106356
vn -0.7148924 -0.4776641 0.5106523
vn 0 0.9659521 0.2587209
vn 0 0.9659521 0.2587211
vn 0 0.9659521 0.2587211
vn -0.0234262 0.9735382 0.2273207
vn -0.07293876 0.9865608 0.1462117
vn -0.09294122 0.9912683 0.09353663
vn -0.1795733 0.976496 0.119201
vn 0 0.9659521 0.2587211
vn 0 0.9659521 0.258721
vn 0 0.9659522 0.2587208
vn -0.8475847 -0.3598445 0.3900155
vn -0.8475847 -0.3598445 0.3900155
vn -0.8475847 -0.3598445 0.3900155
vn -0.8475847 -0.3598445 0.3900155
vn 0.4358438 -0.6087286 0.6629401
vn 0.4401965 -0.6069543 0.6616899
vn 0.7237951 -0.4618393 0.5126648
vn 0.7367739 -0.4484057 0.5060599
vn -0.3020581 -0.6485787 0.6986463
vn -0.3092246 -0.6452316 0.6986103
vn 0.9893819 -0.0952999 0.1097331
vn 0.9895293 -0.09435765 0.1092171
vn 0.1351886 -0.6698067 0.7301254
vn 0.1540688 -0.67043 0.7258006
vn -1 0 0
vn 1 0 0
vn 1 0 0
vn -1 0 0
vn 1 0 0
vn 1 0 0
vn -1 0 0
vn -1 0 0
g Combined Mesh (root: scene)_0
f 79/79/79 92/92/92 93/93/93
f 78/78/78 92/92/92 79/79/79
f 12/12/12 78/78/78 79/79/79
f 1/1/1 78/78/78 12/12/12
f 13/13/13 1/1/1 12/12/12
f 2/2/2 1/1/1 13/13/13
f 14/14/14 2/2/2 13/13/13
f 3/3/3 2/2/2 14/14/14
f 15/15/15 3/3/3 14/14/14
f 4/4/4 3/3/3 15/15/15
f 16/16/16 4/4/4 15/15/15
f 5/5/5 4/4/4 16/16/16
f 17/17/17 5/5/5 16/16/16
f 6/6/6 5/5/5 17/17/17
f 18/18/18 6/6/6 17/17/17
f 7/7/7 6/6/6 18/18/18
f 19/19/19 7/7/7 18/18/18
f 8/8/8 7/7/7 19/19/19
f 20/20/20 8/8/8 19/19/19
f 9/9/9 8/8/8 20/20/20
f 21/21/21 9/9/9 20/20/20
f 10/10/10 9/9/9 21/21/21
f 22/22/22 10/10/10 21/21/21
f 11/11/11 10/10/10 22/22/22
f 81/81/81 11/11/11 22/22/22
f 80/80/80 11/11/11 81/81/81
f 95/95/95 80/80/80 81/81/81
f 94/94/94 80/80/80 95/95/95
f 89/89/89 105/105/105 103/103/103
f 91/91/91 105/105/105 89/89/89
f 66/66/66 91/91/91 89/89/89
f 77/77/77 91/91/91 66/66/66
f 65/65/65 77/77/77 66/66/66
f 76/76/76 77/77/77 65/65/65
f 64/64/64 76/76/76 65/65/65
f 75/75/75 76/76/76 64/64/64
f 63/63/63 75/75/75 64/64/64
f 74/74/74 75/75/75 63/63/63
f 62/62/62 74/74/74 63/63/63
f 73/73/73 74/74/74 62/62/62
f 61/61/61 73/73/73 62/62/62
f 72/72/72 73/73/73 61/61/61
f 60/60/60 72/72/72 61/61/61
f 71/71/71 72/72/72 60/60/60
f 59/59/59 71/71/71 60/60/60
f 70/70/70 71/71/71 59/59/59
f 58/58/58 70/70/70 59/59/59
f 69/69/69 70/70/70 58/58/58
f 57/57/57 69/69/69 58/58/58
f 68/68/68 69/69/69 57/57/57
f 56/56/56 68/68/68 57/57/57
f 67/67/67 68/68/68 56/56/56
f 88/88/88 67/67/67 56/56/56
f 90/90/90 67/67/67 88/88/88
f 102/102/102 90/90/90 88/88/88
f 104/104/104 90/90/90 102/102/102
f 81/81/81 97/97/97 95/95/95
f 83/83/83 97/97/97 81/81/81
f 22/22/22 83/83/83 81/81/81
f 33/33/33 83/83/83 22/22/22
f 21/21/21 33/33/33 22/22/22
f 32/32/32 33/33/33 21/21/21
f 20/20/20 32/32/32 21/21/21
f 31/31/31 32/32/32 20/20/20
f 19/19/19 31/31/31 20/20/20
f 30/30/30 31/31/31 19/19/19
f 18/18/18 30/30/30 19/19/19
f 29/29/29 30/30/30 18/18/18
f 17/17/17 29/29/29 18/18/18
f 28/28/28 29/29/29 17/17/17
f 16/16/16 28/28/28 17/17/17
f 27/27/27 28/28/28 16/16/16
f 15/15/15 27/27/27 16/16/16
f 26/26/26 27/27/27 15/15/15
f 14/14/14 26/26/26 15/15/15
f 25/25/25 26/26/26 14/14/14
f 13/13/13 25/25/25 14/14/14
f 24/24/24 25/25/25 13/13/13
f 12/12/12 24/24/24 13/13/13
f 23/23/23 24/24/24 12/12/12
f 79/79/79 23/23/23 12/12/12
f 82/82/82 23/23/23 79/79/79
f 93/93/93 82/82/82 79/79/79
f 96/96/96 82/82/82 93/93/93
f 83/83/83 99/99/99 97/97/97
f 85/85/85 99/99/99 83/83/83
f 33/33/33 85/85/85 83/83/83
f 44/44/44 85/85/85 33/33/33
f 32/32/32 44/44/44 33/33/33
f 43/43/43 44/44/44 32/32/32
f 31/31/31 43/43/43 32/32/32
f 42/42/42 43/43/43 31/31/31
f 30/30/30 42/42/42 31/31/31
f 41/41/41 42/42/42 30/30/30
f 29/29/29 41/41/41 30/30/30
f 40/40/40 41/41/41 29/29/29
f 28/28/28 40/40/40 29/29/29
f 39/39/39 40/40/40 28/28/28
f 27/27/27 39/39/39 28/28/28
f 38/38/38 39/39/39 27/27/27
f 26/26/26 38/38/38 27/27/27
f 37/37/37 38/38/38 26/26/26
f 25/25/25 37/37/37 26/26/26
f 36/36/36 37/37/37 25/25/25
f 24/24/24 36/36/36 25/25/25
f 35/35/35 36/36/36 24/24/24
f 23/23/23 35/35/35 24/24/24
f 34/34/34 35/35/35 23/23/23
f 82/82/82 34/34/34 23/23/23
f 84/84/84 34/34/34 82/82/82
f 96/96/96 84/84/84 82/82/82
f 98/98/98 84/84/84 96/96/96
f 85/85/85 101/101/101 99/99/99
f 87/87/87 101/101/101 85/85/85
f 44/44/44 87/87/87 85/85/85
f 55/55/55 87/87/87 44/44/44
f 43/43/43 55/55/55 44/44/44
f 54/54/54 55/55/55 43/43/43
f 42/42/42 54/54/54 43/43/43
f 53/53/53 54/54/54 42/42/42
f 41/41/41 53/53/53 42/42/42
f 52/52/52 53/53/53 41/41/41
f 40/40/40 52/52/52 41/41/41
f 51/51/51 52/52/52 40/40/40
f 39/39/39 51/51/51 40/40/40
f 50/50/50 51/51/51 39/39/39
f 38/38/38 50/50/50 39/39/39
f 49/49/49 50/50/50 38/38/38
f 37/37/37 49/49/49 38/38/38
f 48/48/48 49/49/49 37/37/37
f 36/36/36 48/48/48 37/37/37
f 47/47/47 48/48/48 36/36/36
f 35/35/35 47/47/47 36/36/36
f 46/46/46 47/47/47 35/35/35
f 34/34/34 46/46/46 35/35/35
f 45/45/45 46/46/46 34/34/34
f 84/84/84 45/45/45 34/34/34
f 86/86/86 45/45/45 84/84/84
f 98/98/98 86/86/86 84/84/84
f 100/100/100 86/86/86 98/98/98
f 87/87/87 103/103/103 101/101/101
f 89/89/89 103/103/103 87/87/87
f 55/55/55 89/89/89 87/87/87
f 66/66/66 89/89/89 55/55/55
f 54/54/54 66/66/66 55/55/55
f 65/65/65 66/66/66 54/54/54
f 53/53/53 65/65/65 54/54/54
f 64/64/64 65/65/65 53/53/53
f 52/52/52 64/64/64 53/53/53
f 63/63/63 64/64/64 52/52/52
f 51/51/51 63/63/63 52/52/52
f 62/62/62 63/63/63 51/51/51
f 50/50/50 62/62/62 51/51/51
f 61/61/61 62/62/62 50/50/50
f 49/49/49 61/61/61 50/50/50
f 60/60/60 61/61/61 49/49/49
f 48/48/48 60/60/60 49/49/49
f 59/59/59 60/60/60 48/48/48
f 47/47/47 59/59/59 48/48/48
f 58/58/58 59/59/59 47/47/47
f 46/46/46 58/58/58 47/47/47
f 57/57/57 58/58/58 46/46/46
f 45/45/45 57/57/57 46/46/46
f 56/56/56 57/57/57 45/45/45
f 86/86/86 56/56/56 45/45/45
f 88/88/88 56/56/56 86/86/86
f 100/100/100 88/88/88 86/86/86
f 102/102/102 88/88/88 100/100/100
g Combined Mesh (root: scene)_1
f 109/109/109 107/107/107 108/108/108
f 106/106/106 107/107/107 109/109/109
g Combined Mesh (root: scene)_2
f 273/273/273 287/287/287 288/288/288
f 274/274/274 273/273/273 288/288/288
f 259/259/259 273/273/273 274/274/274
f 260/260/260 259/259/259 274/274/274
f 245/245/245 259/259/259 260/260/260
f 246/246/246 245/245/245 260/260/260
f 231/231/231 245/245/245 246/246/246
f 232/232/232 231/231/231 246/246/246
f 217/217/217 231/231/231 232/232/232
f 218/218/218 217/217/217 232/232/232
f 203/203/203 217/217/217 218/218/218
f 204/204/204 203/203/203 218/218/218
f 189/189/189 203/203/203 204/204/204
f 190/190/190 189/189/189 204/204/204
f 175/175/175 189/189/189 190/190/190
f 176/176/176 175/175/175 190/190/190
f 161/161/161 175/175/175 176/176/176
f 162/162/162 161/161/161 176/176/176
f 147/147/147 161/161/161 162/162/162
f 148/148/148 147/147/147 162/162/162
f 133/133/133 147/147/147 148/148/148
f 134/134/134 133/133/133 148/148/148
f 302/302/302 133/133/133 134/134/134
f 303/303/303 302/302/302 134/134/134
f 317/317/317 302/302/302 303/303/303
f 318/318/318 317/317/317 303/303/303
f 332/332/332 317/317/317 318/318/318
f 333/333/333 332/332/332 318/318/318
f 347/347/347 332/332/332 333/333/333
f 348/348/348 347/347/347 333/333/333
f 123/123/123 347/347/347 348/348/348
f 349/349/349 123/123/123 348/348/348
f 339/339/339 115/115/115 114/114/114
f 338/338/338 339/339/339 114/114/114
f 324/324/324 339/339/339 338/338/338
f 323/323/323 324/324/324 338/338/338
f 309/309/309 324/324/324 323/323/323
f 308/308/308 309/309/309 323/323/323
f 294/294/294 309/309/309 308/308/308
f 293/293/293 294/294/294 308/308/308
f 125/125/125 294/294/294 293/293/293
f 124/124/124 125/125/125 293/293/293
f 139/139/139 125/125/125 124/124/124
f 138/138/138 139/139/139 124/124/124
f 153/153/153 139/139/139 138/138/138
f 152/152/152 153/153/153 138/138/138
f 167/167/167 153/153/153 152/152/152
f 166/166/166 167/167/167 152/152/152
f 181/181/181 167/167/167 166/166/166
f 180/180/180 181/181/181 166/166/166
f 195/195/195 181/181/181 180/180/180
f 194/194/194 195/195/195 180/180/180
f 209/209/209 195/195/195 194/194/194
f 208/208/208 209/209/209 194/194/194
f 223/223/223 209/209/209 208/208/208
f 222/222/222 223/223/223 208/208/208
f 237/237/237 223/223/223 222/222/222
f 236/236/236 237/237/237 222/222/222
f 251/251/251 237/237/237 236/236/236
f 250/250/250 251/251/251 236/236/236
f 265/265/265 251/251/251 250/250/250
f 264/264/264 265/265/265 250/250/250
f 279/279/279 265/265/265 264/264/264
f 278/278/278 279/279/279 264/264/264
f 113/113/113 338/338/338 114/114/114
f 337/337/337 338/338/338 113/113/113
f 112/112/112 337/337/337 113/113/113
f 336/336/336 337/337/337 112/112/112
f 111/111/111 336/336/336 112/112/112
f 335/335/335 336/336/336 111/111/111
f 110/110/110 335/335/335 111/111/111
f 334/334/334 335/335/335 110/110/110
f 265/265/265 279/279/279 280/280/280
f 266/266/266 265/265/265 280/280/280
f 251/251/251 265/265/265 266/266/266
f 252/252/252 251/251/251 266/266/266
f 237/237/237 251/251/251 252/252/252
f 238/238/238 237/237/237 252/252/252
f 223/223/223 237/237/237 238/238/238
f 224/224/224 223/223/223 238/238/238
f 209/209/209 223/223/223 224/224/224
f 210/210/210 209/209/209 224/224/224
f 195/195/195 209/209/209 210/210/210
f 196/196/196 195/195/195 210/210/210
f 181/181/181 195/195/195 196/196/196
f 182/182/182 181/181/181 196/196/196
f 167/167/167 181/181/181 182/182/182
f 168/168/168 167/167/167 182/182/182
f 153/153/153 167/167/167 168/168/168
f 154/154/154 153/153/153 168/168/168
f 139/139/139 153/153/153 154/154/154
f 140/140/140 139/139/139 154/154/154
f 125/125/125 139/139/139 140/140/140
f 126/126/126 125/125/125 140/140/140
f 294/294/294 125/125/125 126/126/126
f 295/295/295 294/294/294 126/126/126
f 309/309/309 294/294/294 295/295/295
f 310/310/310 309/309/309 295/295/295
f 324/324/324 309/309/309 310/310/310
f 325/325/325 324/324/324 310/310/310
f 339/339/339 324/324/324 325/325/325
f 340/340/340 339/339/339 325/325/325
f 115/115/115 339/339/339 340/340/340
f 116/116/116 115/115/115 340/340/340
f 266/266/266 280/280/280 281/281/281
f 267/267/267 266/266/266 281/281/281
f 252/252/252 266/266/266 267/267/267
f 253/253/253 252/252/252 267/267/267
f 238/238/238 252/252/252 253/253/253
f 239/239/239 238/238/238 253/253/253
f 224/224/224 238/238/238 239/239/239
f 225/225/225 224/224/224 239/239/239
f 210/210/210 224/224/224 225/225/225
f 211/211/211 210/210/210 225/225/225
f 196/196/196 210/210/210 211/211/211
f 197/197/197 196/196/196 211/211/211
f 182/182/182 196/196/196 197/197/197
f 183/183/183 182/182/182 197/197/197
f 168/168/168 182/182/182 183/183/183
f 169/169/169 168/168/168 183/183/183
f 154/154/154 168/168/168 169/169/169
f 155/155/155 154/154/154 169/169/169
f 140/140/140 154/154/154 155/155/155
f 141/141/141 140/140/140 155/155/155
f 126/126/126 140/140/140 141/141/141
f 127/127/127 126/126/126 141/141/141
f 295/295/295 126/126/126 127/127/127
f 296/296/296 295/295/295 127/127/127
f 310/310/310 295/295/295 296/296/296
f 311/311/311 310/310/310 296/296/296
f 325/325/325 310/310/310 311/311/311
f 326/326/326 325/325/325 311/311/311
f 340/340/340 325/325/325 326/326/326
f 341/341/341 340/340/340 326/326/326
f 116/116/116 340/340/340 341/341/341
f 117/117/117 116/116/116 341/341/341
f 267/267/267 281/281/281 282/282/282
f 268/268/268 267/267/267 282/282/282
f 253/253/253 267/267/267 268/268/268
f 254/254/254 253/253/253 268/268/268
f 239/239/239 253/253/253 254/254/254
f 240/240/240 239/239/239 254/254/254
f 225/225/225 239/239/239 240/240/240
f 226/226/226 225/225/225 240/240/240
f 211/211/211 225/225/225 226/226/226
f 212/212/212 211/211/211 226/226/226
f 197/197/197 211/211/211 212/212/212
f 198/198/198 197/197/197 212/212/212
f 183/183/183 197/197/197 198/198/198
f 184/184/184 183/183/183 198/198/198
f 169/169/169 183/183/183 184/184/184
f 170/170/170 169/169/169 184/184/184
f 155/155/155 169/169/169 170/170/170
f 156/156/156 155/155/155 170/170/170
f 141/141/141 155/155/155 156/156/156
f 142/142/142 141/141/141 156/156/156
f 127/127/127 141/141/141 142/142/142
f 128/128/128 127/127/127 142/142/142
f 296/296/296 127/127/127 128/128/128
f 297/297/297 296/296/296 128/128/128
f 311/311/311 296/296/296 297/297/297
f 312/312/312 311/311/311 297/297/297
f 326/326/326 311/311/311 312/312/312
f 327/327/327 326/326/326 312/312/312
f 341/341/341 326/326/326 327/327/327
f 342/342/342 341/341/341 327/327/327
f 117/117/117 341/341/341 342/342/342
f 118/118/118 117/117/117 342/342/342
f 268/268/268 282/282/282 283/283/283
f 269/269/269 268/268/268 283/283/283
f 254/254/254 268/268/268 269/269/269
f 255/255/255 254/254/254 269/269/269
f 240/240/240 254/254/254 255/255/255
f 241/241/241 240/240/240 255/255/255
f 226/226/226 240/240/240 241/241/241
f 227/227/227 226/226/226 241/241/241
f 212/212/212 226/226/226 227/227/227
f 213/213/213 212/212/212 227/227/227
f 198/198/198 212/212/212 213/213/213
f 199/199/199 198/198/198 213/213/213
f 184/184/184 198/198/198 199/199/199
f 185/185/185 184/184/184 199/199/199
f 170/170/170 184/184/184 185/185/185
f 171/171/171 170/170/170 185/185/185
f 156/156/156 170/170/170 171/171/171
f 157/157/157 156/156/156 171/171/171
f 142/142/142 156/156/156 157/157/157
f 143/143/143 142/142/142 157/157/157
f 128/128/128 142/142/142 143/143/143
f 129/129/129 128/128/128 143/143/143
f 297/297/297 128/128/128 129/129/129
f 298/298/298 297/297/297 129/129/129
f 312/312/312 297/297/297 298/298/298
f 313/313/313 312/312/312 298/298/298
f 327/327/327 312/312/312 313/313/313
f 328/328/328 327/327/327 313/313/313
f 342/342/342 327/327/327 328/328/328
f 343/343/343 342/342/342 328/328/328
f 118/118/118 342/342/342 343/343/343
f 119/119/119 118/118/118 343/343/343
f 269/269/269 283/283/283 284/284/284
f 270/270/270 269/269/269 284/284/284
f 255/255/255 269/269/269 270/270/270
f 256/256/256 255/255/255 270/270/270
f 241/241/241 255/255/255 256/256/256
f 242/242/242 241/241/241 256/256/256
f 227/227/227 241/241/241 242/242/242
f 228/228/228 227/227/227 242/242/242
f 213/213/213 227/227/227 228/228/228
f 214/214/214 213/213/213 228/228/228
f 199/199/199 213/213/213 214/214/214
f 200/200/200 199/199/199 214/214/214
f 185/185/185 199/199/199 200/200/200
f 186/186/186 185/185/185 200/200/200
f 171/171/171 185/185/185 186/186/186
f 172/172/172 171/171/171 186/186/186
f 157/157/157 171/171/171 172/172/172
f 158/158/158 157/157/157 172/172/172
f 143/143/143 157/157/157 158/158/158
f 144/144/144 143/143/143 158/158/158
f 129/129/129 143/143/143 144/144/144
f 130/130/130 129/129/129 144/144/144
f 298/298/298 129/129/129 130/130/130
f 299/299/299 298/298/298 130/130/130
f 313/313/313 298/298/298 299/299/299
f 314/314/314 313/313/313 299/299/299
f 328/328/328 313/313/313 314/314/314
f 329/329/329 328/328/328 314/314/314
f 343/343/343 328/328/328 329/329/329
f 344/344/344 343/343/343 329/329/329
f 119/119/119 343/343/343 344/344/344
f 120/120/120 119/119/119 344/344/344
f 270/270/270 284/284/284 285/285/285
f 271/271/271 270/270/270 285/285/285
f 256/256/256 270/270/270 271/271/271
f 257/257/257 256/256/256 271/271/271
f 242/242/242 256/256/256 257/257/257
f 243/243/243 242/242/242 257/257/257
f 228/228/228 242/242/242 243/243/243
f 229/229/229 228/228/228 243/243/243
f 214/214/214 228/228/228 229/229/229
f 215/215/215 214/214/214 229/229/229
f 200/200/200 214/214/214 215/215/215
f 201/201/201 200/200/200 215/215/215
f 186/186/186 200/200/200 201/201/201
f 187/187/187 186/186/186 201/201/201
f 172/172/172 186/186/186 187/187/187
f 173/173/173 172/172/172 187/187/187
f 158/158/158 172/172/172 173/173/173
f 159/159/159 158/158/158 173/173/173
f 144/144/144 158/158/158 159/159/159
f 145/145/145 144/144/144 159/159/159
f 130/130/130 144/144/144 145/145/145
f 131/131/131 130/130/130 145/145/145
f 299/299/299 130/130/130 131/131/131
f 300/300/300 299/299/299 131/131/131
f 314/314/314 299/299/299 300/300/300
f 315/315/315 314/314/314 300/300/300
f 329/329/329 314/314/314 315/315/315
f 330/330/330 329/329/329 315/315/315
f 344/344/344 329/329/329 330/330/330
f 345/345/345 344/344/344 330/330/330
f 120/120/120 344/344/344 345/345/345
f 121/121/121 120/120/120 345/345/345
f 271/271/271 285/285/285 286/286/286
f 272/272/272 271/271/271 286/286/286
f 257/257/257 271/271/271 272/272/272
f 258/258/258 257/257/257 272/272/272
f 243/243/243 257/257/257 258/258/258
f 244/244/244 243/243/243 258/258/258
f 229/229/229 243/243/243 244/244/244
f 230/230/230 229/229/229 244/244/244
f 215/215/215 229/229/229 230/230/230
f 216/216/216 215/215/215 230/230/230
f 201/201/201 215/215/215 216/216/216
f 202/202/202 201/201/201 216/216/216
f 187/187/187 201/201/201 202/202/202
f 188/188/188 187/187/187 202/202/202
f 173/173/173 187/187/187 188/188/188
f 174/174/174 173/173/173 188/188/188
f 159/159/159 173/173/173 174/174/174
f 160/160/160 159/159/159 174/174/174
f 145/145/145 159/159/159 160/160/160
f 146/146/146 145/145/145 160/160/160
f 131/131/131 145/145/145 146/146/146
f 132/132/132 131/131/131 146/146/146
f 300/300/300 131/131/131 132/132/132
f 301/301/301 300/300/300 132/132/132
f 315/315/315 300/300/300 301/301/301
f 316/316/316 315/315/315 301/301/301
f 330/330/330 315/315/315 316/316/316
f 331/331/331 330/330/330 316/316/316
f 345/345/345 330/330/330 331/331/331
f 346/346/346 345/345/345 331/331/331
f 121/121/121 345/345/345 346/346/346
f 122/122/122 121/121/121 346/346/346
f 272/272/272 286/286/286 287/287/287
f 273/273/273 272/272/272 287/287/287
f 258/258/258 272/272/272 273/273/273
f 259/259/259 258/258/258 273/273/273
f 244/244/244 258/258/258 259/259/259
f 245/245/245 244/244/244 259/259/259
f 230/230/230 244/244/244 245/245/245
f 231/231/231 230/230/230 245/245/245
f 216/216/216 230/230/230 231/231/231
f 217/217/217 216/216/216 231/231/231
f 202/202/202 216/216/216 217/217/217
f 203/203/203 202/202/202 217/217/217
f 188/188/188 202/202/202 203/203/203
f 189/189/189 188/188/188 203/203/203
f 174/174/174 188/188/188 189/189/189
f 175/175/175 174/174/174 189/189/189
f 160/160/160 174/174/174 175/175/175
f 161/161/161 160/160/160 175/175/175
f 146/146/146 160/160/160 161/161/161
f 147/147/147 146/146/146 161/161/161
f 132/132/132 146/146/146 147/147/147
f 133/133/133 132/132/132 147/147/147
f 301/301/301 132/132/132 133/133/133
f 302/302/302 301/301/301 133/133/133
f 316/316/316 301/301/301 302/302/302
f 317/317/317 316/316/316 302/302/302
f 331/331/331 316/316/316 317/317/317
f 332/332/332 331/331/331 317/317/317
f 346/346/346 331/331/331 332/332/332
f 347/347/347 346/346/346 332/332/332
f 122/122/122 346/346/346 347/347/347
f 123/123/123 122/122/122 347/347/347
f 137/137/137 351/351/351 362/362/362
f 350/350/350 351/351/351 137/137/137
f 151/151/151 350/350/350 137/137/137
f 352/352/352 350/350/350 151/151/151
f 165/165/165 352/352/352 151/151/151
f 353/353/353 352/352/352 165/165/165
f 179/179/179 353/353/353 165/165/165
f 354/354/354 353/353/353 179/179/179
f 193/193/193 354/354/354 179/179/179
f 355/355/355 354/354/354 193/193/193
f 207/207/207 355/355/355 193/193/193
f 356/356/356 355/355/355 207/207/207
f 221/221/221 356/356/356 207/207/207
f 357/357/357 356/356/356 221/221/221
f 235/235/235 357/357/357 221/221/221
f 358/358/358 357/357/357 235/235/235
f 249/249/249 358/358/358 235/235/235
f 359/359/359 358/358/358 249/249/249
f 263/263/263 359/359/359 249/249/249
f 360/360/360 359/359/359 263/263/263
f 277/277/277 360/360/360 263/263/263
f 361/361/361 360/360/360 277/277/277
f 291/291/291 361/361/361 277/277/277
f 333/333/333 364/364/364 348/348/348
f 319/319/319 364/364/364 333/333/333
f 318/318/318 319/319/319 333/333/333
f 304/304/304 319/319/319 318/318/318
f 303/303/303 304/304/304 318/318/318
f 135/135/135 304/304/304 303/303/303
f 134/134/134 135/135/135 303/303/303
f 149/149/149 135/135/135 134/134/134
f 148/148/148 149/149/149 134/134/134
f 163/163/163 149/149/149 148/148/148
f 162/162/162 163/163/163 148/148/148
f 177/177/177 163/163/163 162/162/162
f 176/176/176 177/177/177 162/162/162
f 191/191/191 177/177/177 176/176/176
f 190/190/190 191/191/191 176/176/176
f 205/205/205 191/191/191 190/190/190
f 204/204/204 205/205/205 190/190/190
f 219/219/219 205/205/205 204/204/204
f 218/218/218 219/219/219 204/204/204
f 233/233/233 219/219/219 218/218/218
f 232/232/232 233/233/233 218/218/218
f 247/247/247 233/233/233 232/232/232
f 246/246/246 247/247/247 232/232/232
f 261/261/261 247/247/247 246/246/246
f 260/260/260 261/261/261 246/246/246
f 275/275/275 261/261/261 260/260/260
f 274/274/274 275/275/275 260/260/260
f 289/289/289 275/275/275 274/274/274
f 288/288/288 289/289/289 274/274/274
f 319/319/319 363/363/363 364/364/364
f 305/305/305 363/363/363 319/319/319
f 304/304/304 305/305/305 319/319/319
f 136/136/136 305/305/305 304/304/304
f 135/135/135 136/136/136 304/304/304
f 150/150/150 136/136/136 135/135/135
f 149/149/149 150/150/150 135/135/135
f 164/164/164 150/150/150 149/149/149
f 163/163/163 164/164/164 149/149/149
f 178/178/178 164/164/164 163/163/163
f 177/177/177 178/178/178 163/163/163
f 192/192/192 178/178/178 177/177/177
f 191/191/191 192/192/192 177/177/177
f 206/206/206 192/192/192 191/191/191
f 205/205/205 206/206/206 191/191/191
f 220/220/220 206/206/206 205/205/205
f 219/219/219 220/220/220 205/205/205
f 234/234/234 220/220/220 219/219/219
f 233/233/233 234/234/234 219/219/219
f 248/248/248 234/234/234 233/233/233
f 247/247/247 248/248/248 233/233/233
f 262/262/262 248/248/248 247/247/247
f 261/261/261 262/262/262 247/247/247
f 276/276/276 262/262/262 261/261/261
f 275/275/275 276/276/276 261/261/261
f 290/290/290 276/276/276 275/275/275
f 289/289/289 290/290/290 275/275/275
f 305/305/305 362/362/362 363/363/363
f 137/137/137 362/362/362 305/305/305
f 136/136/136 137/137/137 305/305/305
f 151/151/151 137/137/137 136/136/136
f 150/150/150 151/151/151 136/136/136
f 165/165/165 151/151/151 150/150/150
f 164/164/164 165/165/165 150/150/150
f 179/179/179 165/165/165 164/164/164
f 178/178/178 179/179/179 164/164/164
f 193/193/193 179/179/179 178/178/178
f 192/192/192 193/193/193 178/178/178
f 207/207/207 193/193/193 192/192/192
f 206/206/206 207/207/207 192/192/192
f 221/221/221 207/207/207 206/206/206
f 220/220/220 221/221/221 206/206/206
f 235/235/235 221/221/221 220/220/220
f 234/234/234 235/235/235 220/220/220
f 249/249/249 235/235/235 234/234/234
f 248/248/248 249/249/249 234/234/234
f 263/263/263 249/249/249 248/248/248
f 262/262/262 263/263/263 248/248/248
f 277/277/277 263/263/263 262/262/262
f 276/276/276 277/277/277 262/262/262
f 291/291/291 277/277/277 276/276/276
f 290/290/290 291/291/291 276/276/276
f 320/320/320 335/335/335 334/334/334
f 321/321/321 335/335/335 320/320/320
f 306/306/306 321/321/321 320/320/320
f 307/307/307 321/321/321 306/306/306
f 292/292/292 307/307/307 306/306/306
f 293/293/293 307/307/307 292/292/292
f 124/124/124 293/293/293 292/292/292
f 321/321/321 336/336/336 335/335/335
f 322/322/322 336/336/336 321/321/321
f 307/307/307 322/322/322 321/321/321
f 308/308/308 322/322/322 307/307/307
f 293/293/293 308/308/308 307/307/307
f 322/322/322 337/337/337 336/336/336
f 323/323/323 337/337/337 322/322/322
f 308/308/308 323/323/323 322/322/322
f 323/323/323 338/338/338 337/337/337
g Combined Mesh (root: scene)_3
f 369/369/369 368/368/368 367/367/367
f 370/370/370 368/368/368 369/369/369
f 371/371/371 370/370/370 369/369/369
f 374/374/374 373/373/373 375/375/375
f 372/372/372 373/373/373 374/374/374
f 414/414/414 413/413/413 412/412/412
f 379/379/379 413/413/413 414/414/414
f 382/382/382 379/379/379 414/414/414
f 383/383/383 384/384/384 377/377/377
f 390/390/390 384/384/384 383/383/383
f 380/380/380 390/390/390 383/383/383
f 386/386/386 390/390/390 380/380/380
f 385/385/385 386/386/386 380/380/380
f 388/388/388 386/386/386 385/385/385
f 417/417/417 388/388/388 385/385/385
f 415/415/415 388/388/388 417/417/417
f 418/418/418 415/415/415 417/417/417
f 420/420/420 366/366/366 370/370/370
f 365/365/365 366/366/366 420/420/420
f 393/393/393 394/394/394 395/395/395
f 392/392/392 394/394/394 393/393/393
f 422/422/422 399/399/399 402/402/402
f 423/423/423 399/399/399 422/422/422
f 421/421/421 423/423/423 422/422/422
f 398/398/398 396/396/396 397/397/397
f 403/403/403 398/398/398 397/397/397
f 400/400/400 398/398/398 403/403/403
f 410/410/410 400/400/400 403/403/403
f 406/406/406 400/400/400 410/410/410
f 407/407/407 406/406/406 410/410/410
f 408/408/408 406/406/406 407/407/407
f 424/424/424 408/408/408 407/407/407
f 426/426/426 408/408/408 424/424/424
f 427/427/427 426/426/426 424/424/424
f 429/429/429 432/432/432 431/431/431
f 411/411/411 429/429/429 431/431/431
f 428/428/428 429/429/429 411/411/411
f 430/430/430 428/428/428 411/411/411
f 380/380/380 376/376/376 381/381/381
f 378/378/378 376/376/376 380/380/380
f 383/383/383 378/378/378 380/380/380
f 377/377/377 378/378/378 383/383/383
f 385/385/385 380/380/380 381/381/381
f 387/387/387 415/415/415 416/416/416
f 389/389/389 387/387/387 416/416/416
f 390/390/390 387/387/387 389/389/389
f 384/384/384 390/390/390 389/389/389
f 391/391/391 419/419/419 422/422/422
f 414/414/414 419/419/419 391/391/391
f 382/382/382 414/414/414 391/391/391
f 405/405/405 406/406/406 408/408/408
f 400/400/400 406/406/406 405/405/405
f 401/401/401 400/400/400 405/405/405
f 396/396/396 400/400/400 401/401/401
f 407/407/407 425/425/425 424/424/424
f 409/409/409 425/425/425 407/407/407
f 410/410/410 409/409/409 407/407/407
f 404/404/404 409/409/409 410/410/410
f 403/403/403 404/404/404 410/410/410
f 397/397/397 404/404/404 403/403/403
f 426/426/426 405/405/405 408/408/408
f 391/391/391 422/422/422 402/402/402
f 387/387/387 388/388/388 415/415/415
f 386/386/386 388/388/388 387/387/387
f 390/390/390 386/386/386 387/387/387
f 396/396/396 398/398/398 400/400/400
g Combined Mesh (root: scene)_4
f 669/669/669 441/441/441 677/677/677
f 602/602/602 441/441/441 669/669/669
f 594/594/594 602/602/602 669/669/669
f 608/608/608 602/602/602 594/594/594
f 588/588/588 608/608/608 594/594/594
f 603/603/603 608/608/608 588/588/588
f 585/585/585 603/603/603 588/588/588
f 584/584/584 603/603/603 585/585/585
f 583/583/583 584/584/584 585/585/585
f 586/586/586 584/584/584 583/583/583
f 582/582/582 586/586/586 583/583/583
f 596/596/596 586/586/586 582/582/582
f 598/598/598 596/596/596 582/582/582
f 597/597/597 596/596/596 598/598/598
f 590/590/590 597/597/597 598/598/598
f 592/592/592 597/597/597 590/590/590
f 591/591/591 592/592/592 590/590/590
f 446/446/446 592/592/592 591/591/591
f 676/676/676 446/446/446 591/591/591
f 447/447/447 446/446/446 676/676/676
f 683/683/683 447/447/447 676/676/676
f 612/612/612 447/447/447 683/683/683
f 438/438/438 612/612/612 683/683/683
f 437/437/437 612/612/612 438/438/438
f 436/436/436 437/437/437 438/438/438
f 663/663/663 662/662/662 661/661/661
f 603/603/603 662/662/662 663/663/663
f 609/609/609 603/603/603 663/663/663
f 608/608/608 603/603/603 609/609/609
f 607/607/607 608/608/608 609/609/609
f 602/602/602 608/608/608 607/607/607
f 439/439/439 602/602/602 607/607/607
f 441/441/441 602/602/602 439/439/439
f 440/440/440 441/441/441 439/439/439
f 617/617/617 467/467/467 468/468/468
f 469/469/469 617/617/617 468/468/468
f 618/618/618 617/617/617 469/469/469
f 452/452/452 618/618/618 469/469/469
f 470/470/470 618/618/618 452/452/452
f 451/451/451 470/470/470 452/452/452
f 482/482/482 481/481/481 480/480/480
f 681/681/681 481/481/481 482/482/482
f 611/611/611 681/681/681 482/482/482
f 483/483/483 681/681/681 611/611/611
f 454/454/454 483/483/483 611/611/611
f 453/453/453 483/483/483 454/454/454
f 620/620/620 486/486/486 487/487/487
f 485/485/485 486/486/486 620/620/620
f 619/619/619 485/485/485 620/620/620
f 455/455/455 485/485/485 619/619/619
f 484/484/484 455/455/455 619/619/619
f 453/453/453 455/455/455 484/484/484
f 496/496/496 498/498/498 497/497/497
f 494/494/494 498/498/498 496/496/496
f 623/623/623 494/494/494 496/496/496
f 493/493/493 494/494/494 623/623/623
f 622/622/622 493/493/493 623/623/623
f 492/492/492 493/493/493 622/622/622
f 495/495/495 496/496/496 497/497/497
f 502/502/502 495/495/495 497/497/497
f 500/500/500 495/495/495 502/502/502
f 501/501/501 500/500/500 502/502/502
f 499/499/499 500/500/500 501/501/501
f 503/503/503 499/499/499 501/501/501
f 506/506/506 675/675/675 507/507/507
f 505/505/505 506/506/506 507/507/507
f 504/504/504 506/506/506 505/505/505
f 503/503/503 504/504/504 505/505/505
f 509/509/509 508/508/508 675/675/675
f 510/510/510 508/508/508 509/509/509
f 433/433/433 510/510/510 509/509/509
f 435/435/435 510/510/510 433/433/433
f 512/512/512 514/514/514 513/513/513
f 511/511/511 512/512/512 513/513/513
f 434/434/434 512/512/512 511/511/511
f 435/435/435 434/434/434 511/511/511
f 517/517/517 516/516/516 514/514/514
f 518/518/518 516/516/516 517/517/517
f 519/519/519 518/518/518 517/517/517
f 520/520/520 518/518/518 519/519/519
f 526/526/526 527/527/527 525/525/525
f 524/524/524 526/526/526 525/525/525
f 523/523/523 526/526/526 524/524/524
f 522/522/522 523/523/523 524/524/524
f 521/521/521 523/523/523 522/522/522
f 520/520/520 521/521/521 522/522/522
f 529/529/529 528/528/528 490/490/490
f 530/530/530 528/528/528 529/529/529
f 531/531/531 530/530/530 529/529/529
f 461/461/461 534/534/534 527/527/527
f 535/535/535 534/534/534 461/461/461
f 460/460/460 535/535/535 461/461/461
f 536/536/536 535/535/535 460/460/460
f 456/456/456 536/536/536 460/460/460
f 458/458/458 536/536/536 456/456/456
f 459/459/459 539/539/539 538/538/538
f 537/537/537 459/459/459 538/538/538
f 457/457/457 459/459/459 537/537/537
f 458/458/458 457/457/457 537/537/537
f 542/542/542 541/541/541 539/539/539
f 543/543/543 541/541/541 542/542/542
f 544/544/544 543/543/543 542/542/542
f 545/545/545 543/543/543 544/544/544
f 550/550/550 548/548/548 549/549/549
f 547/547/547 550/550/550 549/549/549
f 546/546/546 550/550/550 547/547/547
f 545/545/545 546/546/546 547/547/547
f 553/553/553 552/552/552 548/548/548
f 554/554/554 552/552/552 553/553/553
f 555/555/555 554/554/554 553/553/553
f 556/556/556 554/554/554 555/555/555
f 561/561/561 559/559/559 560/560/560
f 558/558/558 561/561/561 560/560/560
f 557/557/557 561/561/561 558/558/558
f 556/556/556 557/557/557 558/558/558
f 444/444/444 445/445/445 492/492/492
f 443/443/443 445/445/445 444/444/444
f 442/442/442 443/443/443 444/444/444
f 615/615/615 443/443/443 442/442/442
f 660/660/660 615/615/615 442/442/442
f 658/658/658 615/615/615 660/660/660
f 659/659/659 658/658/658 660/660/660
f 580/580/580 658/658/658 659/659/659
f 581/581/581 580/580/580 659/659/659
f 601/601/601 580/580/580 581/581/581
f 647/647/647 601/601/601 581/581/581
f 587/587/587 601/601/601 647/647/647
f 575/575/575 587/587/587 647/647/647
f 583/583/583 587/587/587 575/575/575
f 582/582/582 583/583/583 575/575/575
f 624/624/624 625/625/625 503/503/503
f 642/642/642 625/625/625 624/624/624
f 643/643/643 642/642/642 624/624/624
f 659/659/659 642/642/642 643/643/643
f 581/581/581 659/659/659 643/643/643
f 626/626/626 628/628/628 627/627/627
f 644/644/644 628/628/628 626/626/626
f 645/645/645 644/644/644 626/626/626
f 581/581/581 644/644/644 645/645/645
f 647/647/647 581/581/581 645/645/645
f 629/629/629 630/630/630 520/520/520
f 646/646/646 630/630/630 629/629/629
f 670/670/670 646/646/646 629/629/629
f 576/576/576 646/646/646 670/670/670
f 599/599/599 576/576/576 670/670/670
f 674/674/674 576/576/576 599/599/599
f 673/673/673 674/674/674 599/599/599
f 648/648/648 576/576/576 674/674/674
f 632/632/632 648/648/648 674/674/674
f 631/631/631 648/648/648 632/632/632
f 458/458/458 631/631/631 632/632/632
f 649/649/649 598/598/598 582/582/582
f 652/652/652 598/598/598 649/649/649
f 651/651/651 652/652/652 649/649/649
f 650/650/650 652/652/652 651/651/651
f 635/635/635 650/650/650 651/651/651
f 633/633/633 650/650/650 635/635/635
f 634/634/634 633/633/633 635/635/635
f 652/652/652 590/590/590 598/598/598
f 655/655/655 590/590/590 652/652/652
f 654/654/654 655/655/655 652/652/652
f 653/653/653 655/655/655 654/654/654
f 638/638/638 653/653/653 654/654/654
f 636/636/636 653/653/653 638/638/638
f 637/637/637 636/636/636 638/638/638
f 666/666/666 590/590/590 655/655/655
f 591/591/591 590/590/590 666/666/666
f 657/657/657 591/591/591 666/666/666
f 656/656/656 591/591/591 657/657/657
f 641/641/641 656/656/656 657/657/657
f 639/639/639 656/656/656 641/641/641
f 640/640/640 639/639/639 641/641/641
f 613/613/613 612/612/612 437/437/437
f 605/605/605 612/612/612 613/613/613
f 606/606/606 605/605/605 613/613/613
f 604/604/604 605/605/605 606/606/606
f 664/664/664 604/604/604 606/606/606
f 662/662/662 604/604/604 664/664/664
f 665/665/665 662/662/662 664/664/664
f 610/610/610 609/609/609 663/663/663
f 607/607/607 609/609/609 610/610/610
f 678/678/678 607/607/607 610/610/610
f 679/679/679 607/607/607 678/678/678
f 453/453/453 679/679/679 678/678/678
f 683/683/683 682/682/682 438/438/438
f 614/614/614 684/684/684 451/451/451
f 613/613/613 684/684/684 614/614/614
f 680/680/680 613/613/613 614/614/614
f 606/606/606 613/613/613 680/680/680
f 664/664/664 606/606/606 680/680/680
f 472/472/472 473/473/473 471/471/471
f 685/685/685 472/472/472 471/471/471
f 450/450/450 472/472/472 685/685/685
f 451/451/451 450/450/450 685/685/685
f 533/533/533 532/532/532 667/667/667
f 464/464/464 532/532/532 533/533/533
f 465/465/465 464/464/464 533/533/533
f 463/463/463 464/464/464 465/465/465
f 466/466/466 463/463/463 465/465/465
f 467/467/467 463/463/463 466/466/466
f 467/467/467 616/616/616 463/463/463
f 617/617/617 616/616/616 467/467/467
f 479/479/479 482/482/482 480/480/480
f 477/477/477 479/479/479 480/480/480
f 478/478/478 479/479/479 477/477/477
f 476/476/476 478/478/478 477/477/477
f 475/475/475 478/478/478 476/476/476
f 473/473/473 475/475/475 476/476/476
f 474/474/474 475/475/475 473/473/473
f 472/472/472 474/474/474 473/473/473
f 488/488/488 489/489/489 491/491/491
f 487/487/487 489/489/489 488/488/488
f 621/621/621 487/487/487 488/488/488
f 620/620/620 487/487/487 621/621/621
f 491/491/491 490/490/490 488/488/488
f 529/529/529 490/490/490 491/491/491
f 515/515/515 514/514/514 512/512/512
f 517/517/517 514/514/514 515/515/515
f 462/462/462 527/527/527 526/526/526
f 461/461/461 527/527/527 462/462/462
f 540/540/540 539/539/539 459/459/459
f 542/542/542 539/539/539 540/540/540
f 551/551/551 548/548/548 550/550/550
f 553/553/553 548/548/548 551/551/551
f 563/563/563 564/564/564 568/568/568
f 562/562/562 564/564/564 563/563/563
f 559/559/559 562/562/562 563/563/563
f 561/561/561 562/562/562 559/559/559
f 567/567/567 569/569/569 565/565/565
f 566/566/566 567/567/567 565/565/565
f 568/568/568 567/567/567 566/566/566
f 563/563/563 568/568/568 566/566/566
f 571/571/571 573/573/573 572/572/572
f 569/569/569 571/571/571 572/572/572
f 570/570/570 571/571/571 569/569/569
f 567/567/567 570/570/570 569/569/569
f 667/667/667 593/593/593 533/533/533
f 574/574/574 593/593/593 667/667/667
f 573/573/573 574/574/574 667/667/667
f 571/571/571 574/574/574 573/573/573
f 575/575/575 576/576/576 648/648/648
f 646/646/646 576/576/576 575/575/575
f 647/647/647 646/646/646 575/575/575
f 649/649/649 575/575/575 648/648/648
f 582/582/582 575/575/575 649/649/649
f 668/668/668 594/594/594 669/669/669
f 595/595/595 594/594/594 668/668/668
f 658/658/658 595/595/595 668/668/668
f 578/578/578 595/595/595 658/658/658
f 580/580/580 578/578/578 658/658/658
f 579/579/579 578/578/578 580/580/580
f 601/601/601 579/579/579 580/580/580
f 589/589/589 579/579/579 601/601/601
f 587/587/587 589/589/589 601/601/601
f 585/585/585 589/589/589 587/587/587
f 583/583/583 585/585/585 587/587/587
f 599/599/599 671/671/671 673/673/673
f 672/672/672 671/671/671 599/599/599
f 670/670/670 672/672/672 599/599/599
f 600/600/600 675/675/675 506/506/506
f 509/509/509 675/675/675 600/600/600
f 607/607/607 679/679/679 439/439/439
f 613/613/613 437/437/437 684/684/684
f 449/449/449 605/605/605 604/604/604
f 447/447/447 605/605/605 449/449/449
f 448/448/448 447/447/447 449/449/449
f 446/446/446 447/447/447 448/448/448
f 592/592/592 446/446/446 448/448/448
f 589/589/589 585/585/585 588/588/588
f 577/577/577 589/589/589 588/588/588
f 579/579/579 589/589/589 577/577/577
f 578/578/578 579/579/579 577/577/577
f 577/577/577 595/595/595 578/578/578
f 594/594/594 595/595/595 577/577/577
f 588/588/588 594/594/594 577/577/577
f 448/448/448 597/597/597 592/592/592
f 596/596/596 597/597/597 448/448/448
f 449/449/449 596/596/596 448/448/448
f 586/586/586 596/596/596 449/449/449
f 604/604/604 586/586/586 449/449/449
f 584/584/584 586/586/586 604/604/604
f 662/662/662 584/584/584 604/604/604
f 603/603/603 584/584/584 662/662/662
f 447/447/447 612/612/612 605/605/605
g Combined Mesh (root: scene)_5
f 687/687/687 688/688/688 689/689/689
f 686/686/686 688/688/688 687/687/687
f 707/707/707 686/686/686 687/687/687
f 704/704/704 686/686/686 707/707/707
f 702/702/702 704/704/704 707/707/707
f 692/692/692 704/704/704 702/702/702
f 691/691/691 692/692/692 702/702/702
f 690/690/690 692/692/692 691/691/691
f 693/693/693 690/690/690 691/691/691
f 700/700/700 709/709/709 708/708/708
f 701/701/701 709/709/709 700/700/700
f 705/705/705 701/701/701 700/700/700
f 706/706/706 701/701/701 705/705/705
f 696/696/696 706/706/706 705/705/705
f 697/697/697 706/706/706 696/696/696
f 698/698/698 697/697/697 696/696/696
f 699/699/699 697/697/697 698/698/698
f 686/686/686 694/694/694 695/695/695
f 703/703/703 694/694/694 686/686/686
f 704/704/704 703/703/703 686/686/686
f 690/690/690 703/703/703 704/704/704
f 692/692/692 690/690/690 704/704/704
f 686/686/686 695/695/695 688/688/688
f 707/707/707 713/713/713 712/712/712
f 710/710/710 713/713/713 707/707/707
f 687/687/687 710/710/710 707/707/707
f 711/711/711 710/710/710 687/687/687
f 689/689/689 711/711/711 687/687/687
f 702/702/702 712/712/712 691/691/691
f 707/707/707 712/712/712 702/702/702
g Combined Mesh (root: scene)_6
f 728/728/728 715/715/715 727/727/727
f 714/714/714 715/715/715 728/728/728
f 726/726/726 714/714/714 728/728/728
f 725/725/725 714/714/714 726/726/726
f 729/729/729 725/725/725 726/726/726
f 730/730/730 725/725/725 729/729/729
f 721/721/721 730/730/730 729/729/729
f 722/722/722 730/730/730 721/721/721
f 723/723/723 722/722/722 721/721/721
f 724/724/724 722/722/722 723/723/723
f 716/716/716 714/714/714 725/725/725
f 718/718/718 717/717/717 719/719/719
f 720/720/720 717/717/717 718/718/718
f 731/731/731 720/720/720 718/718/718
f 727/727/727 720/720/720 731/731/731
f 728/728/728 727/727/727 731/731/731
f 731/731/731 726/726/726 728/728/728
f 729/729/729 726/726/726 731/731/731
f 718/718/718 729/729/729 731/731/731
f 721/721/721 729/729/729 718/718/718
f 719/719/719 721/721/721 718/718/718
f 723/723/723 721/721/721 719/719/719
g Combined Mesh (root: scene)_7
f 746/746/746 745/745/745 733/733/733
f 732/732/732 746/746/746 733/733/733
f 744/744/744 746/746/746 732/732/732
f 743/743/743 744/744/744 732/732/732
f 747/747/747 744/744/744 743/743/743
f 748/748/748 747/747/747 743/743/743
f 739/739/739 747/747/747 748/748/748
f 740/740/740 739/739/739 748/748/748
f 741/741/741 739/739/739 740/740/740
f 742/742/742 741/741/741 740/740/740
f 743/743/743 732/732/732 734/734/734
f 749/749/749 745/745/745 746/746/746
f 738/738/738 745/745/745 749/749/749
f 736/736/736 738/738/738 749/749/749
f 735/735/735 738/738/738 736/736/736
f 737/737/737 735/735/735 736/736/736
f 749/749/749 746/746/746 744/744/744
f 747/747/747 749/749/749 744/744/744
f 736/736/736 749/749/749 747/747/747
f 739/739/739 736/736/736 747/747/747
f 737/737/737 736/736/736 739/739/739
f 741/741/741 737/737/737 739/739/739
g Combined Mesh (root: scene)_8
f 755/755/755 754/754/754 757/757/757
f 756/756/756 754/754/754 755/755/755
f 766/766/766 756/756/756 755/755/755
f 768/768/768 756/756/756 766/766/766
f 771/771/771 768/768/768 766/766/766
f 750/750/750 768/768/768 771/771/771
f 751/751/751 750/750/750 771/771/771
f 752/752/752 750/750/750 751/751/751
f 753/753/753 752/752/752 751/751/751
f 764/764/764 772/772/772 773/773/773
f 765/765/765 764/764/764 773/773/773
f 769/769/769 764/764/764 765/765/765
f 770/770/770 769/769/769 765/765/765
f 760/760/760 769/769/769 770/770/770
f 761/761/761 760/760/760 770/770/770
f 762/762/762 760/760/760 761/761/761
f 763/763/763 762/762/762 761/761/761
f 768/768/768 754/754/754 756/756/756
f 767/767/767 754/754/754 768/768/768
f 750/750/750 767/767/767 768/768/768
f 758/758/758 767/767/767 750/750/750
f 759/759/759 758/758/758 750/750/750
f 752/752/752 759/759/759 750/750/750
f 751/751/751 774/774/774 753/753/753
f 775/775/775 774/774/774 751/751/751
f 771/771/771 775/775/775 751/751/751
f 777/777/777 775/775/775 771/771/771
f 776/776/776 777/777/777 771/771/771
f 776/776/776 766/766/766 755/755/755
f 771/771/771 766/766/766 776/776/776
g Combined Mesh (root: scene)_9
f 781/781/781 778/778/778 779/779/779
f 780/780/780 778/778/778 781/781/781
f 783/783/783 786/786/786 787/787/787
f 782/782/782 786/786/786 783/783/783
f 785/785/785 788/788/788 789/789/789
f 784/784/784 788/788/788 785/785/785
f 791/791/791 790/790/790 792/792/792
f 793/793/793 790/790/790 791/791/791
f 795/795/795 794/794/794 796/796/796
f 797/797/797 794/794/794 795/795/795
f 799/799/799 798/798/798 800/800/800
f 801/801/801 798/798/798 799/799/799
g Combined Mesh (root: scene)_10
f 805/805/805 802/802/802 803/803/803
f 804/804/804 802/802/802 805/805/805
f 807/807/807 810/810/810 811/811/811
f 806/806/806 810/810/810 807/807/807
f 809/809/809 812/812/812 813/813/813
f 808/808/808 812/812/812 809/809/809
f 815/815/815 814/814/814 816/816/816
f 817/817/817 814/814/814 815/815/815
f 819/819/819 818/818/818 820/820/820
f 821/821/821 818/818/818 819/819/819
f 823/823/823 822/822/822 824/824/824
f 825/825/825 822/822/822 823/823/823
g Combined Mesh (root: scene)_11
f 829/829/829 826/826/826 827/827/827
f 828/828/828 826/826/826 829/829/829
f 831/831/831 834/834/834 835/835/835
f 830/830/830 834/834/834 831/831/831
f 833/833/833 836/836/836 837/837/837
f 832/832/832 836/836/836 833/833/833
f 839/839/839 838/838/838 840/840/840
f 841/841/841 838/838/838 839/839/839
f 843/843/843 842/842/842 844/844/844
f 845/845/845 842/842/842 843/843/843
f 847/847/847 846/846/846 848/848/848
f 849/849/849 846/846/846 847/847/847
g Combined Mesh (root: scene)_12
f 853/853/853 850/850/850 851/851/851
f 852/852/852 850/850/850 853/853/853
g Combined Mesh (root: scene)_13
f 857/857/857 854/854/854 856/856/856
f 855/855/855 854/854/854 857/857/857
g Combined Mesh (root: scene)_14
f 861/861/861 858/858/858 859/859/859
f 860/860/860 858/858/858 861/861/861
g Combined Mesh (root: scene)_15
f 862/862/862 865/865/865 867/867/867
f 864/864/864 865/865/865 862/862/862
f 863/863/863 864/864/864 862/862/862
f 867/867/867 866/866/866 862/862/862
f 903/903/903 868/868/868 904/904/904
f 869/869/869 868/868/868 903/903/903
f 871/871/871 905/905/905 870/870/870
f 906/906/906 905/905/905 871/871/871
f 908/908/908 878/878/878 879/879/879
f 907/907/907 878/878/878 908/908/908
f 909/909/909 884/884/884 910/910/910
f 885/885/885 884/884/884 909/909/909
f 883/883/883 887/887/887 882/882/882
f 888/888/888 887/887/887 883/883/883
f 881/881/881 911/911/911 912/912/912
f 880/880/880 911/911/911 881/881/881
f 894/894/894 893/893/893 895/895/895
f 892/892/892 893/893/893 894/894/894
f 890/890/890 892/892/892 894/894/894
f 891/891/891 892/892/892 890/890/890
f 889/889/889 891/891/891 890/890/890
f 873/873/873 876/876/876 874/874/874
f 897/897/897 876/876/876 873/873/873
f 872/872/872 897/897/897 873/873/873
f 896/896/896 897/897/897 872/872/872
f 886/886/886 896/896/896 872/872/872
f 892/892/892 896/896/896 886/886/886
f 893/893/893 892/892/892 886/886/886
f 877/877/877 897/897/897 898/898/898
f 876/876/876 897/897/897 877/877/877
f 875/875/875 876/876/876 877/877/877
f 900/900/900 899/899/899 901/901/901
f 902/902/902 899/899/899 900/900/900
g Combined Mesh (root: scene)_16
f 914/914/914 915/915/915 918/918/918
f 917/917/917 914/914/914 918/918/918
f 913/913/913 914/914/914 917/917/917
f 916/916/916 913/913/913 917/917/917
g Combined Mesh (root: scene)_17
f 919/919/919 921/921/921 920/920/920
f 922/922/922 921/921/921 919/919/919
f 924/924/924 922/922/922 919/919/919
f 919/919/919 923/923/923 924/924/924
f 925/925/925 961/961/961 960/960/960
f 926/926/926 961/961/961 925/925/925
f 962/962/962 928/928/928 927/927/927
f 963/963/963 928/928/928 962/962/962
f 935/935/935 965/965/965 936/936/936
f 964/964/964 965/965/965 935/935/935
f 941/941/941 967/967/967 966/966/966
f 942/942/942 967/967/967 941/941/941
f 944/944/944 940/940/940 939/939/939
f 945/945/945 940/940/940 944/944/944
f 968/968/968 938/938/938 969/969/969
f 937/937/937 938/938/938 968/968/968
f 948/948/948 947/947/947 946/946/946
f 949/949/949 947/947/947 948/948/948
f 952/952/952 949/949/949 948/948/948
f 950/950/950 949/949/949 952/952/952
f 951/951/951 950/950/950 952/952/952
f 943/943/943 949/949/949 950/950/950
f 953/953/953 949/949/949 943/943/943
f 929/929/929 953/953/953 943/943/943
f 954/954/954 953/953/953 929/929/929
f 930/930/930 954/954/954 929/929/929
f 933/933/933 954/954/954 930/930/930
f 931/931/931 933/933/933 930/930/930
f 934/934/934 933/933/933 932/932/932
f 954/954/954 933/933/933 934/934/934
f 955/955/955 954/954/954 934/934/934
f 957/957/957 956/956/956 958/958/958
f 959/959/959 956/956/956 957/957/957
g Combined Mesh (root: scene)_18
f 975/975/975 971/971/971 974/974/974
f 972/972/972 971/971/971 975/975/975
f 977/977/977 973/973/973 976/976/976
f 970/970/970 973/973/973 977/977/977
