g Combined Mesh (root: scene)
v 92.26109 1.119308 -172.1564
v -92.73891 1.119308 -172.1564
v 92.26109 1.119308 -402.1161
v -92.73891 1.119308 -402.1161
v -305.8804 -127.0534 -2990.245
v 305.8804 -127.0534 -2990.245
v -305.8804 257.8782 -2990.245
v 305.8804 257.8782 -2990.245
v -305.8804 257.8782 -3151.755
v 305.8804 257.8782 -3151.755
v -305.8804 -127.0534 -3151.755
v 305.8804 -127.0534 -3151.755
v -305.8804 257.8782 -2990.245
v 305.8804 257.8782 -2990.245
v -305.8804 257.8782 -3151.755
v 305.8804 257.8782 -3151.755
v -305.8804 -127.0534 -3151.755
v 305.8804 -127.0534 -2990.245
v 305.8804 -127.0534 -3151.755
v -305.8804 -127.0534 -2990.245
v 305.8804 -127.0534 -2990.245
v 305.8804 257.8782 -3151.755
v 305.8804 -127.0534 -3151.755
v 305.8804 257.8782 -2990.245
v -305.8804 -127.0534 -3151.755
v -305.8804 257.8782 -2990.245
v -305.8804 -127.0534 -2990.245
v -305.8804 257.8782 -3151.755
v -157.2173 -59.52718 -3397.436
v 157.5752 -59.52718 -3397.436
v -157.2173 138.5463 -3397.436
v 157.5752 138.5463 -3397.436
v -157.2173 138.5463 -3676.608
v 157.5752 138.5463 -3676.608
v -157.2173 -59.52718 -3676.608
v 157.5752 -59.52718 -3676.608
v -157.2173 138.5463 -3397.436
v 157.5752 138.5463 -3397.436
v -157.2173 138.5463 -3676.608
v 157.5752 138.5463 -3676.608
v -157.2173 -59.52718 -3676.608
v 157.5752 -59.52718 -3397.436
v 157.5752 -59.52718 -3676.608
v -157.2173 -59.52718 -3397.436
v 157.5752 -59.52718 -3397.436
v 157.5752 138.5463 -3676.608
v 157.5752 -59.52718 -3676.608
v 157.5752 138.5463 -3397.436
v -157.2173 -59.52718 -3676.608
v -157.2173 138.5463 -3397.436
v -157.2173 -59.52718 -3397.436
v -157.2173 138.5463 -3676.608
v -88.91046 -93.38539 -3253.474
v 86.26529 -93.38539 -3253.474
v -88.91046 131.9918 -3253.474
v 86.26529 131.9918 -3253.474
v -88.91046 131.9918 -3445.66
v 86.26529 131.9918 -3445.66
v -88.91046 -93.38539 -3445.66
v 86.26529 -93.38539 -3445.66
v -88.91046 131.9918 -3253.474
v 86.26529 131.9918 -3253.474
v -88.91046 131.9918 -3445.66
v 86.26529 131.9918 -3445.66
v -88.91046 -93.38539 -3445.66
v 86.26529 -93.38539 -3253.474
v 86.26529 -93.38539 -3445.66
v -88.91046 -93.38539 -3253.474
v 86.26529 -93.38539 -3253.474
v 86.26529 131.9918 -3445.66
v 86.26529 -93.38539 -3445.66
v 86.26529 131.9918 -3253.474
v -88.91046 -93.38539 -3445.66
v -88.91046 131.9918 -3253.474
v -88.91046 -93.38539 -3253.474
v -88.91046 131.9918 -3445.66
v -16487.24 573.1361 20172.4
v -19104.31 -2304.641 25868.76
v -13900 3836.123 23009.5
v -16517.2 958.2097 28705.73
v -19074.87 -2690.371 17334.86
v -21691.83 -5568.003 23031.34
v -21721.05 -5183.389 31565.93
v -24308.69 -8446.896 28728.39
v -19133.82 -1920.402 34403.03
v -156.3712 5.072338 -2366.135
v -149.6547 3.30513 -2366.135
v -153.6337 15.47697 -2366.135
v -146.9171 13.70976 -2366.135
v -153.6337 15.47697 -2345.85
v -146.9171 13.70976 -2345.85
v -156.3712 5.072338 -2345.85
v -149.6547 3.30513 -2345.85
v -151.9177 15.02547 -2360.953
v -148.6331 14.16126 -2360.953
v -148.6331 14.16126 -2351.032
v -151.9177 15.02547 -2351.032
v -147.1684 33.07562 -2360.953
v -143.8839 32.21141 -2360.953
v -143.7229 32.82312 -2350.398
v -147.0075 33.68733 -2350.398
v -145.7288 38.54721 -2357.453
v -142.4442 37.68299 -2357.453
v -145.0724 41.04185 -2349.568
v -141.7879 40.17764 -2349.568
v -156.3712 5.072338 -2267.598
v -149.6547 3.30513 -2267.598
v -153.6337 15.47697 -2267.598
v -146.9171 13.70976 -2267.598
v -153.6337 15.47697 -2289.79
v -146.9171 13.70976 -2289.79
v -156.3712 5.072338 -2289.79
v -149.6547 3.30513 -2289.79
v -151.9177 15.02547 -2273.268
v -148.6331 14.16126 -2273.268
v -148.6331 14.16126 -2284.12
v -151.9177 15.02547 -2284.12
v -147.1684 33.07562 -2273.268
v -143.8839 32.21141 -2273.268
v -143.7229 32.82312 -2284.832
v -147.0075 33.68733 -2284.832
v -145.7288 38.54721 -2277.096
v -142.4442 37.68299 -2277.096
v -145.0724 41.04185 -2285.775
v -141.7879 40.17764 -2285.775
v -149.6547 3.30513 -2366.135
v -146.9171 13.70976 -2366.135
v -156.3712 5.072338 -2345.85
v -153.6337 15.47697 -2366.135
v -153.6337 15.47697 -2345.85
v -156.3712 5.072338 -2366.135
v -153.6337 15.47697 -2366.135
v -146.9171 13.70976 -2366.135
v -146.9171 13.70976 -2345.85
v -151.9177 15.02547 -2360.953
v -148.6331 14.16126 -2360.953
v -148.6331 14.16126 -2360.953
v -143.8839 32.21141 -2360.953
v -148.6331 14.16126 -2351.032
v -148.6331 14.16126 -2351.032
v -143.7229 32.82312 -2350.398
v -151.9177 15.02547 -2351.032
v -151.9177 15.02547 -2351.032
v -147.1684 33.07562 -2360.953
v -147.0075 33.68733 -2350.398
v -151.9177 15.02547 -2360.953
v -142.4442 37.68299 -2357.453
v -145.7288 38.54721 -2357.453
v -141.7879 40.17764 -2349.568
v -145.0724 41.04185 -2349.568
v -149.6547 3.30513 -2267.598
v -146.9171 13.70976 -2289.79
v -149.6547 3.30513 -2289.79
v -146.9171 13.70976 -2267.598
v -156.3712 5.072338 -2289.79
v -153.6337 15.47697 -2267.598
v -156.3712 5.072338 -2267.598
v -153.6337 15.47697 -2289.79
v -146.9171 13.70976 -2267.598
v -146.9171 13.70976 -2289.79
v -153.6337 15.47697 -2289.79
v -151.9177 15.02547 -2273.268
v -148.6331 14.16126 -2273.268
v -148.6331 14.16126 -2273.268
v -148.6331 14.16126 -2284.12
v -143.8839 32.21141 -2273.268
v -148.6331 14.16126 -2284.12
v -151.9177 15.02547 -2284.12
v -143.7229 32.82312 -2284.832
v -151.9177 15.02547 -2284.12
v -147.1684 33.07562 -2273.268
v -151.9177 15.02547 -2273.268
v -147.0075 33.68733 -2284.832
v -142.4442 37.68299 -2277.096
v -145.7288 38.54721 -2277.096
v -141.7879 40.17764 -2285.775
v -145.0724 41.04185 -2285.775
v -146.9171 13.70976 -2345.85
v -149.6547 3.30513 -2345.85
v -153.6337 15.47697 -2345.85
v -153.6337 15.47697 -2267.598
v 149.9437 3.609232 -1263.091
v 156.7664 5.404365 -1263.091
v 147.2061 14.01386 -1263.091
v 154.0288 15.80899 -1263.091
v 147.2061 14.01386 -1242.806
v 154.0288 15.80899 -1242.806
v 149.9437 3.609232 -1242.806
v 156.7664 5.404365 -1242.806
v 148.9492 14.47249 -1257.909
v 152.2857 15.35036 -1257.909
v 152.2857 15.35036 -1247.988
v 148.9492 14.47249 -1247.988
v 144.2 32.52264 -1257.909
v 147.5365 33.40051 -1257.909
v 147.3755 34.01222 -1247.354
v 144.0391 33.13435 -1247.354
v 142.7604 37.99423 -1254.409
v 146.0968 38.8721 -1254.409
v 142.104 40.48888 -1246.524
v 145.4405 41.36674 -1246.524
v 149.9437 3.609232 -1164.554
v 156.7664 5.404365 -1164.554
v 147.2061 14.01386 -1164.554
v 154.0288 15.80899 -1164.554
v 147.2061 14.01386 -1186.746
v 154.0288 15.80899 -1186.746
v 149.9437 3.609232 -1186.746
v 156.7664 5.404365 -1186.746
v 148.9492 14.47249 -1170.224
v 152.2857 15.35036 -1170.224
v 152.2857 15.35036 -1181.076
v 148.9492 14.47249 -1181.076
v 144.2 32.52264 -1170.224
v 147.5365 33.40051 -1170.224
v 147.3755 34.01222 -1181.788
v 144.0391 33.13435 -1181.788
v 142.7604 37.99423 -1174.052
v 146.0968 38.8721 -1174.052
v 142.104 40.48888 -1182.731
v 145.4405 41.36674 -1182.731
v 156.7664 5.404365 -1263.091
v 154.0288 15.80899 -1263.091
v 149.9437 3.609232 -1242.806
v 147.2061 14.01386 -1263.091
v 147.2061 14.01386 -1242.806
v 149.9437 3.609232 -1263.091
v 147.2061 14.01386 -1263.091
v 154.0288 15.80899 -1263.091
v 154.0288 15.80899 -1242.806
v 148.9492 14.47249 -1257.909
v 152.2857 15.35036 -1257.909
v 152.2857 15.35036 -1257.909
v 147.5365 33.40051 -1257.909
v 152.2857 15.35036 -1247.988
v 152.2857 15.35036 -1247.988
v 147.3755 34.01222 -1247.354
v 148.9492 14.47249 -1247.988
v 148.9492 14.47249 -1247.988
v 144.2 32.52264 -1257.909
v 144.0391 33.13435 -1247.354
v 148.9492 14.47249 -1257.909
v 146.0968 38.8721 -1254.409
v 142.7604 37.99423 -1254.409
v 145.4405 41.36674 -1246.524
v 142.104 40.48888 -1246.524
v 156.7664 5.404365 -1164.554
v 154.0288 15.80899 -1186.746
v 156.7664 5.404365 -1186.746
v 154.0288 15.80899 -1164.554
v 149.9437 3.609232 -1186.746
v 147.2061 14.01386 -1164.554
v 149.9437 3.609232 -1164.554
v 147.2061 14.01386 -1186.746
v 154.0288 15.80899 -1164.554
v 154.0288 15.80899 -1186.746
v 147.2061 14.01386 -1186.746
v 148.9492 14.47249 -1170.224
v 152.2857 15.35036 -1170.224
v 152.2857 15.35036 -1170.224
v 152.2857 15.35036 -1181.076
v 147.5365 33.40051 -1170.224
v 152.2857 15.35036 -1181.076
v 148.9492 14.47249 -1181.076
v 147.3755 34.01222 -1181.788
v 148.9492 14.47249 -1181.076
v 144.2 32.52264 -1170.224
v 148.9492 14.47249 -1170.224
v 144.0391 33.13435 -1181.788
v 146.0968 38.8721 -1174.052
v 142.7604 37.99423 -1174.052
v 145.4405 41.36674 -1182.731
v 142.104 40.48888 -1182.731
v 154.0288 15.80899 -1242.806
v 156.7664 5.404365 -1242.806
v 147.2061 14.01386 -1242.806
v 147.2061 14.01386 -1164.554
v 150.5521 3.535895 -3461.284
v 157.3551 5.325842 -3461.284
v 147.8145 13.94052 -3461.284
v 154.6175 15.73047 -3461.284
v 147.8145 13.94052 -3440.998
v 154.6175 15.73047 -3440.998
v 150.5521 3.535895 -3440.998
v 157.3551 5.325842 -3440.998
v 149.5526 14.39783 -3456.101
v 152.8794 15.27316 -3456.101
v 152.8794 15.27316 -3446.181
v 149.5526 14.39783 -3446.181
v 144.8034 32.44798 -3456.101
v 148.1302 33.32331 -3456.101
v 147.9692 33.93502 -3445.546
v 144.6424 33.05969 -3445.546
v 143.3637 37.91957 -3452.602
v 146.6905 38.7949 -3452.602
v 142.7073 40.41422 -3444.717
v 146.0342 41.28955 -3444.717
v 150.5521 3.535895 -3362.747
v 157.3551 5.325842 -3362.747
v 147.8145 13.94052 -3362.747
v 154.6175 15.73047 -3362.747
v 147.8145 13.94052 -3384.938
v 154.6175 15.73047 -3384.938
v 150.5521 3.535895 -3384.938
v 157.3551 5.325842 -3384.938
v 149.5526 14.39783 -3368.416
v 152.8794 15.27316 -3368.416
v 152.8794 15.27316 -3379.269
v 149.5526 14.39783 -3379.269
v 144.8034 32.44798 -3368.416
v 148.1302 33.32331 -3368.416
v 147.9692 33.93502 -3379.98
v 144.6424 33.05969 -3379.98
v 143.3637 37.91957 -3372.244
v 146.6905 38.7949 -3372.244
v 142.7073 40.41422 -3380.923
v 146.0342 41.28955 -3380.923
v 157.3551 5.325842 -3461.284
v 154.6175 15.73047 -3461.284
v 150.5521 3.535895 -3440.998
v 147.8145 13.94052 -3461.284
v 147.8145 13.94052 -3440.998
v 150.5521 3.535895 -3461.284
v 147.8145 13.94052 -3461.284
v 154.6175 15.73047 -3461.284
v 154.6175 15.73047 -3440.998
v 149.5526 14.39783 -3456.101
v 152.8794 15.27316 -3456.101
v 152.8794 15.27316 -3456.101
v 148.1302 33.32331 -3456.101
v 152.8794 15.27316 -3446.181
v 152.8794 15.27316 -3446.181
v 147.9692 33.93502 -3445.546
v 149.5526 14.39783 -3446.181
v 149.5526 14.39783 -3446.181
v 144.8034 32.44798 -3456.101
v 144.6424 33.05969 -3445.546
v 149.5526 14.39783 -3456.101
v 146.6905 38.7949 -3452.602
v 143.3637 37.91957 -3452.602
v 146.0342 41.28955 -3444.717
v 142.7073 40.41422 -3444.717
v 157.3551 5.325842 -3362.747
v 154.6175 15.73047 -3384.938
v 157.3551 5.325842 -3384.938
v 154.6175 15.73047 -3362.747
v 150.5521 3.535895 -3384.938
v 147.8145 13.94052 -3362.747
v 150.5521 3.535895 -3362.747
v 147.8145 13.94052 -3384.938
v 154.6175 15.73047 -3362.747
v 154.6175 15.73047 -3384.938
v 147.8145 13.94052 -3384.938
v 149.5526 14.39783 -3368.416
v 152.8794 15.27316 -3368.416
v 152.8794 15.27316 -3368.416
v 152.8794 15.27316 -3379.269
v 148.1302 33.32331 -3368.416
v 152.8794 15.27316 -3379.269
v 149.5526 14.39783 -3379.269
v 147.9692 33.93502 -3379.98
v 149.5526 14.39783 -3379.269
v 144.8034 32.44798 -3368.416
v 149.5526 14.39783 -3368.416
v 144.6424 33.05969 -3379.98
v 146.6905 38.7949 -3372.244
v 143.3637 37.91957 -3372.244
v 146.0342 41.28955 -3380.923
v 142.7073 40.41422 -3380.923
v 154.6175 15.73047 -3440.998
v 157.3551 5.325842 -3440.998
v 147.8145 13.94052 -3440.998
v 147.8145 13.94052 -3362.747
v 151.5912 3.678912 -164.1712
v 157.5669 5.251215 -164.1712
v 148.8536 14.08354 -164.1712
v 154.8293 15.65584 -164.1712
v 148.8536 14.08354 -143.8854
v 154.8293 15.65584 -143.8854
v 151.5912 3.678912 -143.8854
v 157.5669 5.251215 -143.8854
v 150.3803 14.48524 -158.9885
v 153.3026 15.25414 -158.9885
v 153.3026 15.25414 -149.0681
v 150.3803 14.48524 -149.0681
v 145.6311 32.53539 -158.9885
v 148.5534 33.30429 -158.9885
v 148.3924 33.916 -148.4335
v 145.4701 33.1471 -148.4335
v 144.1914 38.00698 -155.4892
v 147.1137 38.77588 -155.4892
v 143.535 40.50163 -147.6037
v 146.4574 41.27053 -147.6037
v 151.5912 3.678912 -65.6338
v 157.5669 5.251215 -65.6338
v 148.8536 14.08354 -65.6338
v 154.8293 15.65584 -65.6338
v 148.8536 14.08354 -87.82546
v 154.8293 15.65584 -87.82546
v 151.5912 3.678912 -87.82546
v 157.5669 5.251215 -87.82546
v 150.3803 14.48524 -71.30346
v 153.3026 15.25414 -71.30346
v 153.3026 15.25414 -82.15581
v 150.3803 14.48524 -82.15581
v 145.6311 32.53539 -71.30346
v 148.5534 33.30429 -71.30346
v 148.3924 33.916 -82.86746
v 145.4701 33.1471 -82.86746
v 144.1914 38.00698 -75.13144
v 147.1137 38.77588 -75.13144
v 143.535 40.50163 -83.81048
v 146.4574 41.27053 -83.81048
v 157.5669 5.251215 -164.1712
v 154.8293 15.65584 -164.1712
v 151.5912 3.678912 -143.8854
v 148.8536 14.08354 -164.1712
v 148.8536 14.08354 -143.8854
v 151.5912 3.678912 -164.1712
v 148.8536 14.08354 -164.1712
v 154.8293 15.65584 -164.1712
v 154.8293 15.65584 -143.8854
v 150.3803 14.48524 -158.9885
v 153.3026 15.25414 -158.9885
v 153.3026 15.25414 -158.9885
v 148.5534 33.30429 -158.9885
v 153.3026 15.25414 -149.0681
v 153.3026 15.25414 -149.0681
v 148.3924 33.916 -148.4335
v 150.3803 14.48524 -149.0681
v 150.3803 14.48524 -149.0681
v 145.6311 32.53539 -158.9885
v 145.4701 33.1471 -148.4335
v 150.3803 14.48524 -158.9885
v 147.1137 38.77588 -155.4892
v 144.1914 38.00698 -155.4892
v 146.4574 41.27053 -147.6037
v 143.535 40.50163 -147.6037
v 157.5669 5.251215 -65.6338
v 154.8293 15.65584 -87.82546
v 157.5669 5.251215 -87.82546
v 154.8293 15.65584 -65.6338
v 151.5912 3.678912 -87.82546
v 148.8536 14.08354 -65.6338
v 151.5912 3.678912 -65.6338
v 148.8536 14.08354 -87.82546
v 154.8293 15.65584 -65.6338
v 154.8293 15.65584 -87.82546
v 148.8536 14.08354 -87.82546
v 150.3803 14.48524 -71.30346
v 153.3026 15.25414 -71.30346
v 153.3026 15.25414 -71.30346
v 153.3026 15.25414 -82.15581
v 148.5534 33.30429 -71.30346
v 153.3026 15.25414 -82.15581
v 150.3803 14.48524 -82.15581
v 148.3924 33.916 -82.86746
v 150.3803 14.48524 -82.15581
v 145.6311 32.53539 -71.30346
v 150.3803 14.48524 -71.30346
v 145.4701 33.1471 -82.86746
v 147.1137 38.77588 -75.13144
v 144.1914 38.00698 -75.13144
v 146.4574 41.27053 -83.81048
v 143.535 40.50163 -83.81048
v 154.8293 15.65584 -143.8854
v 157.5669 5.251215 -143.8854
v 148.8536 14.08354 -143.8854
v 148.8536 14.08354 -65.6338
v 151.1435 3.779354 -2365.758
v 158.0698 5.601758 -2365.758
v 148.4059 14.18398 -2365.758
v 155.3322 16.00639 -2365.758
v 148.4059 14.18398 -2345.472
v 155.3322 16.00639 -2345.472
v 151.1435 3.779354 -2345.472
v 158.0698 5.601758 -2345.472
v 150.1755 14.64958 -2360.575
v 153.5626 15.54078 -2360.575
v 153.5626 15.54078 -2350.655
v 150.1755 14.64958 -2350.655
v 145.4262 32.69973 -2360.575
v 148.8134 33.59093 -2360.575
v 148.6524 34.20264 -2350.021
v 145.2653 33.31144 -2350.021
v 143.9866 38.17132 -2357.076
v 147.3737 39.06253 -2357.076
v 143.3302 40.66597 -2349.191
v 146.7174 41.55717 -2349.191
v 151.1435 3.779354 -2267.221
v 158.0698 5.601758 -2267.221
v 148.4059 14.18398 -2267.221
v 155.3322 16.00639 -2267.221
v 148.4059 14.18398 -2289.412
v 155.3322 16.00639 -2289.412
v 151.1435 3.779354 -2289.412
v 158.0698 5.601758 -2289.412
v 150.1755 14.64958 -2272.89
v 153.5626 15.54078 -2272.89
v 153.5626 15.54078 -2283.743
v 150.1755 14.64958 -2283.743
v 145.4262 32.69973 -2272.89
v 148.8134 33.59093 -2272.89
v 148.6524 34.20264 -2284.454
v 145.2653 33.31144 -2284.454
v 143.9866 38.17132 -2276.719
v 147.3737 39.06253 -2276.719
v 143.3302 40.66597 -2285.397
v 146.7174 41.55717 -2285.397
v 158.0698 5.601758 -2365.758
v 155.3322 16.00639 -2365.758
v 151.1435 3.779354 -2345.472
v 148.4059 14.18398 -2365.758
v 148.4059 14.18398 -2345.472
v 151.1435 3.779354 -2365.758
v 148.4059 14.18398 -2365.758
v 155.3322 16.00639 -2365.758
v 155.3322 16.00639 -2345.472
v 150.1755 14.64958 -2360.575
v 153.5626 15.54078 -2360.575
v 153.5626 15.54078 -2360.575
v 148.8134 33.59093 -2360.575
v 153.5626 15.54078 -2350.655
v 153.5626 15.54078 -2350.655
v 148.6524 34.20264 -2350.021
v 150.1755 14.64958 -2350.655
v 150.1755 14.64958 -2350.655
v 145.4262 32.69973 -2360.575
v 145.2653 33.31144 -2350.021
v 150.1755 14.64958 -2360.575
v 147.3737 39.06253 -2357.076
v 143.9866 38.17132 -2357.076
v 146.7174 41.55717 -2349.191
v 143.3302 40.66597 -2349.191
v 158.0698 5.601758 -2267.221
v 155.3322 16.00639 -2289.412
v 158.0698 5.601758 -2289.412
v 155.3322 16.00639 -2267.221
v 151.1435 3.779354 -2289.412
v 148.4059 14.18398 -2267.221
v 151.1435 3.779354 -2267.221
v 148.4059 14.18398 -2289.412
v 155.3322 16.00639 -2267.221
v 155.3322 16.00639 -2289.412
v 148.4059 14.18398 -2289.412
v 150.1755 14.64958 -2272.89
v 153.5626 15.54078 -2272.89
v 153.5626 15.54078 -2272.89
v 153.5626 15.54078 -2283.743
v 148.8134 33.59093 -2272.89
v 153.5626 15.54078 -2283.743
v 150.1755 14.64958 -2283.743
v 148.6524 34.20264 -2284.454
v 150.1755 14.64958 -2283.743
v 145.4262 32.69973 -2272.89
v 150.1755 14.64958 -2272.89
v 145.2653 33.31144 -2284.454
v 147.3737 39.06253 -2276.719
v 143.9866 38.17132 -2276.719
v 146.7174 41.55717 -2285.397
v 143.3302 40.66597 -2285.397
v 155.3322 16.00639 -2345.472
v 158.0698 5.601758 -2345.472
v 148.4059 14.18398 -2345.472
v 148.4059 14.18398 -2267.221
v -156.0733 5.033417 -3461.477
v -149.9931 3.433657 -3461.477
v -153.3357 15.43804 -3461.477
v -147.2556 13.83828 -3461.477
v -153.3357 15.43804 -3441.191
v -147.2556 13.83828 -3441.191
v -156.0733 5.033417 -3441.191
v -149.9931 3.433657 -3441.191
v -151.7823 15.02933 -3456.294
v -148.8089 14.247 -3456.294
v -148.8089 14.247 -3446.374
v -151.7823 15.02933 -3446.374
v -147.0331 33.07948 -3456.294
v -144.0597 32.29715 -3456.294
v -143.8988 32.90886 -3445.739
v -146.8721 33.69119 -3445.739
v -145.5934 38.55107 -3452.795
v -142.6201 37.76874 -3452.795
v -144.937 41.04572 -3444.909
v -141.9637 40.26339 -3444.909
v -156.0733 5.033417 -3362.939
v -149.9931 3.433657 -3362.939
v -153.3357 15.43804 -3362.939
v -147.2556 13.83828 -3362.939
v -153.3357 15.43804 -3385.131
v -147.2556 13.83828 -3385.131
v -156.0733 5.033417 -3385.131
v -149.9931 3.433657 -3385.131
v -151.7823 15.02933 -3368.609
v -148.8089 14.247 -3368.609
v -148.8089 14.247 -3379.462
v -151.7823 15.02933 -3379.462
v -147.0331 33.07948 -3368.609
v -144.0597 32.29715 -3368.609
v -143.8988 32.90886 -3380.173
v -146.8721 33.69119 -3380.173
v -145.5934 38.55107 -3372.437
v -142.6201 37.76874 -3372.437
v -144.937 41.04572 -3381.116
v -141.9637 40.26339 -3381.116
v -149.9931 3.433657 -3461.477
v -147.2556 13.83828 -3461.477
v -156.0733 5.033417 -3441.191
v -153.3357 15.43804 -3461.477
v -153.3357 15.43804 -3441.191
v -156.0733 5.033417 -3461.477
v -153.3357 15.43804 -3461.477
v -147.2556 13.83828 -3461.477
v -147.2556 13.83828 -3441.191
v -151.7823 15.02933 -3456.294
v -148.8089 14.247 -3456.294
v -148.8089 14.247 -3456.294
v -144.0597 32.29715 -3456.294
v -148.8089 14.247 -3446.374
v -148.8089 14.247 -3446.374
v -143.8988 32.90886 -3445.739
v -151.7823 15.02933 -3446.374
v -151.7823 15.02933 -3446.374
v -147.0331 33.07948 -3456.294
v -146.8721 33.69119 -3445.739
v -151.7823 15.02933 -3456.294
v -142.6201 37.76874 -3452.795
v -145.5934 38.55107 -3452.795
v -141.9637 40.26339 -3444.909
v -144.937 41.04572 -3444.909
v -149.9931 3.433657 -3362.939
v -147.2556 13.83828 -3385.131
v -149.9931 3.433657 -3385.131
v -147.2556 13.83828 -3362.939
v -156.0733 5.033417 -3385.131
v -153.3357 15.43804 -3362.939
v -156.0733 5.033417 -3362.939
v -153.3357 15.43804 -3385.131
v -147.2556 13.83828 -3362.939
v -147.2556 13.83828 -3385.131
v -153.3357 15.43804 -3385.131
v -151.7823 15.02933 -3368.609
v -148.8089 14.247 -3368.609
v -148.8089 14.247 -3368.609
v -148.8089 14.247 -3379.462
v -144.0597 32.29715 -3368.609
v -148.8089 14.247 -3379.462
v -151.7823 15.02933 -3379.462
v -143.8988 32.90886 -3380.173
v -151.7823 15.02933 -3379.462
v -147.0331 33.07948 -3368.609
v -151.7823 15.02933 -3368.609
v -146.8721 33.69119 -3380.173
v -142.6201 37.76874 -3372.437
v -145.5934 38.55107 -3372.437
v -141.9637 40.26339 -3381.116
v -144.937 41.04572 -3381.116
v -147.2556 13.83828 -3441.191
v -149.9931 3.433657 -3441.191
v -153.3357 15.43804 -3441.191
v -153.3357 15.43804 -3362.939
v 467.8754 -259.506 -3596.271
v 482.4841 -259.506 -3558.137
v 533.7014 -259.506 -3558.13
v 548.8011 -259.506 -3596.271
v 451.1804 44.30704 -3596.271
v 472.3619 44.30704 -3543.792
v 542.8521 44.30704 -3543.803
v 565.4962 44.30704 -3596.271
v 508.3383 44.30704 -3596.271
v 434.1691 32.46108 -3596.271
v 462.0473 32.46108 -3529.191
v 551.994 32.46108 -3529.188
v 582.5074 32.46108 -3596.271
v 434.1691 -225.1796 -3596.271
v 462.0473 -225.1796 -3529.191
v 551.994 -225.1796 -3529.188
v 582.5074 -225.1796 -3596.271
v 415.948 -44.0633 -3596.271
v 450.9994 -44.0633 -3513.626
v 561.22 -44.0633 -3513.634
v 600.7289 -44.0633 -3596.271
v 415.948 -153.356 -3596.271
v 450.9994 -153.356 -3513.626
v 561.22 -153.356 -3513.634
v 600.7289 -153.356 -3596.271
v 508.3383 -259.506 -3596.271
v 478.4348 -259.506 -3596.271
v 488.8867 -259.506 -3567.224
v 527.8915 -259.506 -3567.223
v 538.2417 -259.506 -3596.271
v 456.0982 -291.7637 -3596.271
v 467.8835 -297.5595 -3596.271
v 475.3434 -291.7637 -3547.983
v 482.489 -297.5595 -3558.138
v 540.2289 -291.7637 -3547.971
v 533.6975 -297.5595 -3558.131
v 560.5787 -291.7637 -3596.271
v 548.793 -297.5595 -3596.271
v 458.8518 -297.5595 -3596.271
v 477.013 -297.5595 -3550.471
v 538.5224 -297.5595 -3550.486
v 557.8247 -297.5595 -3596.271
v 407.7369 -149.3803 -3596.271
v 407.7372 -48.0389 -3596.271
v 446.0209 -149.3803 -3506.481
v 446.0213 -48.0389 -3506.481
v 565.4104 -149.3803 -3506.478
v 565.4104 -48.0389 -3506.478
v 608.9396 -149.3803 -3596.271
v 608.9396 -48.0389 -3596.271
v 482.4841 -259.506 -3634.404
v 533.7014 -259.506 -3634.412
v 472.3619 44.30704 -3648.749
v 542.8521 44.30704 -3648.739
v 462.0473 32.46108 -3663.351
v 551.994 32.46108 -3663.354
v 462.0473 -225.1796 -3663.351
v 551.994 -225.1796 -3663.354
v 450.9994 -44.0633 -3678.916
v 561.22 -44.0633 -3678.908
v 450.9994 -153.356 -3678.916
v 561.22 -153.356 -3678.908
v 488.8867 -259.506 -3625.318
v 527.8915 -259.506 -3625.318
v 475.3434 -291.7637 -3644.558
v 482.489 -297.5595 -3634.403
v 540.2289 -291.7637 -3644.571
v 533.6975 -297.5595 -3634.411
v 477.013 -297.5595 -3642.071
v 538.5224 -297.5595 -3642.056
v 446.0209 -149.3803 -3686.061
v 446.0213 -48.0389 -3686.061
v 565.4104 -149.3803 -3686.063
v 565.4104 -48.0389 -3686.063
v 482.4841 -259.506 -3558.137
v 462.0473 -225.1796 -3529.191
v 533.7014 -259.506 -3558.13
v 551.994 -225.1796 -3529.188
v 472.3619 44.30704 -3543.792
v 451.1804 44.30704 -3596.271
v 462.0473 32.46108 -3529.191
v 542.8521 44.30704 -3543.803
v 472.3619 44.30704 -3543.792
v 551.994 32.46108 -3529.188
v 565.4962 44.30704 -3596.271
v 542.8521 44.30704 -3543.803
v 450.9994 -153.356 -3513.626
v 561.22 -153.356 -3513.634
v 450.9994 -44.0633 -3513.626
v 561.22 -44.0633 -3513.634
v 446.0209 -149.3803 -3506.481
v 446.0213 -48.0389 -3506.481
v 565.4104 -149.3803 -3506.478
v 565.4104 -48.0389 -3506.478
v 478.4348 -259.506 -3596.271
v 482.489 -297.5595 -3558.138
v 488.8867 -259.506 -3567.224
v 467.8835 -297.5595 -3596.271
v 475.3434 -291.7637 -3547.983
v 533.6975 -297.5595 -3558.131
v 527.8915 -259.506 -3567.223
v 540.2289 -291.7637 -3547.971
v 548.793 -297.5595 -3596.271
v 538.2417 -259.506 -3596.271
v 458.8518 -297.5595 -3596.271
v 477.013 -297.5595 -3550.471
v 477.013 -297.5595 -3550.471
v 538.5224 -297.5595 -3550.486
v 538.5224 -297.5595 -3550.486
v 557.8247 -297.5595 -3596.271
v 467.8754 -259.506 -3596.271
v 434.1691 -225.1796 -3596.271
v 482.4841 -259.506 -3634.404
v 462.0473 -225.1796 -3663.351
v 533.7014 -259.506 -3634.412
v 582.5074 -225.1796 -3596.271
v 551.994 -225.1796 -3663.354
v 548.8011 -259.506 -3596.271
v 434.1691 32.46108 -3596.271
v 472.3619 44.30704 -3648.749
v 451.1804 44.30704 -3596.271
v 462.0473 32.46108 -3663.351
v 542.8521 44.30704 -3648.739
v 472.3619 44.30704 -3648.749
v 551.994 32.46108 -3663.354
v 565.4962 44.30704 -3596.271
v 542.8521 44.30704 -3648.739
v 582.5074 32.46108 -3596.271
v 415.948 -153.356 -3596.271
v 450.9994 -153.356 -3678.916
v 600.7289 -153.356 -3596.271
v 561.22 -153.356 -3678.908
v 415.948 -44.0633 -3596.271
v 450.9994 -44.0633 -3678.916
v 561.22 -44.0633 -3678.908
v 600.7289 -44.0633 -3596.271
v 407.7369 -149.3803 -3596.271
v 407.7372 -48.0389 -3596.271
v 446.0209 -149.3803 -3686.061
v 446.0213 -48.0389 -3686.061
v 565.4104 -149.3803 -3686.063
v 608.9396 -48.0389 -3596.271
v 565.4104 -48.0389 -3686.063
v 608.9396 -149.3803 -3596.271
v 456.0982 -291.7637 -3596.271
v 482.489 -297.5595 -3634.403
v 488.8867 -259.506 -3625.318
v 475.3434 -291.7637 -3644.558
v 533.6975 -297.5595 -3634.411
v 527.8915 -259.506 -3625.318
v 540.2289 -291.7637 -3644.571
v 560.5787 -291.7637 -3596.271
v 458.8518 -297.5595 -3596.271
v 477.013 -297.5595 -3642.071
v 477.013 -297.5595 -3642.071
v 538.5224 -297.5595 -3642.056
v 538.5224 -297.5595 -3642.056
v 557.8247 -297.5595 -3596.271
v 482.4841 -259.506 -3558.137
v 467.8754 -259.506 -3596.271
v 533.7014 -259.506 -3558.13
v 482.4841 -259.506 -3558.137
v 488.8867 -259.506 -3567.224
v 482.489 -297.5595 -3558.138
v 548.8011 -259.506 -3596.271
v 533.7014 -259.506 -3558.13
v 527.8915 -259.506 -3567.223
v 533.6975 -297.5595 -3558.131
v 446.0209 -149.3803 -3506.481
v 407.7369 -149.3803 -3596.271
v 407.7372 -48.0389 -3596.271
v 446.0213 -48.0389 -3506.481
v 565.4104 -149.3803 -3506.478
v 446.0209 -149.3803 -3506.481
v 446.0213 -48.0389 -3506.481
v 565.4104 -48.0389 -3506.478
v 608.9396 -149.3803 -3596.271
v 565.4104 -149.3803 -3506.478
v 565.4104 -48.0389 -3506.478
v 608.9396 -48.0389 -3596.271
v 482.4841 -259.506 -3634.404
v 467.8754 -259.506 -3596.271
v 533.7014 -259.506 -3634.412
v 482.4841 -259.506 -3634.404
v 488.8867 -259.506 -3625.318
v 482.489 -297.5595 -3634.403
v 548.8011 -259.506 -3596.271
v 533.7014 -259.506 -3634.412
v 527.8915 -259.506 -3625.318
v 533.6975 -297.5595 -3634.411
v 446.0209 -149.3803 -3686.061
v 407.7369 -149.3803 -3596.271
v 407.7372 -48.0389 -3596.271
v 446.0213 -48.0389 -3686.061
v 565.4104 -149.3803 -3686.063
v 446.0209 -149.3803 -3686.061
v 446.0213 -48.0389 -3686.061
v 565.4104 -48.0389 -3686.063
v 608.9396 -149.3803 -3596.271
v 565.4104 -149.3803 -3686.063
v 565.4104 -48.0389 -3686.063
v 608.9396 -48.0389 -3596.271
v -271.5989 223.6893 -353.0621
v -231.042 266.334 -353.0621
v -271.5989 308.9786 -353.0621
v -271.5988 223.6893 326.5652
v -231.0419 266.334 326.5652
v -271.5988 308.9786 326.5652
v -170.2839 10.13748 288.8042
v 170.9263 10.13741 288.8042
v -170.2839 10.13748 -3654.831
v 170.9263 10.13741 -3654.831
v -134.2246 0.7695172 288.8042
v -134.2524 0.7195672 -3654.831
v 134.7162 0.7695172 288.8042
v 134.7162 0.7195672 -3654.831
v -134.2246 -15.31537 -3654.831
v 134.7162 -15.31537 -3654.831
v -134.2246 0.7695172 0.7572924
v 134.7162 0.7695172 0.7572924
v -134.2246 -15.31537 0.7572924
v 134.7162 -15.31537 0.7572924
v -105.8419 -38.74364 0.7572924
v -105.8419 -38.74364 -3400.706
v 106.3336 -38.74364 0.7572924
v 106.3336 -38.74364 -3400.706
v -69.68954 -3.902817 0.7572924
v -69.68954 -3.902817 -3400.706
v 70.18163 -3.902817 0.7572924
v 70.18163 -3.902817 -3400.706
v 134.7162 0.7695172 0.7572924
v 134.7162 0.7195672 -3654.831
v -134.2246 0.7695172 0.7572924
v -134.2524 0.7195672 -3654.831
v -134.2246 -15.31537 -3654.831
v -134.2246 -15.31537 0.7572924
v 134.7162 -15.31537 0.7572924
v 134.7162 -15.31537 -3654.831
v -134.2246 0.7695172 288.8042
v -134.2246 0.7695172 0.7572924
v 134.7162 0.7695172 288.8042
v 134.7162 0.7695172 0.7572924
v -105.8419 -38.74364 -3400.706
v -105.8419 -38.74364 0.7572924
v 106.3336 -38.74364 0.7572924
v 106.3336 -38.74364 -3400.706
v -551.3326 -259.506 -3596.271
v -536.7236 -259.506 -3558.137
v -485.5063 -259.506 -3558.13
v -470.4062 -259.506 -3596.271
v -568.0273 44.30704 -3596.271
v -546.8458 44.30704 -3543.792
v -476.3556 44.30704 -3543.803
v -453.7115 44.30704 -3596.271
v -510.8694 44.30704 -3596.271
v -585.0386 32.46108 -3596.271
v -557.1604 32.46108 -3529.191
v -467.214 32.46108 -3529.188
v -436.7003 32.46108 -3596.271
v -585.0386 -225.1796 -3596.271
v -557.1604 -225.1796 -3529.191
v -467.214 -225.1796 -3529.188
v -436.7003 -225.1796 -3596.271
v -603.2597 -44.0633 -3596.271
v -568.2083 -44.0633 -3513.626
v -457.9877 -44.0633 -3513.634
v -418.4788 -44.0633 -3596.271
v -603.2597 -153.356 -3596.271
v -568.2083 -153.356 -3513.626
v -457.9877 -153.356 -3513.634
v -418.4788 -153.356 -3596.271
v -510.8694 -259.506 -3596.271
v -540.7728 -259.506 -3596.271
v -530.321 -259.506 -3567.224
v -491.3161 -259.506 -3567.223
v -480.966 -259.506 -3596.271
v -563.1095 -291.7637 -3596.271
v -551.3242 -297.5595 -3596.271
v -543.8643 -291.7637 -3547.983
v -536.7187 -297.5595 -3558.138
v -478.9788 -291.7637 -3547.971
v -485.5102 -297.5595 -3558.131
v -458.6293 -291.7637 -3596.271
v -470.4147 -297.5595 -3596.271
v -560.3558 -297.5595 -3596.271
v -542.1946 -297.5595 -3550.471
v -480.6852 -297.5595 -3550.486
v -461.383 -297.5595 -3596.271
v -611.4708 -149.3803 -3596.271
v -611.4705 -48.0389 -3596.271
v -573.1867 -149.3803 -3506.481
v -573.1864 -48.0389 -3506.481
v -453.7972 -149.3803 -3506.478
v -453.7972 -48.0389 -3506.478
v -410.2681 -149.3803 -3596.271
v -410.2681 -48.0389 -3596.271
v -536.7236 -259.506 -3634.404
v -485.5063 -259.506 -3634.412
v -546.8458 44.30704 -3648.749
v -476.3556 44.30704 -3648.739
v -557.1604 32.46108 -3663.351
v -467.214 32.46108 -3663.354
v -557.1604 -225.1796 -3663.351
v -467.214 -225.1796 -3663.354
v -568.2083 -44.0633 -3678.916
v -457.9877 -44.0633 -3678.908
v -568.2083 -153.356 -3678.916
v -457.9877 -153.356 -3678.908
v -530.321 -259.506 -3625.318
v -491.3161 -259.506 -3625.318
v -543.8643 -291.7637 -3644.558
v -536.7187 -297.5595 -3634.403
v -478.9788 -291.7637 -3644.571
v -485.5102 -297.5595 -3634.411
v -542.1946 -297.5595 -3642.071
v -480.6852 -297.5595 -3642.056
v -573.1867 -149.3803 -3686.061
v -573.1864 -48.0389 -3686.061
v -453.7972 -149.3803 -3686.063
v -453.7972 -48.0389 -3686.063
v -536.7236 -259.506 -3558.137
v -557.1604 -225.1796 -3529.191
v -485.5063 -259.506 -3558.13
v -467.214 -225.1796 -3529.188
v -546.8458 44.30704 -3543.792
v -568.0273 44.30704 -3596.271
v -557.1604 32.46108 -3529.191
v -476.3556 44.30704 -3543.803
v -546.8458 44.30704 -3543.792
v -467.214 32.46108 -3529.188
v -453.7115 44.30704 -3596.271
v -476.3556 44.30704 -3543.803
v -568.2083 -153.356 -3513.626
v -457.9877 -153.356 -3513.634
v -568.2083 -44.0633 -3513.626
v -457.9877 -44.0633 -3513.634
v -573.1867 -149.3803 -3506.481
v -573.1864 -48.0389 -3506.481
v -453.7972 -149.3803 -3506.478
v -453.7972 -48.0389 -3506.478
v -540.7728 -259.506 -3596.271
v -536.7187 -297.5595 -3558.138
v -530.321 -259.506 -3567.224
v -551.3242 -297.5595 -3596.271
v -543.8643 -291.7637 -3547.983
v -485.5102 -297.5595 -3558.131
v -491.3161 -259.506 -3567.223
v -478.9788 -291.7637 -3547.971
v -470.4147 -297.5595 -3596.271
v -480.966 -259.506 -3596.271
v -560.3558 -297.5595 -3596.271
v -542.1946 -297.5595 -3550.471
v -542.1946 -297.5595 -3550.471
v -480.6852 -297.5595 -3550.486
v -480.6852 -297.5595 -3550.486
v -461.383 -297.5595 -3596.271
v -551.3326 -259.506 -3596.271
v -585.0386 -225.1796 -3596.271
v -536.7236 -259.506 -3634.404
v -557.1604 -225.1796 -3663.351
v -485.5063 -259.506 -3634.412
v -436.7003 -225.1796 -3596.271
v -467.214 -225.1796 -3663.354
v -470.4062 -259.506 -3596.271
v -585.0386 32.46108 -3596.271
v -546.8458 44.30704 -3648.749
v -568.0273 44.30704 -3596.271
v -557.1604 32.46108 -3663.351
v -476.3556 44.30704 -3648.739
v -546.8458 44.30704 -3648.749
v -467.214 32.46108 -3663.354
v -453.7115 44.30704 -3596.271
v -476.3556 44.30704 -3648.739
v -436.7003 32.46108 -3596.271
v -603.2597 -153.356 -3596.271
v -568.2083 -153.356 -3678.916
v -418.4788 -153.356 -3596.271
v -457.9877 -153.356 -3678.908
v -603.2597 -44.0633 -3596.271
v -568.2083 -44.0633 -3678.916
v -457.9877 -44.0633 -3678.908
v -418.4788 -44.0633 -3596.271
v -611.4708 -149.3803 -3596.271
v -611.4705 -48.0389 -3596.271
v -573.1867 -149.3803 -3686.061
v -573.1864 -48.0389 -3686.061
v -453.7972 -149.3803 -3686.063
v -410.2681 -48.0389 -3596.271
v -453.7972 -48.0389 -3686.063
v -410.2681 -149.3803 -3596.271
v -563.1095 -291.7637 -3596.271
v -536.7187 -297.5595 -3634.403
v -530.321 -259.506 -3625.318
v -543.8643 -291.7637 -3644.558
v -485.5102 -297.5595 -3634.411
v -491.3161 -259.506 -3625.318
v -478.9788 -291.7637 -3644.571
v -458.6293 -291.7637 -3596.271
v -560.3558 -297.5595 -3596.271
v -542.1946 -297.5595 -3642.071
v -542.1946 -297.5595 -3642.071
v -480.6852 -297.5595 -3642.056
v -480.6852 -297.5595 -3642.056
v -461.383 -297.5595 -3596.271
v -536.7236 -259.506 -3558.137
v -551.3326 -259.506 -3596.271
v -485.5063 -259.506 -3558.13
v -536.7236 -259.506 -3558.137
v -530.321 -259.506 -3567.224
v -536.7187 -297.5595 -3558.138
v -470.4062 -259.506 -3596.271
v -485.5063 -259.506 -3558.13
v -491.3161 -259.506 -3567.223
v -485.5102 -297.5595 -3558.131
v -573.1867 -149.3803 -3506.481
v -611.4708 -149.3803 -3596.271
v -611.4705 -48.0389 -3596.271
v -573.1864 -48.0389 -3506.481
v -453.7972 -149.3803 -3506.478
v -573.1867 -149.3803 -3506.481
v -573.1864 -48.0389 -3506.481
v -453.7972 -48.0389 -3506.478
v -410.2681 -149.3803 -3596.271
v -453.7972 -149.3803 -3506.478
v -453.7972 -48.0389 -3506.478
v -410.2681 -48.0389 -3596.271
v -536.7236 -259.506 -3634.404
v -551.3326 -259.506 -3596.271
v -485.5063 -259.506 -3634.412
v -536.7236 -259.506 -3634.404
v -530.321 -259.506 -3625.318
v -536.7187 -297.5595 -3634.403
v -470.4062 -259.506 -3596.271
v -485.5063 -259.506 -3634.412
v -491.3161 -259.506 -3625.318
v -485.5102 -297.5595 -3634.411
v -573.1867 -149.3803 -3686.061
v -611.4708 -149.3803 -3596.271
v -611.4705 -48.0389 -3596.271
v -573.1864 -48.0389 -3686.061
v -453.7972 -149.3803 -3686.063
v -573.1867 -149.3803 -3686.061
v -573.1864 -48.0389 -3686.061
v -453.7972 -48.0389 -3686.063
v -410.2681 -149.3803 -3596.271
v -453.7972 -149.3803 -3686.063
v -453.7972 -48.0389 -3686.063
v -410.2681 -48.0389 -3596.271
v -170.5539 9.400879 -83.21402
v -195.8077 106.609 -83.21402
v -270.9385 224.2462 -83.21402
v -195.8077 106.609 -349.2478
v -270.9385 224.2462 -349.2478
v -170.5539 9.400879 -366.9251
v -170.5539 24.36795 -83.21402
v -170.5539 24.36795 -366.9251
v -181.5056 37.39352 -354.5368
v -181.5056 37.39352 -83.21402
v -190.9903 50.61496 -349.2478
v -190.9903 50.61496 -83.21402
v -196.0147 69.73219 -344.1291
v -196.0147 69.73219 -83.21402
v -195.8077 92.61944 -349.2478
v -195.8077 92.61944 -83.21402
v -188.7173 96.43715 -357.4254
v -188.7173 96.43715 -83.21402
v -188.7173 102.5084 -357.4254
v -188.7173 102.5084 -83.21402
v -195.8077 106.609 182.8197
v -270.9385 224.2462 182.8197
v -170.5539 9.400879 200.4976
v -170.5539 24.36795 200.4976
v -181.5056 37.39352 188.1088
v -190.9903 50.61496 182.8197
v -196.0147 69.73219 177.7011
v -195.8077 92.61944 182.8197
v -188.7173 96.43715 190.9974
v -188.7173 102.5084 190.9974
v -195.8077 106.609 -83.21402
v -195.8077 106.609 -349.2478
v -195.8077 106.609 182.8197
v -188.7173 102.5084 -357.4254
v -188.7173 102.5084 -83.21402
v -188.7173 102.5084 190.9974
v 170.9214 9.490433 190.1677
v 345.171 172.6492 190.1677
v 170.9214 9.490433 -37.60626
v 345.171 172.6492 -37.60626
v 170.9214 9.490433 -265.1805
v 345.171 172.6492 -265.1805
v 170.9214 9.490433 -492.7547
v 345.171 172.6492 -492.7547
v 170.9214 9.490433 -720.5278
v 345.171 172.6492 -720.5278
v 170.9214 9.490433 -37.60626
v 345.171 172.6492 -37.60626
v 170.9214 9.490433 -265.1805
v 345.171 172.6492 -265.1805
v 170.9214 9.490433 -492.7547
v 345.171 172.6492 -492.7547
v 204.6144 -144.7101 -3468.433
v 210.8394 -144.7101 -3426.798
v 204.6144 -36.61548 -3468.433
v 210.8394 -36.61548 -3426.798
v 367.4398 -36.61548 -3492.777
v 385.015 -36.61548 -3375.226
v 385.015 -144.7101 -3375.226
v 297.0174 -36.61548 -3421.509
v 210.8394 -36.61548 -3426.798
v 210.8394 -144.7101 -3426.798
v 297.0174 -36.61548 -3421.509
v 385.015 -36.61548 -3375.226
v 204.6144 -36.61548 -3468.433
v 210.8394 -36.61548 -3426.798
v -209.5841 -144.7101 -3469.335
v -215.92 -144.7101 -3427.716
v -209.5841 -36.61548 -3469.335
v -215.92 -36.61548 -3427.716
v -372.344 -36.61548 -3494.113
v -390.2323 -36.61548 -3376.609
v -390.2323 -144.7101 -3376.609
v -302.1118 -36.61548 -3422.657
v -215.92 -36.61548 -3427.716
v -215.92 -144.7101 -3427.716
v -302.1118 -36.61548 -3422.657
v -390.2323 -36.61548 -3376.609
v -209.5841 -36.61548 -3469.335
v -215.92 -36.61548 -3427.716
v -218.644 142.0495 -288.9033
v -218.644 142.0495 -299.1046
v -216.3532 143.5111 -288.9033
v -216.3532 143.5111 -299.1046
v -213.4932 139.0288 -288.9033
v -213.4932 139.0288 -299.1046
v -215.784 137.5671 -288.9033
v -215.784 137.5671 -299.1046
v -215.6225 142.3659 -291.5096
v -215.6225 142.3659 -296.4983
v -214.2239 140.1739 -296.4983
v -214.2239 140.1739 -291.5096
v -211.6485 144.9016 -291.5096
v -211.6485 144.9016 -296.4983
v -210.0257 142.6553 -296.4983
v -210.0257 142.6553 -291.5096
v -209.9504 144.8971 -291.5096
v -209.9504 144.8971 -296.4983
v -208.2895 143.5051 -291.5096
v -208.2895 143.5051 -296.4983
v -204.7517 120.2767 -288.9033
v -204.7517 120.2767 -299.1046
v -202.4609 121.7383 -288.9033
v -202.4609 121.7383 -299.1046
v -205.5896 126.6418 -288.9033
v -205.5896 126.6418 -299.1046
v -207.8804 125.1801 -288.9033
v -207.8804 125.1801 -299.1046
v -203.2602 122.9911 -291.5096
v -203.2602 122.9911 -296.4983
v -204.7903 125.389 -296.4983
v -204.7903 125.389 -291.5096
v -199.2862 125.5268 -291.5096
v -199.2862 125.5268 -296.4983
v -200.7818 128.1679 -296.4983
v -200.7818 128.1679 -291.5096
v -198.6212 127.1413 -291.5096
v -198.6212 127.1413 -296.4983
v -199.2956 129.4094 -291.5096
v -199.2956 129.4094 -296.4983
v -218.644 142.0495 -299.1046
v -216.3532 143.5111 -299.1046
v -215.784 137.5671 -288.9033
v -216.3532 143.5111 -288.9033
v -213.4932 139.0288 -288.9033
v -218.644 142.0495 -288.9033
v -216.3532 143.5111 -288.9033
v -216.3532 143.5111 -299.1046
v -213.4932 139.0288 -299.1046
v -215.6225 142.3659 -291.5096
v -215.6225 142.3659 -296.4983
v -215.6225 142.3659 -296.4983
v -211.6485 144.9016 -296.4983
v -214.2239 140.1739 -296.4983
v -214.2239 140.1739 -296.4983
v -210.0257 142.6553 -296.4983
v -214.2239 140.1739 -291.5096
v -214.2239 140.1739 -291.5096
v -211.6485 144.9016 -291.5096
v -210.0257 142.6553 -291.5096
v -215.6225 142.3659 -291.5096
v -209.9504 144.8971 -296.4983
v -209.9504 144.8971 -291.5096
v -208.2895 143.5051 -296.4983
v -208.2895 143.5051 -291.5096
v -204.7517 120.2767 -299.1046
v -205.5896 126.6418 -299.1046
v -207.8804 125.1801 -299.1046
v -202.4609 121.7383 -299.1046
v -207.8804 125.1801 -288.9033
v -202.4609 121.7383 -288.9033
v -204.7517 120.2767 -288.9033
v -205.5896 126.6418 -288.9033
v -202.4609 121.7383 -299.1046
v -205.5896 126.6418 -299.1046
v -205.5896 126.6418 -288.9033
v -203.2602 122.9911 -291.5096
v -203.2602 122.9911 -296.4983
v -203.2602 122.9911 -296.4983
v -204.7903 125.389 -296.4983
v -199.2862 125.5268 -296.4983
v -204.7903 125.389 -296.4983
v -204.7903 125.389 -291.5096
v -200.7818 128.1679 -296.4983
v -204.7903 125.389 -291.5096
v -199.2862 125.5268 -291.5096
v -203.2602 122.9911 -291.5096
v -200.7818 128.1679 -291.5096
v -198.6212 127.1413 -296.4983
v -198.6212 127.1413 -291.5096
v -199.2956 129.4094 -296.4983
v -199.2956 129.4094 -291.5096
v -213.4932 139.0288 -299.1046
v -215.784 137.5671 -299.1046
v -213.4932 139.0288 -288.9033
v -202.4609 121.7383 -288.9033
v 191.7982 28.40541 -213.2636
v 191.7982 28.40541 -222.0628
v 189.9083 30.35795 -213.2636
v 189.9083 30.35795 -222.0628
v 196.3443 36.58735 -213.2636
v 196.3443 36.58735 -222.0628
v 198.2342 34.6348 -213.2636
v 198.2342 34.6348 -222.0628
v 191.5526 31.94946 -215.5117
v 191.5526 31.94946 -219.8147
v 194.7 34.99581 -219.8147
v 194.7 34.99581 -215.5117
v 188.274 35.33678 -215.5117
v 188.274 35.33678 -219.8147
v 191.5116 38.6928 -219.8147
v 191.5116 38.6928 -215.5117
v 188.3904 37.43815 -215.5117
v 188.3904 37.43815 -219.8147
v 190.439 40.3278 -215.5117
v 190.439 40.3278 -219.8147
v 223.0608 58.66441 -213.2636
v 223.0608 58.66441 -222.0628
v 221.1709 60.61696 -213.2636
v 221.1709 60.61696 -222.0628
v 214.1302 53.80231 -213.2636
v 214.1302 53.80231 -222.0628
v 216.0201 51.84977 -213.2636
v 216.0201 51.84977 -222.0628
v 219.3721 58.87592 -215.5117
v 219.3721 58.87592 -219.8147
v 215.929 55.54336 -219.8147
v 215.929 55.54336 -215.5117
v 216.0935 62.26324 -215.5117
v 216.0935 62.26324 -219.8147
v 212.3135 58.82694 -219.8147
v 212.3135 58.82694 -215.5117
v 213.8852 62.11454 -215.5117
v 213.8852 62.11454 -219.8147
v 210.6785 59.91752 -215.5117
v 210.6785 59.91752 -219.8147
v 191.7982 28.40541 -222.0628
v 189.9083 30.35795 -222.0628
v 198.2342 34.6348 -213.2636
v 189.9083 30.35795 -213.2636
v 196.3443 36.58735 -213.2636
v 191.7982 28.40541 -213.2636
v 189.9083 30.35795 -213.2636
v 189.9083 30.35795 -222.0628
v 196.3443 36.58735 -222.0628
v 191.5526 31.94946 -215.5117
v 191.5526 31.94946 -219.8147
v 191.5526 31.94946 -219.8147
v 188.274 35.33678 -219.8147
v 194.7 34.99581 -219.8147
v 194.7 34.99581 -219.8147
v 191.5116 38.6928 -219.8147
v 194.7 34.99581 -215.5117
v 194.7 34.99581 -215.5117
v 188.274 35.33678 -215.5117
v 191.5116 38.6928 -215.5117
v 191.5526 31.94946 -215.5117
v 188.3904 37.43815 -219.8147
v 188.3904 37.43815 -215.5117
v 190.439 40.3278 -219.8147
v 190.439 40.3278 -215.5117
v 223.0608 58.66441 -222.0628
v 214.1302 53.80231 -222.0628
v 216.0201 51.84977 -222.0628
v 221.1709 60.61696 -222.0628
v 216.0201 51.84977 -213.2636
v 221.1709 60.61696 -213.2636
v 223.0608 58.66441 -213.2636
v 214.1302 53.80231 -213.2636
v 221.1709 60.61696 -222.0628
v 214.1302 53.80231 -222.0628
v 214.1302 53.80231 -213.2636
v 219.3721 58.87592 -215.5117
v 219.3721 58.87592 -219.8147
v 219.3721 58.87592 -219.8147
v 215.929 55.54336 -219.8147
v 216.0935 62.26324 -219.8147
v 215.929 55.54336 -219.8147
v 215.929 55.54336 -215.5117
v 212.3135 58.82694 -219.8147
v 215.929 55.54336 -215.5117
v 216.0935 62.26324 -215.5117
v 219.3721 58.87592 -215.5117
v 212.3135 58.82694 -215.5117
v 213.8852 62.11454 -219.8147
v 213.8852 62.11454 -215.5117
v 210.6785 59.91752 -219.8147
v 210.6785 59.91752 -215.5117
v 196.3443 36.58735 -222.0628
v 198.2342 34.6348 -222.0628
v 196.3443 36.58735 -213.2636
v 221.1709 60.61696 -213.2636
v 190.8241 28.02598 -77.85905
v 190.8241 28.02598 -88.06036
v 188.9343 29.97853 -77.85905
v 188.9343 29.97853 -88.06036
v 195.6587 36.48709 -77.85905
v 195.6587 36.48709 -88.06036
v 197.5486 34.53454 -77.85905
v 197.5486 34.53454 -88.06036
v 190.6522 31.64136 -80.46535
v 190.6522 31.64136 -85.45406
v 193.9407 34.82423 -85.45406
v 193.9407 34.82423 -80.46535
v 187.3737 35.02868 -80.46535
v 187.3737 35.02868 -85.45406
v 190.7614 38.52995 -85.45406
v 190.7614 38.52995 -80.46535
v 187.5398 37.1782 -80.46535
v 187.5398 37.1782 -85.45406
v 189.7006 40.17637 -80.46535
v 189.7006 40.17637 -85.45406
v 223.4877 59.64102 -77.85906
v 223.4877 59.64102 -88.06036
v 221.5979 61.59357 -77.85906
v 221.5979 61.59357 -88.06036
v 214.2417 54.47352 -77.85905
v 214.2417 54.47352 -88.06036
v 216.1315 52.52097 -77.85905
v 216.1315 52.52097 -88.06036
v 219.7185 59.77449 -80.46535
v 219.7185 59.77449 -85.45406
v 216.1211 56.29259 -85.45406
v 216.1211 56.29259 -80.46535
v 216.4399 63.16182 -80.46535
v 216.4399 63.16182 -85.45406
v 212.4955 59.56638 -85.45406
v 212.4955 59.56638 -80.46535
v 214.1771 62.96044 -80.46535
v 214.1771 62.96044 -85.45406
v 210.847 60.64398 -80.46535
v 210.847 60.64398 -85.45406
v 190.8241 28.02598 -88.06036
v 188.9343 29.97853 -88.06036
v 197.5486 34.53454 -77.85905
v 188.9343 29.97853 -77.85905
v 195.6587 36.48709 -77.85905
v 190.8241 28.02598 -77.85905
v 188.9343 29.97853 -77.85905
v 188.9343 29.97853 -88.06036
v 195.6587 36.48709 -88.06036
v 190.6522 31.64136 -80.46535
v 190.6522 31.64136 -85.45406
v 190.6522 31.64136 -85.45406
v 187.3737 35.02868 -85.45406
v 193.9407 34.82423 -85.45406
v 193.9407 34.82423 -85.45406
v 190.7614 38.52995 -85.45406
v 193.9407 34.82423 -80.46535
v 193.9407 34.82423 -80.46535
v 187.3737 35.02868 -80.46535
v 190.7614 38.52995 -80.46535
v 190.6522 31.64136 -80.46535
v 187.5398 37.1782 -85.45406
v 187.5398 37.1782 -80.46535
v 189.7006 40.17637 -85.45406
v 189.7006 40.17637 -80.46535
v 223.4877 59.64102 -88.06036
v 214.2417 54.47352 -88.06036
v 216.1315 52.52097 -88.06036
v 221.5979 61.59357 -88.06036
v 216.1315 52.52097 -77.85905
v 221.5979 61.59357 -77.85906
v 223.4877 59.64102 -77.85906
v 214.2417 54.47352 -77.85905
v 221.5979 61.59357 -88.06036
v 214.2417 54.47352 -88.06036
v 214.2417 54.47352 -77.85905
v 219.7185 59.77449 -80.46535
v 219.7185 59.77449 -85.45406
v 219.7185 59.77449 -85.45406
v 216.1211 56.29259 -85.45406
v 216.4399 63.16182 -85.45406
v 216.1211 56.29259 -85.45406
v 216.1211 56.29259 -80.46535
v 212.4955 59.56638 -85.45406
v 216.1211 56.29259 -80.46535
v 216.4399 63.16182 -80.46535
v 219.7185 59.77449 -80.46535
v 212.4955 59.56638 -80.46535
v 214.1771 62.96044 -85.45406
v 214.1771 62.96044 -80.46535
v 210.847 60.64398 -85.45406
v 210.847 60.64398 -80.46535
v 195.6587 36.48709 -88.06036
v 197.5486 34.53454 -88.06036
v 195.6587 36.48709 -77.85905
v 221.5979 61.59357 -77.85906
v 191.9536 28.5741 -305.8441
v 191.9536 28.5741 -314.988
v 190.0637 30.52665 -305.8441
v 190.0637 30.52665 -314.988
v 196.4942 36.75071 -305.8441
v 196.4942 36.75071 -314.988
v 198.3841 34.79816 -305.8441
v 198.3841 34.79816 -314.988
v 191.7066 32.11679 -308.1802
v 191.7066 32.11679 -312.6519
v 194.8513 35.16053 -312.6519
v 194.8513 35.16053 -308.1802
v 188.428 35.50411 -308.1802
v 188.428 35.50411 -312.6519
v 191.6628 38.85735 -312.6519
v 191.6628 38.85735 -308.1802
v 188.5434 37.60456 -308.1802
v 188.5434 37.60456 -312.6519
v 190.59 40.49213 -308.1802
v 190.59 40.49213 -312.6519
v 223.1894 58.80717 -305.8441
v 223.1894 58.80717 -314.988
v 221.2995 60.75972 -305.8441
v 221.2995 60.75972 -314.988
v 214.2649 53.95091 -305.8441
v 214.2649 53.95091 -314.988
v 216.1547 51.99836 -305.8441
v 216.1547 51.99836 -314.988
v 219.5023 59.02017 -308.1802
v 219.5023 59.02017 -312.6519
v 216.0621 55.69047 -312.6519
v 216.0621 55.69047 -308.1802
v 216.2237 62.40749 -308.1802
v 216.2237 62.40749 -312.6519
v 212.4468 58.97423 -312.6519
v 212.4468 58.97423 -308.1802
v 214.0164 62.2598 -308.1802
v 214.0164 62.2598 -312.6519
v 210.8121 60.06506 -308.1802
v 210.8121 60.06506 -312.6519
v 191.9536 28.5741 -314.988
v 190.0637 30.52665 -314.988
v 198.3841 34.79816 -305.8441
v 190.0637 30.52665 -305.8441
v 196.4942 36.75071 -305.8441
v 191.9536 28.5741 -305.8441
v 190.0637 30.52665 -305.8441
v 190.0637 30.52665 -314.988
v 196.4942 36.75071 -314.988
v 191.7066 32.11679 -308.1802
v 191.7066 32.11679 -312.6519
v 191.7066 32.11679 -312.6519
v 188.428 35.50411 -312.6519
v 194.8513 35.16053 -312.6519
v 194.8513 35.16053 -312.6519
v 191.6628 38.85735 -312.6519
v 194.8513 35.16053 -308.1802
v 194.8513 35.16053 -308.1802
v 188.428 35.50411 -308.1802
v 191.6628 38.85735 -308.1802
v 191.7066 32.11679 -308.1802
v 188.5434 37.60456 -312.6519
v 188.5434 37.60456 -308.1802
v 190.59 40.49213 -312.6519
v 190.59 40.49213 -308.1802
v 223.1894 58.80717 -314.988
v 214.2649 53.95091 -314.988
v 216.1547 51.99836 -314.988
v 221.2995 60.75972 -314.988
v 216.1547 51.99836 -305.8441
v 221.2995 60.75972 -305.8441
v 223.1894 58.80717 -305.8441
v 214.2649 53.95091 -305.8441
v 221.2995 60.75972 -314.988
v 214.2649 53.95091 -314.988
v 214.2649 53.95091 -305.8441
v 219.5023 59.02017 -308.1802
v 219.5023 59.02017 -312.6519
v 219.5023 59.02017 -312.6519
v 216.0621 55.69047 -312.6519
v 216.2237 62.40749 -312.6519
v 216.0621 55.69047 -312.6519
v 216.0621 55.69047 -308.1802
v 212.4468 58.97423 -312.6519
v 216.0621 55.69047 -308.1802
v 216.2237 62.40749 -308.1802
v 219.5023 59.02017 -308.1802
v 212.4468 58.97423 -308.1802
v 214.0164 62.2598 -312.6519
v 214.0164 62.2598 -308.1802
v 210.8121 60.06506 -312.6519
v 210.8121 60.06506 -308.1802
v 196.4942 36.75071 -314.988
v 198.3841 34.79816 -314.988
v 196.4942 36.75071 -305.8441
v 221.2995 60.75972 -305.8441
v 191.9227 28.67888 -668.7202
v 191.9227 28.67888 -677.116
v 190.0329 30.63143 -668.7202
v 190.0329 30.63143 -677.116
v 196.3808 36.77561 -668.7202
v 196.3808 36.77561 -677.116
v 198.2707 34.82306 -668.7202
v 198.2707 34.82306 -677.116
v 191.6547 32.20117 -670.8652
v 191.6547 32.20117 -674.9709
v 194.759 35.20584 -674.9709
v 194.759 35.20584 -670.8652
v 188.3761 35.58849 -670.8652
v 188.3761 35.58849 -674.9709
v 191.5679 38.90017 -674.9709
v 191.5679 38.90017 -670.8652
v 188.4772 37.67516 -670.8652
v 188.4772 37.67516 -674.9709
v 190.4917 40.53168 -670.8652
v 190.4917 40.53168 -674.9709
v 222.7577 58.52395 -668.7202
v 222.7577 58.52395 -677.116
v 220.8678 60.4765 -668.7202
v 220.8678 60.4765 -677.116
v 213.9234 53.75507 -668.7202
v 213.9234 53.75507 -677.116
v 215.8133 51.80252 -668.7202
v 215.8133 51.80252 -677.116
v 219.0936 58.75927 -670.8652
v 219.0936 58.75927 -674.9709
v 215.6976 55.4723 -674.9709
v 215.6976 55.4723 -670.8652
v 215.815 62.14659 -670.8652
v 215.815 62.14659 -674.9709
v 212.0852 58.75887 -674.9709
v 212.0852 58.75887 -670.8652
v 213.6233 62.01398 -670.8652
v 213.6233 62.01398 -674.9709
v 210.4543 59.85341 -670.8652
v 210.4543 59.85341 -674.9709
v 191.9227 28.67888 -677.116
v 190.0329 30.63143 -677.116
v 198.2707 34.82306 -668.7202
v 190.0329 30.63143 -668.7202
v 196.3808 36.77561 -668.7202
v 191.9227 28.67888 -668.7202
v 190.0329 30.63143 -668.7202
v 190.0329 30.63143 -677.116
v 196.3808 36.77561 -677.116
v 191.6547 32.20117 -670.8652
v 191.6547 32.20117 -674.9709
v 191.6547 32.20117 -674.9709
v 188.3761 35.58849 -674.9709
v 194.759 35.20584 -674.9709
v 194.759 35.20584 -674.9709
v 191.5679 38.90017 -674.9709
v 194.759 35.20584 -670.8652
v 194.759 35.20584 -670.8652
v 188.3761 35.58849 -670.8652
v 191.5679 38.90017 -670.8652
v 191.6547 32.20117 -670.8652
v 188.4772 37.67516 -674.9709
v 188.4772 37.67516 -670.8652
v 190.4917 40.53168 -674.9709
v 190.4917 40.53168 -670.8652
v 222.7577 58.52395 -677.116
v 213.9234 53.75507 -677.116
v 215.8133 51.80252 -677.116
v 220.8678 60.4765 -677.116
v 215.8133 51.80252 -668.7202
v 220.8678 60.4765 -668.7202
v 222.7577 58.52395 -668.7202
v 213.9234 53.75507 -668.7202
v 220.8678 60.4765 -677.116
v 213.9234 53.75507 -677.116
v 213.9234 53.75507 -668.7202
v 219.0936 58.75927 -670.8652
v 219.0936 58.75927 -674.9709
v 219.0936 58.75927 -674.9709
v 215.6976 55.4723 -674.9709
v 215.815 62.14659 -674.9709
v 215.6976 55.4723 -674.9709
v 215.6976 55.4723 -670.8652
v 212.0852 58.75887 -674.9709
v 215.6976 55.4723 -670.8652
v 215.815 62.14659 -670.8652
v 219.0936 58.75927 -670.8652
v 212.0852 58.75887 -670.8652
v 213.6233 62.01398 -674.9709
v 213.6233 62.01398 -670.8652
v 210.4543 59.85341 -674.9709
v 210.4543 59.85341 -670.8652
v 196.3808 36.77561 -677.116
v 198.2707 34.82306 -677.116
v 196.3808 36.77561 -668.7202
v 220.8678 60.4765 -668.7202
v 191.9397 28.79975 -440.8932
v 191.9397 28.79975 -449.8359
v 190.0499 30.7523 -440.8932
v 190.0499 30.7523 -449.8359
v 196.424 36.92179 -440.8932
v 196.424 36.92179 -449.8359
v 198.3138 34.96925 -440.8932
v 198.3138 34.96925 -449.8359
v 191.6783 32.3285 -443.1779
v 191.6783 32.3285 -447.5511
v 194.7955 35.34556 -447.5511
v 194.7955 35.34556 -443.1779
v 188.3997 35.71582 -443.1779
v 188.3997 35.71582 -447.5511
v 191.6052 39.04068 -447.5511
v 191.6052 39.04068 -443.1779
v 188.5054 37.80686 -443.1779
v 188.5054 37.80686 -447.5511
v 190.5301 40.67323 -443.1779
v 190.5301 40.67323 -447.5511
v 222.9017 58.76781 -440.8932
v 222.9017 58.76781 -449.8359
v 221.0119 60.72036 -440.8932
v 221.0119 60.72036 -449.8359
v 214.0389 53.97123 -440.8932
v 214.0389 53.97123 -449.8359
v 215.9287 52.01868 -440.8932
v 215.9287 52.01868 -449.8359
v 219.2304 58.99605 -443.1779
v 219.2303 58.99605 -447.5511
v 215.8204 55.69554 -447.5511
v 215.8204 55.69554 -443.1779
v 215.9518 62.38337 -443.1779
v 215.9518 62.38337 -447.5511
v 212.2071 58.98122 -447.5511
v 212.2071 58.98122 -443.1779
v 213.7551 62.24598 -443.1779
v 213.7551 62.24598 -447.5511
v 210.5749 60.07458 -443.1779
v 210.5749 60.07458 -447.5511
v 191.9397 28.79975 -449.8359
v 190.0499 30.7523 -449.8359
v 198.3138 34.96925 -440.8932
v 190.0499 30.7523 -440.8932
v 196.424 36.92179 -440.8932
v 191.9397 28.79975 -440.8932
v 190.0499 30.7523 -440.8932
v 190.0499 30.7523 -449.8359
v 196.424 36.92179 -449.8359
v 191.6783 32.3285 -443.1779
v 191.6783 32.3285 -447.5511
v 191.6783 32.3285 -447.5511
v 188.3997 35.71582 -447.5511
v 194.7955 35.34556 -447.5511
v 194.7955 35.34556 -447.5511
v 191.6052 39.04068 -447.5511
v 194.7955 35.34556 -443.1779
v 194.7955 35.34556 -443.1779
v 188.3997 35.71582 -443.1779
v 191.6052 39.04068 -443.1779
v 191.6783 32.3285 -443.1779
v 188.5054 37.80686 -447.5511
v 188.5054 37.80686 -443.1779
v 190.5301 40.67323 -447.5511
v 190.5301 40.67323 -443.1779
v 222.9017 58.76781 -449.8359
v 214.0389 53.97123 -449.8359
v 215.9287 52.01868 -449.8359
v 221.0119 60.72036 -449.8359
v 215.9287 52.01868 -440.8932
v 221.0119 60.72036 -440.8932
v 222.9017 58.76781 -440.8932
v 214.0389 53.97123 -440.8932
v 221.0119 60.72036 -449.8359
v 214.0389 53.97123 -449.8359
v 214.0389 53.97123 -440.8932
v 219.2304 58.99605 -443.1779
v 219.2303 58.99605 -447.5511
v 219.2303 58.99605 -447.5511
v 215.8204 55.69554 -447.5511
v 215.9518 62.38337 -447.5511
v 215.8204 55.69554 -447.5511
v 215.8204 55.69554 -443.1779
v 212.2071 58.98122 -447.5511
v 215.8204 55.69554 -443.1779
v 215.9518 62.38337 -443.1779
v 219.2304 58.99605 -443.1779
v 212.2071 58.98122 -443.1779
v 213.7551 62.24598 -447.5511
v 213.7551 62.24598 -443.1779
v 210.5749 60.07458 -447.5511
v 210.5749 60.07458 -443.1779
v 196.424 36.92179 -449.8359
v 198.3138 34.96925 -449.8359
v 196.424 36.92179 -440.8932
v 221.0119 60.72036 -440.8932
v -130.4663 -0.05827655 -3397.886
v -121.6877 -7.833792 -3397.886
v -110.2969 -10.64267 -3397.886
v -98.91001 -7.833792 -3397.886
v -90.13132 -0.05827655 -3397.886
v -130.4663 -0.05827655 -4.099178
v -121.6877 -7.833792 -4.099178
v -110.2969 -10.64267 -4.099178
v -98.91001 -7.833792 -4.099178
v -90.13132 -0.05827655 -4.099178
v 93.95953 -0.05721701 -3397.826
v 102.7418 -7.836384 -3397.826
v 114.1286 -10.64143 -3397.826
v 125.5153 -7.836384 -3397.826
v 134.2938 -0.05721701 -3397.826
v 93.95953 -0.05721701 -4.098914
v 102.7418 -7.836384 -4.098914
v 114.1286 -10.64143 -4.098914
v 125.5153 -7.836384 -4.098914
v 134.2938 -0.05721701 -4.098914
v 345.6383 172.3013 192.9245
v 305.0814 214.9459 192.9245
v 345.6383 257.5905 192.9245
v 345.6384 172.3013 -725.7347
v 305.0815 214.9459 -725.7347
v 345.6384 257.5905 -725.7347
v 191.3512 28.15916 15.31004
v 191.3512 28.15916 5.108733
v 189.4613 30.11171 15.31004
v 189.4613 30.11171 5.108733
v 196.1558 36.59132 15.31003
v 196.1558 36.59132 5.108732
v 198.0457 34.63877 15.31003
v 198.0457 34.63877 5.108732
v 191.1716 31.76714 12.70374
v 191.1716 31.76714 7.715032
v 194.4454 34.93585 7.715031
v 194.4454 34.93585 12.70374
v 187.893 35.15446 12.70374
v 187.893 35.15446 7.715032
v 191.2652 38.64067 7.715031
v 191.2652 38.64067 12.70374
v 188.054 37.29899 12.70374
v 188.054 37.29899 7.715032
v 190.2032 40.2859 12.70374
v 190.2032 40.2859 7.715031
v 223.8694 59.63356 15.31003
v 223.8694 59.63356 5.108727
v 221.9796 61.58611 15.31003
v 221.9796 61.58611 5.108727
v 214.6561 54.49774 15.31003
v 214.6561 54.49774 5.108728
v 216.546 52.54519 15.31003
v 216.546 52.54519 5.108728
v 220.1085 59.77514 12.70373
v 220.1085 59.77514 7.715026
v 216.5271 56.30872 7.715027
v 216.5271 56.30872 12.70373
v 216.83 63.16245 12.70373
v 216.83 63.16245 7.715026
v 212.9026 59.58352 7.715027
v 212.9026 59.58352 12.70373
v 214.5728 62.96654 12.70373
v 214.5728 62.96654 7.715026
v 211.2555 60.66247 12.70373
v 211.2555 60.66247 7.715027
v 191.3512 28.15916 5.108733
v 189.4613 30.11171 5.108733
v 198.0457 34.63877 15.31003
v 189.4613 30.11171 15.31004
v 196.1558 36.59132 15.31003
v 191.3512 28.15916 15.31004
v 189.4613 30.11171 15.31004
v 189.4613 30.11171 5.108733
v 196.1558 36.59132 5.108732
v 191.1716 31.76714 12.70374
v 191.1716 31.76714 7.715032
v 191.1716 31.76714 7.715032
v 187.893 35.15446 7.715032
v 194.4454 34.93585 7.715031
v 194.4454 34.93585 7.715031
v 191.2652 38.64067 7.715031
v 194.4454 34.93585 12.70374
v 194.4454 34.93585 12.70374
v 187.893 35.15446 12.70374
v 191.2652 38.64067 12.70374
v 191.1716 31.76714 12.70374
v 188.054 37.29899 7.715032
v 188.054 37.29899 12.70374
v 190.2032 40.2859 7.715031
v 190.2032 40.2859 12.70374
v 223.8694 59.63356 5.108727
v 214.6561 54.49774 5.108728
v 216.546 52.54519 5.108728
v 221.9796 61.58611 5.108727
v 216.546 52.54519 15.31003
v 221.9796 61.58611 15.31003
v 223.8694 59.63356 15.31003
v 214.6561 54.49774 15.31003
v 221.9796 61.58611 5.108727
v 214.6561 54.49774 5.108728
v 214.6561 54.49774 15.31003
v 220.1085 59.77514 12.70373
v 220.1085 59.77514 7.715026
v 220.1085 59.77514 7.715026
v 216.5271 56.30872 7.715027
v 216.83 63.16245 7.715026
v 216.5271 56.30872 7.715027
v 216.5271 56.30872 12.70373
v 212.9026 59.58352 7.715027
v 216.5271 56.30872 12.70373
v 216.83 63.16245 12.70373
v 220.1085 59.77514 12.70373
v 212.9026 59.58352 12.70373
v 214.5728 62.96654 7.715026
v 214.5728 62.96654 12.70373
v 211.2555 60.66247 7.715027
v 211.2555 60.66247 12.70373
v 196.1558 36.59132 5.108732
v 198.0457 34.63877 5.108732
v 196.1558 36.59132 15.31003
v 221.9796 61.58611 15.31003
v 191.084 27.90045 150.0694
v 191.084 27.90045 139.8681
v 189.1941 29.853 150.0694
v 189.1941 29.853 139.8681
v 195.9698 36.41116 150.0694
v 195.9698 36.41116 139.8681
v 197.8597 34.45861 150.0694
v 197.8597 34.45861 139.8681
v 190.9252 31.5285 147.4631
v 190.9252 31.5285 142.4744
v 194.2387 34.73563 142.4744
v 194.2387 34.73563 147.4631
v 187.6466 34.91582 147.4631
v 187.6466 34.91582 142.4744
v 191.061 38.4429 142.4744
v 191.061 38.4429 147.4631
v 187.8216 37.0739 147.4631
v 187.8216 37.0739 142.4744
v 190.0023 40.09135 147.4631
v 190.0023 40.09135 142.4744
v 223.9965 59.75643 150.0694
v 223.9965 59.75643 139.8681
v 222.1067 61.70898 150.0694
v 222.1067 61.70898 139.8681
v 214.6944 54.53467 150.0694
v 214.6944 54.53467 139.8681
v 216.5843 52.58212 150.0694
v 216.5843 52.58212 139.8681
v 220.213 59.87604 147.4631
v 220.213 59.87604 142.4744
v 216.5882 56.3676 142.4744
v 216.5882 56.3676 147.4631
v 216.9344 63.26336 147.4631
v 216.9344 63.26336 142.4744
v 212.9608 59.63965 142.4744
v 212.9608 59.63965 147.4631
v 214.6619 63.05263 147.4631
v 214.6619 63.05263 142.4744
v 211.3099 60.71495 147.4631
v 211.3099 60.71495 142.4744
v 191.084 27.90045 139.8681
v 189.1941 29.853 139.8681
v 197.8597 34.45861 150.0694
v 189.1941 29.853 150.0694
v 195.9698 36.41116 150.0694
v 191.084 27.90045 150.0694
v 189.1941 29.853 150.0694
v 189.1941 29.853 139.8681
v 195.9698 36.41116 139.8681
v 190.9252 31.5285 147.4631
v 190.9252 31.5285 142.4744
v 190.9252 31.5285 142.4744
v 187.6466 34.91582 142.4744
v 194.2387 34.73563 142.4744
v 194.2387 34.73563 142.4744
v 191.061 38.4429 142.4744
v 194.2387 34.73563 147.4631
v 194.2387 34.73563 147.4631
v 187.6466 34.91582 147.4631
v 191.061 38.4429 147.4631
v 190.9252 31.5285 147.4631
v 187.8216 37.0739 142.4744
v 187.8216 37.0739 147.4631
v 190.0023 40.09135 142.4744
v 190.0023 40.09135 147.4631
v 223.9965 59.75643 139.8681
v 214.6944 54.53467 139.8681
v 216.5843 52.58212 139.8681
v 222.1067 61.70898 139.8681
v 216.5843 52.58212 150.0694
v 222.1067 61.70898 150.0694
v 223.9965 59.75643 150.0694
v 214.6944 54.53467 150.0694
v 222.1067 61.70898 139.8681
v 214.6944 54.53467 139.8681
v 214.6944 54.53467 150.0694
v 220.213 59.87604 147.4631
v 220.213 59.87604 142.4744
v 220.213 59.87604 142.4744
v 216.5882 56.3676 142.4744
v 216.9344 63.26336 142.4744
v 216.5882 56.3676 142.4744
v 216.5882 56.3676 147.4631
v 212.9608 59.63965 142.4744
v 216.5882 56.3676 147.4631
v 216.9344 63.26336 147.4631
v 220.213 59.87604 147.4631
v 212.9608 59.63965 147.4631
v 214.6619 63.05263 142.4744
v 214.6619 63.05263 147.4631
v 211.3099 60.71495 142.4744
v 211.3099 60.71495 147.4631
v 195.9698 36.41116 139.8681
v 197.8597 34.45861 139.8681
v 195.9698 36.41116 150.0694
v 222.1067 61.70898 150.0694
v -346.0096 136.6471 -486.3338
v -336.502 104.369 -486.3338
v -346.0096 136.6471 -1738.992
v -336.502 104.369 -1738.992
v -329.9786 122.1279 -486.3338
v -329.9786 122.1279 -1738.992
v -259.1036 7.79345 -482.4431
v -231.5993 -38.17435 -482.4431
v -259.1036 7.79345 -904.4493
v -231.5993 -38.17435 -904.4493
v -230.3056 -9.216664 -482.4431
v -230.3056 -9.216664 -904.4493
v -155.9564 5.051684 -1263.582
v -148.9848 3.217382 -1263.582
v -153.2188 15.45631 -1263.582
v -146.2472 13.62201 -1263.582
v -153.2188 15.45631 -1243.296
v -146.2472 13.62201 -1243.296
v -155.9564 5.051684 -1243.296
v -148.9848 3.217382 -1243.296
v -151.4376 14.98767 -1258.399
v -148.0284 14.09065 -1258.399
v -148.0284 14.09065 -1248.479
v -151.4376 14.98767 -1248.479
v -146.6884 33.03782 -1258.399
v -143.2791 32.1408 -1258.399
v -143.1182 32.75251 -1247.844
v -146.5275 33.64953 -1247.844
v -145.2488 38.50941 -1254.9
v -141.8395 37.61239 -1254.9
v -144.5924 41.00406 -1247.014
v -141.1831 40.10704 -1247.014
v -155.9564 5.051684 -1165.044
v -148.9848 3.217382 -1165.044
v -153.2188 15.45631 -1165.044
v -146.2472 13.62201 -1165.044
v -153.2188 15.45631 -1187.236
v -146.2472 13.62201 -1187.236
v -155.9564 5.051684 -1187.236
v -148.9848 3.217382 -1187.236
v -151.4376 14.98767 -1170.714
v -148.0284 14.09065 -1170.714
v -148.0284 14.09065 -1181.566
v -151.4376 14.98767 -1181.566
v -146.6884 33.03782 -1170.714
v -143.2791 32.1408 -1170.714
v -143.1182 32.75251 -1182.278
v -146.5275 33.64953 -1182.278
v -145.2488 38.50941 -1174.542
v -141.8395 37.61239 -1174.542
v -144.5924 41.00406 -1183.221
v -141.1831 40.10704 -1183.221
v -148.9848 3.217382 -1263.582
v -146.2472 13.62201 -1263.582
v -155.9564 5.051684 -1243.296
v -153.2188 15.45631 -1263.582
v -153.2188 15.45631 -1243.296
v -155.9564 5.051684 -1263.582
v -153.2188 15.45631 -1263.582
v -146.2472 13.62201 -1263.582
v -146.2472 13.62201 -1243.296
v -151.4376 14.98767 -1258.399
v -148.0284 14.09065 -1258.399
v -148.0284 14.09065 -1258.399
v -143.2791 32.1408 -1258.399
v -148.0284 14.09065 -1248.479
v -148.0284 14.09065 -1248.479
v -143.1182 32.75251 -1247.844
v -151.4376 14.98767 -1248.479
v -151.4376 14.98767 -1248.479
v -146.6884 33.03782 -1258.399
v -146.5275 33.64953 -1247.844
v -151.4376 14.98767 -1258.399
v -141.8395 37.61239 -1254.9
v -145.2488 38.50941 -1254.9
v -141.1831 40.10704 -1247.014
v -144.5924 41.00406 -1247.014
v -148.9848 3.217382 -1165.044
v -146.2472 13.62201 -1187.236
v -148.9848 3.217382 -1187.236
v -146.2472 13.62201 -1165.044
v -155.9564 5.051684 -1187.236
v -153.2188 15.45631 -1165.044
v -155.9564 5.051684 -1165.044
v -153.2188 15.45631 -1187.236
v -146.2472 13.62201 -1165.044
v -146.2472 13.62201 -1187.236
v -153.2188 15.45631 -1187.236
v -151.4376 14.98767 -1170.714
v -148.0284 14.09065 -1170.714
v -148.0284 14.09065 -1170.714
v -148.0284 14.09065 -1181.566
v -143.2791 32.1408 -1170.714
v -148.0284 14.09065 -1181.566
v -151.4376 14.98767 -1181.566
v -143.1182 32.75251 -1182.278
v -151.4376 14.98767 -1181.566
v -146.6884 33.03782 -1170.714
v -151.4376 14.98767 -1170.714
v -146.5275 33.64953 -1182.278
v -141.8395 37.61239 -1174.542
v -145.2488 38.50941 -1174.542
v -141.1831 40.10704 -1183.221
v -144.5924 41.00406 -1183.221
v -146.2472 13.62201 -1243.296
v -148.9848 3.217382 -1243.296
v -153.2188 15.45631 -1243.296
v -153.2188 15.45631 -1165.044
v 276.3669 23.95836 -893.4026
v 298.1789 49.58086 -893.4026
v 276.3669 23.95836 -1409.111
v 298.1789 49.58086 -1409.111
v 279.7455 45.32159 -893.4026
v 279.7455 45.32159 -1409.111
v -190.4049 7.020634 -3728.524
v -178.735 72.01614 -3728.524
v -154.5403 130.6462 -3728.524
v -118.9037 177.1768 -3728.524
v -71.58401 207.053 -3728.524
v -195.1044 -62.51219 -3728.524
v -91.12299 -2.391569 -3995.178
v -86.78732 53.99837 -4021.683
v -74.20557 104.8646 -4076.35
v -54.60521 145.2358 -4141.767
v -86.78732 -62.71824 -3984.788
v -41.99277 158.5891 -4166.483
v -29.91078 165.3535 -4187.959
v -84.9987 2.509615 -3968.577
v -81.45652 48.55796 -3990.224
v -68.12512 101.0594 -4045.922
v -52.12393 134.0306 -4099.344
v -96.79574 196.7026 -3861.272
v -31.90983 232.2165 -3728.524
v -49.16481 221.8705 -3861.084
v -2.542175 232.2165 -3728.524
v -2.533407 221.8705 -3843.469
v 185.303 7.020634 -3728.524
v 173.6375 72.01614 -3728.524
v 149.4472 130.6462 -3728.524
v 113.8106 177.1768 -3728.524
v 66.49527 207.053 -3728.524
v 190.0069 -62.51219 -3728.524
v 86.03426 -2.391569 -3995.178
v 81.69859 53.99837 -4021.683
v 69.11684 104.8646 -4076.35
v 49.52525 145.2358 -4141.767
v 81.69859 -62.71824 -3984.788
v 36.9128 158.5891 -4166.483
v 24.83081 165.3535 -4187.959
v 79.90997 2.509615 -3968.577
v 76.37217 48.55796 -3990.224
v 63.04077 101.0594 -4045.922
v 47.03958 134.0306 -4099.344
v 91.71577 196.7026 -3861.272
v 26.82548 232.2165 -3728.524
v 44.08923 221.8705 -3861.084
v -185.0302 -2.391569 -3461.869
v -176.1003 53.99837 -3435.365
v -150.1783 104.8646 -3380.698
v -109.8027 145.2358 -3315.281
v -176.1003 -62.71824 -3472.264
v -210.6014 -2.391569 -3461.769
v -200.4177 61.89812 -3435.272
v -170.8659 119.8969 -3380.618
v -124.8351 165.9234 -3315.224
v -153.5758 286.5679 -3502.719
v -200.422 -62.74454 -3472.167
v -404.1676 4.644569 -3502.144
v -379.6397 84.87846 -3502.192
v -353.3934 160.0446 -3502.315
v -328.7253 228.2272 -3502.504
v -411.8745 -62.73577 -3502.179
v -83.81505 158.5891 -3290.565
v -58.92772 165.3535 -3269.088
v -98.8474 177.8519 -3282.963
v -66.83187 187.9962 -3260.184
v -172.4134 2.509615 -3488.471
v -165.1186 48.55796 -3466.828
v -137.6579 101.0594 -3411.13
v -104.6867 134.0306 -3357.704
v -96.79574 196.7026 -3595.775
v -104.6955 223.6635 -3595.745
v -60.3481 321.7924 -3503.074
v -49.16481 221.8705 -3595.964
v -49.15604 248.8271 -3595.964
v -2.529023 321.7924 -3503.078
v -2.533407 221.8705 -3613.578
v -2.533407 248.8271 -3613.583
v 179.9459 -2.391569 -3461.869
v 171.0115 53.99837 -3435.365
v 145.094 104.8646 -3380.698
v 104.7228 145.2358 -3315.281
v 171.0115 -62.71824 -3472.264
v 205.5127 -2.391569 -3461.769
v 195.3333 61.89812 -3435.272
v 165.7815 119.8969 -3380.618
v 119.7551 165.9234 -3315.224
v 148.5003 286.5679 -3502.719
v 195.3333 -62.74454 -3472.167
v 399.0657 4.644569 -3502.144
v 374.5422 84.87846 -3502.192
v 348.3047 160.0446 -3502.315
v 323.6409 228.2272 -3502.504
v 406.7726 -62.73577 -3502.179
v 78.73946 158.5891 -3290.565
v 53.85653 165.3535 -3269.088
v 93.77181 177.8519 -3282.963
v 61.75629 187.9962 -3260.184
v 167.329 2.509615 -3488.471
v 160.0343 48.55796 -3466.828
v 132.578 101.0594 -3411.13
v 99.60677 134.0306 -3357.704
v 91.71577 196.7026 -3595.775
v 99.61992 223.6635 -3595.745
v 55.28568 321.7924 -3503.074
v 44.08923 221.8705 -3595.964
v 44.08484 248.8271 -3595.964
v -54.60521 145.2358 -4141.767
v -118.9037 177.1768 -3728.524
v -86.78732 53.99837 -4021.683
v -178.735 72.01614 -3728.524
v -154.5403 130.6462 -3728.524
v -190.4049 7.020634 -3728.524
v -91.12299 -2.391569 -3995.178
v -74.20557 104.8646 -4076.35
v -71.58401 207.053 -3728.524
v -96.79574 196.7026 -3861.272
v 49.52525 145.2358 -4141.767
v 113.8106 177.1768 -3728.524
v 81.69859 53.99837 -4021.683
v 173.6375 72.01614 -3728.524
v 149.4472 130.6462 -3728.524
v 185.303 7.020634 -3728.524
v 86.03426 -2.391569 -3995.178
v 69.11684 104.8646 -4076.35
v 66.49527 207.053 -3728.524
v 91.71577 196.7026 -3861.272
v -109.8027 145.2358 -3315.281
v -200.4177 61.89812 -3435.272
v -210.6014 -2.391569 -3461.769
v -170.8659 119.8969 -3380.618
v -124.8351 165.9234 -3315.224
v -124.8351 165.9234 -3315.224
v -328.7253 228.2272 -3502.504
v -200.422 -62.74454 -3472.167
v -66.83187 187.9962 -3260.184
v -98.8474 177.8519 -3282.963
v -185.0302 -2.391569 -3461.869
v -176.1003 53.99837 -3435.365
v -150.1783 104.8646 -3380.698
v -109.8027 145.2358 -3315.281
v -176.1003 53.99837 -3435.365
v -150.1783 104.8646 -3380.698
v -176.1003 -62.71824 -3472.264
v -185.0302 -2.391569 -3461.869
v -83.81505 158.5891 -3290.565
v -58.92772 165.3535 -3269.088
v -104.6955 223.6635 -3595.745
v -58.92772 165.3535 -3269.088
v -66.83187 187.9962 -3260.184
v -96.79574 196.7026 -3595.775
v -96.79574 196.7026 -3595.775
v -96.79574 196.7026 -3595.775
v -49.16481 221.8705 -3595.964
v -104.6955 223.6635 -3595.745
v -104.6955 223.6635 -3595.745
v -49.15604 248.8271 -3595.964
v -153.5758 286.5679 -3502.719
v -2.533407 221.8705 -3613.578
v -2.533407 248.8271 -3613.583
v 104.7228 145.2358 -3315.281
v 195.3333 61.89812 -3435.272
v 205.5127 -2.391569 -3461.769
v 165.7815 119.8969 -3380.618
v 119.7551 165.9234 -3315.224
v 323.6409 228.2272 -3502.504
v 119.7551 165.9234 -3315.224
v 195.3333 -62.74454 -3472.167
v 61.75629 187.9962 -3260.184
v 93.77181 177.8519 -3282.963
v 179.9459 -2.391569 -3461.869
v 171.0115 53.99837 -3435.365
v 145.094 104.8646 -3380.698
v 104.7228 145.2358 -3315.281
v 171.0115 53.99837 -3435.365
v 145.094 104.8646 -3380.698
v 171.0115 -62.71824 -3472.264
v 179.9459 -2.391569 -3461.869
v 78.73946 158.5891 -3290.565
v 53.85653 165.3535 -3269.088
v 99.61992 223.6635 -3595.745
v 53.85653 165.3535 -3269.088
v 91.71577 196.7026 -3595.775
v 61.75629 187.9962 -3260.184
v 91.71577 196.7026 -3595.775
v 91.71577 196.7026 -3595.775
v 99.61992 223.6635 -3595.745
v 44.08923 221.8705 -3595.964
v 99.61992 223.6635 -3595.745
v 148.5003 286.5679 -3502.719
v 44.08484 248.8271 -3595.964
v -178.735 72.01614 -3728.524
v -81.45652 48.55796 -3990.224
v -118.9037 177.1768 -3728.524
v -52.12393 134.0306 -4099.344
v -190.4049 7.020634 -3728.524
v -84.9987 2.509615 -3968.577
v -154.5403 130.6462 -3728.524
v -68.12512 101.0594 -4045.922
v 173.6375 72.01614 -3728.524
v 76.37217 48.55796 -3990.224
v 113.8106 177.1768 -3728.524
v 47.03958 134.0306 -4099.344
v 185.303 7.020634 -3728.524
v 79.90997 2.509615 -3968.577
v 149.4472 130.6462 -3728.524
v 63.04077 101.0594 -4045.922
v -71.58401 207.053 -3728.524
v -118.9037 177.1768 -3728.524
v -176.1003 53.99837 -3435.365
v -178.735 72.01614 -3728.524
v -165.1186 48.55796 -3466.828
v -109.8027 145.2358 -3315.281
v -118.9037 177.1768 -3728.524
v -104.6867 134.0306 -3357.704
v -178.735 72.01614 -3728.524
v -190.4049 7.020634 -3728.524
v -154.5403 130.6462 -3728.524
v -178.735 72.01614 -3728.524
v -118.9037 177.1768 -3728.524
v -154.5403 130.6462 -3728.524
v -190.4049 7.020634 -3728.524
v -195.1044 -62.51219 -3728.524
v -190.4049 7.020634 -3728.524
v -185.0302 -2.391569 -3461.869
v -172.4134 2.509615 -3488.471
v -71.58401 207.053 -3728.524
v -31.90983 232.2165 -3728.524
v -2.542175 232.2165 -3728.524
v 66.49527 207.053 -3728.524
v 113.8106 177.1768 -3728.524
v 171.0115 53.99837 -3435.365
v 160.0343 48.55796 -3466.828
v 173.6375 72.01614 -3728.524
v 104.7228 145.2358 -3315.281
v 99.60677 134.0306 -3357.704
v 113.8106 177.1768 -3728.524
v 173.6375 72.01614 -3728.524
v 185.303 7.020634 -3728.524
v 149.4472 130.6462 -3728.524
v 173.6375 72.01614 -3728.524
v 113.8106 177.1768 -3728.524
v 149.4472 130.6462 -3728.524
v 185.303 7.020634 -3728.524
v 190.0069 -62.51219 -3728.524
v 185.303 7.020634 -3728.524
v 167.329 2.509615 -3488.471
v 179.9459 -2.391569 -3461.869
v 66.49527 207.053 -3728.524
v 26.82548 232.2165 -3728.524
v -2.533407 248.8271 -3613.583
v -2.533407 221.8705 -3613.578
v -2.529023 321.7924 -3503.078
v -2.533407 248.8271 -3613.583
v -218.5093 141.7333 132.0688
v -218.5093 141.7333 122.8264
v -215.9806 143.3467 132.0688
v -215.9806 143.3467 122.8264
v -213.1664 138.9362 132.0688
v -213.1664 138.9362 122.8264
v -215.6952 137.3228 132.0688
v -215.6952 137.3228 122.8264
v -215.2616 142.2199 129.7075
v -215.2616 142.2199 125.1877
v -213.8854 140.0631 125.1877
v -213.8854 140.0631 129.7075
v -210.8748 145.019 129.7075
v -210.8748 145.019 125.1877
v -209.2619 142.819 125.1877
v -209.2619 142.819 129.7075
v -209.0595 145.1067 129.7075
v -209.0595 145.1067 125.1877
v -207.3593 143.7791 129.7075
v -207.3593 143.7791 125.1877
v -204.8397 120.3095 132.0688
v -204.8397 120.3095 122.8264
v -202.311 121.923 132.0688
v -202.311 121.923 122.8264
v -205.3895 126.7478 132.0688
v -205.3895 126.7478 122.8264
v -207.9182 125.1344 132.0688
v -207.9182 125.1344 122.8264
v -203.0975 123.1557 129.7075
v -203.0975 123.1557 125.1877
v -204.603 125.5152 125.1877
v -204.603 125.5152 129.7075
v -198.7106 125.9548 129.7075
v -198.7106 125.9548 125.1877
v -200.1662 128.5638 125.1877
v -200.1662 128.5638 129.7075
v -197.9119 127.6355 129.7075
v -197.9119 127.6355 125.1877
v -198.5096 129.9093 129.7075
v -198.5096 129.9093 125.1877
v -218.5093 141.7333 122.8264
v -215.9806 143.3467 122.8264
v -215.6952 137.3228 132.0688
v -215.9806 143.3467 132.0688
v -213.1664 138.9362 132.0688
v -218.5093 141.7333 132.0688
v -215.9806 143.3467 132.0688
v -215.9806 143.3467 122.8264
v -213.1664 138.9362 122.8264
v -215.2616 142.2199 129.7075
v -215.2616 142.2199 125.1877
v -215.2616 142.2199 125.1877
v -210.8748 145.019 125.1877
v -213.8854 140.0631 125.1877
v -213.8854 140.0631 125.1877
v -209.2619 142.819 125.1877
v -213.8854 140.0631 129.7075
v -213.8854 140.0631 129.7075
v -210.8748 145.019 129.7075
v -209.2619 142.819 129.7075
v -215.2616 142.2199 129.7075
v -209.0595 145.1067 125.1877
v -209.0595 145.1067 129.7075
v -207.3593 143.7791 125.1877
v -207.3593 143.7791 129.7075
v -204.8397 120.3095 122.8264
v -205.3895 126.7478 122.8264
v -207.9182 125.1344 122.8264
v -202.311 121.923 122.8264
v -207.9182 125.1344 132.0688
v -202.311 121.923 132.0688
v -204.8397 120.3095 132.0688
v -205.3895 126.7478 132.0688
v -202.311 121.923 122.8264
v -205.3895 126.7478 122.8264
v -205.3895 126.7478 132.0688
v -203.0975 123.1557 129.7075
v -203.0975 123.1557 125.1877
v -203.0975 123.1557 125.1877
v -204.603 125.5152 125.1877
v -198.7106 125.9548 125.1877
v -204.603 125.5152 125.1877
v -204.603 125.5152 129.7075
v -200.1662 128.5638 125.1877
v -204.603 125.5152 129.7075
v -198.7106 125.9548 129.7075
v -203.0975 123.1557 129.7075
v -200.1662 128.5638 129.7075
v -197.9119 127.6355 125.1877
v -197.9119 127.6355 129.7075
v -198.5096 129.9093 125.1877
v -198.5096 129.9093 129.7075
v -213.1664 138.9362 122.8264
v -215.6952 137.3228 122.8264
v -213.1664 138.9362 132.0688
v -202.311 121.923 132.0688
v 191.6993 28.34877 -533.5891
v 191.6993 28.34877 -541.8784
v 189.8094 30.30131 -533.5891
v 189.8094 30.30131 -541.8784
v 196.2479 36.53316 -533.5891
v 196.2479 36.53316 -541.8784
v 198.1378 34.58062 -533.5891
v 198.1378 34.58062 -541.8784
v 191.4543 31.89345 -535.7069
v 191.4543 31.89345 -539.7606
v 194.603 34.941 -539.7606
v 194.603 34.941 -535.7069
v 188.1758 35.28077 -535.7069
v 188.1758 35.28077 -539.7606
v 191.4147 38.63807 -539.7606
v 191.4147 38.63807 -535.7069
v 188.2925 37.38256 -535.7069
v 188.2925 37.38256 -539.7606
v 190.3422 40.27317 -535.7069
v 190.3422 40.27317 -539.7606
v 222.9742 58.61971 -533.5891
v 222.9742 58.61971 -541.8784
v 221.0843 60.57226 -533.5891
v 221.0843 60.57226 -541.8784
v 214.0409 53.75492 -533.5891
v 214.0409 53.75492 -541.8784
v 215.9307 51.80237 -533.5891
v 215.9307 51.80237 -541.8784
v 219.2848 58.83052 -535.7069
v 219.2848 58.83052 -539.7606
v 215.8404 55.49665 -539.7606
v 215.8404 55.49665 -535.7069
v 216.0062 62.21784 -535.7069
v 216.0062 62.21784 -539.7606
v 212.2248 58.78014 -539.7606
v 212.2248 58.78014 -535.7069
v 213.7974 62.06868 -535.7069
v 213.7974 62.06868 -539.7606
v 210.5896 59.87061 -535.7069
v 210.5896 59.87061 -539.7606
v 191.6993 28.34877 -541.8784
v 189.8094 30.30131 -541.8784
v 198.1378 34.58062 -533.5891
v 189.8094 30.30131 -533.5891
v 196.2479 36.53316 -533.5891
v 191.6993 28.34877 -533.5891
v 189.8094 30.30131 -533.5891
v 189.8094 30.30131 -541.8784
v 196.2479 36.53316 -541.8784
v 191.4543 31.89345 -535.7069
v 191.4543 31.89345 -539.7606
v 191.4543 31.89345 -539.7606
v 188.1758 35.28077 -539.7606
v 194.603 34.941 -539.7606
v 194.603 34.941 -539.7606
v 191.4147 38.63807 -539.7606
v 194.603 34.941 -535.7069
v 194.603 34.941 -535.7069
v 188.1758 35.28077 -535.7069
v 191.4147 38.63807 -535.7069
v 191.4543 31.89345 -535.7069
v 188.2925 37.38256 -539.7606
v 188.2925 37.38256 -535.7069
v 190.3422 40.27317 -539.7606
v 190.3422 40.27317 -535.7069
v 222.9742 58.61971 -541.8784
v 214.0409 53.75492 -541.8784
v 215.9307 51.80237 -541.8784
v 221.0843 60.57226 -541.8784
v 215.9307 51.80237 -533.5891
v 221.0843 60.57226 -533.5891
v 222.9742 58.61971 -533.5891
v 214.0409 53.75492 -533.5891
v 221.0843 60.57226 -541.8784
v 214.0409 53.75492 -541.8784
v 214.0409 53.75492 -533.5891
v 219.2848 58.83052 -535.7069
v 219.2848 58.83052 -539.7606
v 219.2848 58.83052 -539.7606
v 215.8404 55.49665 -539.7606
v 216.0062 62.21784 -539.7606
v 215.8404 55.49665 -539.7606
v 215.8404 55.49665 -535.7069
v 212.2248 58.78014 -539.7606
v 215.8404 55.49665 -535.7069
v 216.0062 62.21784 -535.7069
v 219.2848 58.83052 -535.7069
v 212.2248 58.78014 -535.7069
v 213.7974 62.06868 -539.7606
v 213.7974 62.06868 -535.7069
v 210.5896 59.87061 -539.7606
v 210.5896 59.87061 -535.7069
v 196.2479 36.53316 -541.8784
v 198.1378 34.58062 -541.8784
v 196.2479 36.53316 -533.5891
v 221.0843 60.57226 -533.5891
v 370.5282 69.66397 -874.2736
v 387.6115 120.4349 -874.2736
v 370.5282 69.66397 -1815.114
v 387.6115 120.4349 -1815.114
v 364.7546 102.6084 -874.2736
v 364.7546 102.6084 -1815.114
v -156.1111 5.150633 -164.6408
v -149.2556 3.346872 -164.6408
v -153.3735 15.55526 -164.6408
v -146.518 13.7515 -164.6408
v -153.3735 15.55526 -144.3596
v -146.518 13.7515 -144.3596
v -156.1111 5.150633 -144.3596
v -149.2556 3.346872 -144.3596
v -151.622 15.09442 -159.4593
v -148.2695 14.21234 -159.4593
v -148.2695 14.21234 -149.5412
v -151.622 15.09442 -149.5412
v -146.8728 33.14457 -159.4593
v -143.5203 32.26249 -159.4593
v -143.3593 32.8742 -148.9067
v -146.7118 33.75628 -148.9067
v -145.4331 38.61617 -155.9608
v -142.0806 37.73408 -155.9608
v -144.7767 41.11081 -148.077
v -141.4242 40.22873 -148.077
v -156.1111 5.150633 -66.12545
v -149.2556 3.346872 -66.12545
v -153.3735 15.55526 -66.12545
v -146.518 13.7515 -66.12545
v -153.3735 15.55526 -88.31216
v -146.518 13.7515 -88.31216
v -156.1111 5.150633 -88.31216
v -149.2556 3.346872 -88.31216
v -151.622 15.09442 -71.79384
v -148.2695 14.21234 -71.79384
v -148.2695 14.21234 -82.64376
v -151.622 15.09442 -82.64376
v -146.8728 33.14457 -71.79384
v -143.5203 32.26249 -71.79384
v -143.3593 32.8742 -83.35526
v -146.7118 33.75628 -83.35526
v -145.4331 38.61617 -75.62096
v -142.0806 37.73408 -75.62096
v -144.7767 41.11081 -84.29807
v -141.4242 40.22873 -84.29807
v -149.2556 3.346872 -164.6408
v -146.518 13.7515 -164.6408
v -156.1111 5.150633 -144.3596
v -153.3735 15.55526 -164.6408
v -153.3735 15.55526 -144.3596
v -156.1111 5.150633 -164.6408
v -153.3735 15.55526 -164.6408
v -146.518 13.7515 -164.6408
v -146.518 13.7515 -144.3596
v -151.622 15.09442 -159.4593
v -148.2695 14.21234 -159.4593
v -148.2695 14.21234 -159.4593
v -143.5203 32.26249 -159.4593
v -148.2695 14.21234 -149.5412
v -148.2695 14.21234 -149.5412
v -143.3593 32.8742 -148.9067
v -151.622 15.09442 -149.5412
v -151.622 15.09442 -149.5412
v -146.8728 33.14457 -159.4593
v -146.7118 33.75628 -148.9067
v -151.622 15.09442 -159.4593
v -142.0806 37.73408 -155.9608
v -145.4331 38.61617 -155.9608
v -141.4242 40.22873 -148.077
v -144.7767 41.11081 -148.077
v -149.2556 3.346872 -66.12545
v -146.518 13.7515 -88.31216
v -149.2556 3.346872 -88.31216
v -146.518 13.7515 -66.12545
v -156.1111 5.150633 -88.31216
v -153.3735 15.55526 -66.12545
v -156.1111 5.150633 -66.12545
v -153.3735 15.55526 -88.31216
v -146.518 13.7515 -66.12545
v -146.518 13.7515 -88.31216
v -153.3735 15.55526 -88.31216
v -151.622 15.09442 -71.79384
v -148.2695 14.21234 -71.79384
v -148.2695 14.21234 -71.79384
v -148.2695 14.21234 -82.64376
v -143.5203 32.26249 -71.79384
v -148.2695 14.21234 -82.64376
v -151.622 15.09442 -82.64376
v -143.3593 32.8742 -83.35526
v -151.622 15.09442 -82.64376
v -146.8728 33.14457 -71.79384
v -151.622 15.09442 -71.79384
v -146.7118 33.75628 -83.35526
v -142.0806 37.73408 -75.62096
v -145.4331 38.61617 -75.62096
v -141.4242 40.22873 -84.29807
v -144.7767 41.11081 -84.29807
v -146.518 13.7515 -144.3596
v -149.2556 3.346872 -144.3596
v -153.3735 15.55526 -144.3596
v -153.3735 15.55526 -66.12545
v -218.9677 141.6096 -131.1022
v -218.9677 141.6096 -141.3035
v -216.6517 143.0349 -131.1022
v -216.6517 143.0349 -141.3035
v -213.5943 138.6172 -131.1022
v -213.5943 138.6172 -141.3035
v -215.9102 137.1919 -131.1022
v -215.9102 137.1919 -141.3035
v -215.8706 141.9062 -133.7085
v -215.8706 141.9062 -138.6972
v -214.3754 139.7458 -138.6972
v -214.3754 139.7458 -133.7085
v -211.8528 144.3787 -133.7085
v -211.8528 144.3787 -138.6972
v -210.1258 142.164 -138.6972
v -210.1258 142.164 -133.7085
v -210.1074 144.3662 -133.7085
v -210.1074 144.3662 -138.6972
v -208.3637 142.9907 -133.7085
v -208.3637 142.9907 -138.6972
v -204.1163 120.151 -131.1022
v -204.1163 120.151 -141.3035
v -201.8003 121.5762 -131.1022
v -201.8003 121.5762 -141.3035
v -205.145 126.4089 -131.1022
v -205.145 126.4089 -141.3035
v -207.461 124.9837 -131.1022
v -207.461 124.9837 -141.3035
v -202.6548 122.8109 -133.7085
v -202.6548 122.8109 -138.6972
v -204.2905 125.1742 -138.6972
v -204.2905 125.1742 -133.7085
v -198.637 125.2834 -133.7085
v -198.637 125.2834 -138.6972
v -200.2438 127.8855 -138.6972
v -200.2438 127.8855 -133.7085
v -197.996 126.8666 -133.7085
v -197.996 126.8666 -138.6972
v -198.7489 129.0983 -133.7085
v -198.7489 129.0983 -138.6972
v -218.9677 141.6096 -141.3035
v -216.6517 143.0349 -141.3035
v -215.9102 137.1919 -131.1022
v -216.6517 143.0349 -131.1022
v -213.5943 138.6172 -131.1022
v -218.9677 141.6096 -131.1022
v -216.6517 143.0349 -131.1022
v -216.6517 143.0349 -141.3035
v -213.5943 138.6172 -141.3035
v -215.8706 141.9062 -133.7085
v -215.8706 141.9062 -138.6972
v -215.8706 141.9062 -138.6972
v -211.8528 144.3787 -138.6972
v -214.3754 139.7458 -138.6972
v -214.3754 139.7458 -138.6972
v -210.1258 142.164 -138.6972
v -214.3754 139.7458 -133.7085
v -214.3754 139.7458 -133.7085
v -211.8528 144.3787 -133.7085
v -210.1258 142.164 -133.7085
v -215.8706 141.9062 -133.7085
v -210.1074 144.3662 -138.6972
v -210.1074 144.3662 -133.7085
v -208.3637 142.9907 -138.6972
v -208.3637 142.9907 -133.7085
v -204.1163 120.151 -141.3035
v -205.145 126.4089 -141.3035
v -207.461 124.9837 -141.3035
v -201.8003 121.5762 -141.3035
v -207.461 124.9837 -131.1022
v -201.8003 121.5762 -131.1022
v -204.1163 120.151 -131.1022
v -205.145 126.4089 -131.1022
v -201.8003 121.5762 -141.3035
v -205.145 126.4089 -141.3035
v -205.145 126.4089 -131.1022
v -202.6548 122.8109 -133.7085
v -202.6548 122.8109 -138.6972
v -202.6548 122.8109 -138.6972
v -204.2905 125.1742 -138.6972
v -198.637 125.2834 -138.6972
v -204.2905 125.1742 -138.6972
v -204.2905 125.1742 -133.7085
v -200.2438 127.8855 -138.6972
v -204.2905 125.1742 -133.7085
v -198.637 125.2834 -133.7085
v -202.6548 122.8109 -133.7085
v -200.2438 127.8855 -133.7085
v -197.996 126.8666 -138.6972
v -197.996 126.8666 -133.7085
v -198.7489 129.0983 -138.6972
v -198.7489 129.0983 -133.7085
v -213.5943 138.6172 -141.3035
v -215.9102 137.1919 -141.3035
v -213.5943 138.6172 -131.1022
v -201.8003 121.5762 -131.1022
v -218.5491 141.9007 -25.50874
v -218.5491 141.9007 -35.71003
v -216.2583 143.3624 -25.50874
v -216.2583 143.3624 -35.71003
v -213.4263 138.9239 -25.50874
v -213.4263 138.9239 -35.71003
v -215.7171 137.4623 -25.50874
v -215.7171 137.4623 -35.71003
v -215.5348 142.2284 -28.11504
v -215.5348 142.2284 -33.10373
v -214.1499 140.0579 -33.10373
v -214.1499 140.0579 -28.11504
v -211.5607 144.7641 -28.11504
v -211.5607 144.7641 -33.10373
v -209.9525 142.5407 -33.10373
v -209.9525 142.5407 -28.11504
v -209.8675 144.7671 -28.11504
v -209.8675 144.7671 -33.10373
v -208.2174 143.3923 -28.11504
v -208.2174 143.3923 -33.10373
v -204.7928 120.3412 -25.50874
v -204.7928 120.3412 -35.71003
v -202.502 121.8028 -25.50874
v -202.502 121.8028 -35.71003
v -205.6001 126.6582 -25.50874
v -205.6001 126.6582 -35.71003
v -207.8909 125.1966 -25.50874
v -207.8909 125.1966 -35.71003
v -203.2935 123.0433 -28.11504
v -203.2935 123.0433 -33.10373
v -204.8086 125.4178 -33.10373
v -204.8086 125.4178 -28.11504
v -199.3195 125.579 -28.11504
v -199.3195 125.579 -33.10373
v -200.7992 128.1951 -33.10373
v -200.7992 128.1951 -28.11504
v -198.6492 127.1852 -28.11504
v -198.6492 127.1852 -33.10373
v -199.3116 129.4346 -28.11504
v -199.3116 129.4346 -33.10373
v -218.5491 141.9007 -35.71003
v -216.2583 143.3624 -35.71003
v -215.7171 137.4623 -25.50874
v -216.2583 143.3624 -25.50874
v -213.4263 138.9239 -25.50874
v -218.5491 141.9007 -25.50874
v -216.2583 143.3624 -25.50874
v -216.2583 143.3624 -35.71003
v -213.4263 138.9239 -35.71003
v -215.5348 142.2284 -28.11504
v -215.5348 142.2284 -33.10373
v -215.5348 142.2284 -33.10373
v -211.5607 144.7641 -33.10373
v -214.1499 140.0579 -33.10373
v -214.1499 140.0579 -33.10373
v -209.9525 142.5407 -33.10373
v -214.1499 140.0579 -28.11504
v -214.1499 140.0579 -28.11504
v -211.5607 144.7641 -28.11504
v -209.9525 142.5407 -28.11504
v -215.5348 142.2284 -28.11504
v -209.8675 144.7671 -33.10373
v -209.8675 144.7671 -28.11504
v -208.2174 143.3923 -33.10373
v -208.2174 143.3923 -28.11504
v -204.7928 120.3412 -35.71003
v -205.6001 126.6582 -35.71003
v -207.8909 125.1966 -35.71003
v -202.502 121.8028 -35.71003
v -207.8909 125.1966 -25.50874
v -202.502 121.8028 -25.50874
v -204.7928 120.3412 -25.50874
v -205.6001 126.6582 -25.50874
v -202.502 121.8028 -35.71003
v -205.6001 126.6582 -35.71003
v -205.6001 126.6582 -25.50874
v -203.2935 123.0433 -28.11504
v -203.2935 123.0433 -33.10373
v -203.2935 123.0433 -33.10373
v -204.8086 125.4178 -33.10373
v -199.3195 125.579 -33.10373
v -204.8086 125.4178 -33.10373
v -204.8086 125.4178 -28.11504
v -200.7992 128.1951 -33.10373
v -204.8086 125.4178 -28.11504
v -199.3195 125.579 -28.11504
v -203.2935 123.0433 -28.11504
v -200.7992 128.1951 -28.11504
v -198.6492 127.1852 -33.10373
v -198.6492 127.1852 -28.11504
v -199.3116 129.4346 -33.10373
v -199.3116 129.4346 -28.11504
v -213.4263 138.9239 -35.71003
v -215.7171 137.4623 -35.71003
v -213.4263 138.9239 -25.50874
v -202.502 121.8028 -25.50874
vt 0 0
vt 1 0
vt 0 1
vt 1 1
vt 0 0
vt 1 0
vt 0 1
vt 1 1
vt 0 1
vt 1 1
vt 0 1
vt 1 1
vt 0 0
vt 1 0
vt 0 0
vt 1 0
vt 0 0
vt 1 1
vt 1 0
vt 0 1
vt 0 0
vt 1 1
vt 1 0
vt 0 1
vt 0 0
vt 1 1
vt 1 0
vt 0 1
vt 0 0
vt 1 0
vt 0 1
vt 1 1
vt 0 1
vt 1 1
vt 0 1
vt 1 1
vt 0 0
vt 1 0
vt 0 0
vt 1 0
vt 0 0
vt 1 1
vt 1 0
vt 0 1
vt 0 0
vt 1 1
vt 1 0
vt 0 1
vt 0 0
vt 1 1
vt 1 0
vt 0 1
vt 0 0
vt 1 0
vt 0 1
vt 1 1
vt 0 1
vt 1 1
vt 0 1
vt 1 1
vt 0 0
vt 1 0
vt 0 0
vt 1 0
vt 0 0
vt 1 1
vt 1 0
vt 0 1
vt 0 0
vt 1 1
vt 1 0
vt 0 1
vt 0 0
vt 1 1
vt 1 0
vt 0 1
vt 0.003026873 0.003026873
vt 0.9969582 0.003026873
vt 0.003026873 0.9969582
vt 0.9969582 0.9969582
vt 0.003026873 0.9969582
vt 0.9969582 0.9969582
vt 0.003026873 0.003026873
vt 0.003026873 0.9969582
vt 0.003026873 0.9969582
vt 0.4492098 0.2033826
vt 0.4720786 0.2033826
vt 0.4492098 0.2195074
vt 0.4720786 0.2195074
vt 0.4492098 0.2195074
vt 0.4720786 0.2195074
vt 0.4492098 0.2033826
vt 0.4720786 0.2033826
vt 0.4556503 0.2376336
vt 0.4675257 0.2376336
vt 0.4675257 0.226166
vt 0.4556503 0.226166
vt 0.4913335 0.277035
vt 0.4913335 0.2603126
vt 0.4790123 0.2476499
vt 0.483973 0.2770255
vt 0.4837359 0.2770255
vt 0.4837359 0.2603031
vt 0.4768591 0.2770255
vt 0.4768591 0.2603031
vt 0.4492098 0.2033826
vt 0.4720786 0.2033826
vt 0.4492098 0.2195074
vt 0.4720786 0.2195074
vt 0.4492098 0.2195074
vt 0.4720786 0.2195074
vt 0.4492098 0.2033826
vt 0.4720786 0.2033826
vt 0.4556503 0.226166
vt 0.4675257 0.226166
vt 0.4675257 0.2376336
vt 0.4556503 0.2376336
vt 0.4073043 0.277016
vt 0.4073043 0.2602937
vt 0.4179467 0.2476499
vt 0.4146648 0.277016
vt 0.4148925 0.277016
vt 0.4148925 0.2602937
vt 0.4218072 0.2770255
vt 0.4218072 0.2603031
vt 0.4971195 0.2033826
vt 0.4971195 0.2195074
vt 0.4720786 0.2033826
vt 0.4971195 0.2195074
vt 0.4720786 0.2195074
vt 0.4971195 0.2033826
vt 0.4491434 0.2439223
vt 0.4740325 0.2439223
vt 0.4740325 0.2198109
vt 0.5134909 0.277035
vt 0.5134814 0.2603126
vt 0.4911912 0.2195074
vt 0.4911912 0.2461133
vt 0.4790123 0.2195074
vt 0.5134814 0.2603126
vt 0.483973 0.2603031
vt 0.5134909 0.277035
vt 0.4790123 0.2195074
vt 0.4911912 0.2461133
vt 0.4790123 0.2476499
vt 0.4911912 0.2195074
vt 0.4860502 0.2543844
vt 0.4860502 0.2543844
vt 0.4765556 0.2590985
vt 0.4765556 0.2590985
vt 0.3998016 0.2026902
vt 0.424795 0.2193651
vt 0.424795 0.2026902
vt 0.3998016 0.2193651
vt 0.424795 0.2026902
vt 0.3998016 0.2193651
vt 0.3998016 0.2026902
vt 0.424795 0.2193651
vt 0.4740325 0.2198109
vt 0.4740325 0.2439223
vt 0.4491434 0.2439223
vt 0.3844166 0.277016
vt 0.3844166 0.2602937
vt 0.4051702 0.2193651
vt 0.4179467 0.2193651
vt 0.4051702 0.2461133
vt 0.3844166 0.2602937
vt 0.3844166 0.277016
vt 0.4146648 0.2602937
vt 0.4179467 0.2193651
vt 0.4051702 0.2461133
vt 0.4051702 0.2193651
vt 0.4179467 0.2476499
vt 0.4107854 0.2547354
vt 0.4107854 0.2547354
vt 0.4206879 0.2590985
vt 0.4206879 0.2590985
vt 0.4720786 0.2195074
vt 0.4720786 0.2033826
vt 0.4491434 0.2198109
vt 0.4491434 0.2198109
vt 0.4492098 0.2033826
vt 0.4720786 0.2033826
vt 0.4492098 0.2195074
vt 0.4720786 0.2195074
vt 0.4492098 0.2195074
vt 0.4720786 0.2195074
vt 0.4492098 0.2033826
vt 0.4720786 0.2033826
vt 0.4556503 0.2376336
vt 0.4675257 0.2376336
vt 0.4675257 0.226166
vt 0.4556503 0.226166
vt 0.4913335 0.277035
vt 0.4913335 0.2603126
vt 0.4790123 0.2476499
vt 0.483973 0.2770255
vt 0.4837359 0.2770255
vt 0.4837359 0.2603031
vt 0.4768591 0.2770255
vt 0.4768591 0.2603031
vt 0.4492098 0.2033826
vt 0.4720786 0.2033826
vt 0.4492098 0.2195074
vt 0.4720786 0.2195074
vt 0.4492098 0.2195074
vt 0.4720786 0.2195074
vt 0.4492098 0.2033826
vt 0.4720786 0.2033826
vt 0.4556503 0.226166
vt 0.4675257 0.226166
vt 0.4675257 0.2376336
vt 0.4556503 0.2376336
vt 0.4073043 0.277016
vt 0.4073043 0.2602937
vt 0.4179467 0.2476499
vt 0.4146648 0.277016
vt 0.4148925 0.277016
vt 0.4148925 0.2602937
vt 0.4218072 0.2770255
vt 0.4218072 0.2603031
vt 0.4971195 0.2033826
vt 0.4971195 0.2195074
vt 0.4720786 0.2033826
vt 0.4971195 0.2195074
vt 0.4720786 0.2195074
vt 0.4971195 0.2033826
vt 0.4491434 0.2439223
vt 0.4740325 0.2439223
vt 0.4740325 0.2198109
vt 0.5134909 0.277035
vt 0.5134814 0.2603126
vt 0.4911912 0.2195074
vt 0.4911912 0.2461133
vt 0.4790123 0.2195074
vt 0.5134814 0.2603126
vt 0.483973 0.2603031
vt 0.5134909 0.277035
vt 0.4790123 0.2195074
vt 0.4911912 0.2461133
vt 0.4790123 0.2476499
vt 0.4911912 0.2195074
vt 0.4860502 0.2543844
vt 0.4860502 0.2543844
vt 0.4765556 0.2590985
vt 0.4765556 0.2590985
vt 0.3998016 0.2026902
vt 0.424795 0.2193651
vt 0.424795 0.2026902
vt 0.3998016 0.2193651
vt 0.424795 0.2026902
vt 0.3998016 0.2193651
vt 0.3998016 0.2026902
vt 0.424795 0.2193651
vt 0.4740325 0.2198109
vt 0.4740325 0.2439223
vt 0.4491434 0.2439223
vt 0.3844166 0.277016
vt 0.3844166 0.2602937
vt 0.4051702 0.2193651
vt 0.4179467 0.2193651
vt 0.4051702 0.2461133
vt 0.3844166 0.2602937
vt 0.3844166 0.277016
vt 0.4146648 0.2602937
vt 0.4179467 0.2193651
vt 0.4051702 0.2461133
vt 0.4051702 0.2193651
vt 0.4179467 0.2476499
vt 0.4107854 0.2547354
vt 0.4107854 0.2547354
vt 0.4206879 0.2590985
vt 0.4206879 0.2590985
vt 0.4720786 0.2195074
vt 0.4720786 0.2033826
vt 0.4491434 0.2198109
vt 0.4491434 0.2198109
vt 0.4492098 0.2033826
vt 0.4720786 0.2033826
vt 0.4492098 0.2195074
vt 0.4720786 0.2195074
vt 0.4492098 0.2195074
vt 0.4720786 0.2195074
vt 0.4492098 0.2033826
vt 0.4720786 0.2033826
vt 0.4556503 0.2376336
vt 0.4675257 0.2376336
vt 0.4675257 0.226166
vt 0.4556503 0.226166
vt 0.4913335 0.277035
vt 0.4913335 0.2603126
vt 0.4790123 0.2476499
vt 0.483973 0.2770255
vt 0.4837359 0.2770255
vt 0.4837359 0.2603031
vt 0.4768591 0.2770255
vt 0.4768591 0.2603031
vt 0.4492098 0.2033826
vt 0.4720786 0.2033826
vt 0.4492098 0.2195074
vt 0.4720786 0.2195074
vt 0.4492098 0.2195074
vt 0.4720786 0.2195074
vt 0.4492098 0.2033826
vt 0.4720786 0.2033826
vt 0.4556503 0.226166
vt 0.4675257 0.226166
vt 0.4675257 0.2376336
vt 0.4556503 0.2376336
vt 0.4073043 0.277016
vt 0.4073043 0.2602937
vt 0.4179467 0.2476499
vt 0.4146648 0.277016
vt 0.4148925 0.277016
vt 0.4148925 0.2602937
vt 0.4218072 0.2770255
vt 0.4218072 0.2603031
vt 0.4971195 0.2033826
vt 0.4971195 0.2195074
vt 0.4720786 0.2033826
vt 0.4971195 0.2195074
vt 0.4720786 0.2195074
vt 0.4971195 0.2033826
vt 0.4491434 0.2439223
vt 0.4740325 0.2439223
vt 0.4740325 0.2198109
vt 0.5134909 0.277035
vt 0.5134814 0.2603126
vt 0.4911912 0.2195074
vt 0.4911912 0.2461133
vt 0.4790123 0.2195074
vt 0.5134814 0.2603126
vt 0.483973 0.2603031
vt 0.5134909 0.277035
vt 0.4790123 0.2195074
vt 0.4911912 0.2461133
vt 0.4790123 0.2476499
vt 0.4911912 0.2195074
vt 0.4860502 0.2543844
vt 0.4860502 0.2543844
vt 0.4765556 0.2590985
vt 0.4765556 0.2590985
vt 0.3998016 0.2026902
vt 0.424795 0.2193651
vt 0.424795 0.2026902
vt 0.3998016 0.2193651
vt 0.424795 0.2026902
vt 0.3998016 0.2193651
vt 0.3998016 0.2026902
vt 0.424795 0.2193651
vt 0.4740325 0.2198109
vt 0.4740325 0.2439223
vt 0.4491434 0.2439223
vt 0.3844166 0.277016
vt 0.3844166 0.2602937
vt 0.4051702 0.2193651
vt 0.4179467 0.2193651
vt 0.4051702 0.2461133
vt 0.3844166 0.2602937
vt 0.3844166 0.277016
vt 0.4146648 0.2602937
vt 0.4179467 0.2193651
vt 0.4051702 0.2461133
vt 0.4051702 0.2193651
vt 0.4179467 0.2476499
vt 0.4107854 0.2547354
vt 0.4107854 0.2547354
vt 0.4206879 0.2590985
vt 0.4206879 0.2590985
vt 0.4720786 0.2195074
vt 0.4720786 0.2033826
vt 0.4491434 0.2198109
vt 0.4491434 0.2198109
vt 0.4492098 0.2033826
vt 0.4720786 0.2033826
vt 0.4492098 0.2195074
vt 0.4720786 0.2195074
vt 0.4492098 0.2195074
vt 0.4720786 0.2195074
vt 0.4492098 0.2033826
vt 0.4720786 0.2033826
vt 0.4556503 0.2376336
vt 0.4675257 0.2376336
vt 0.4675257 0.226166
vt 0.4556503 0.226166
vt 0.4913335 0.277035
vt 0.4913335 0.2603126
vt 0.4790123 0.2476499
vt 0.483973 0.2770255
vt 0.4837359 0.2770255
vt 0.4837359 0.2603031
vt 0.4768591 0.2770255
vt 0.4768591 0.2603031
vt 0.4492098 0.2033826
vt 0.4720786 0.2033826
vt 0.4492098 0.2195074
vt 0.4720786 0.2195074
vt 0.4492098 0.2195074
vt 0.4720786 0.2195074
vt 0.4492098 0.2033826
vt 0.4720786 0.2033826
vt 0.4556503 0.226166
vt 0.4675257 0.226166
vt 0.4675257 0.2376336
vt 0.4556503 0.2376336
vt 0.4073043 0.277016
vt 0.4073043 0.2602937
vt 0.4179467 0.2476499
vt 0.4146648 0.277016
vt 0.4148925 0.277016
vt 0.4148925 0.2602937
vt 0.4218072 0.2770255
vt 0.4218072 0.2603031
vt 0.4971195 0.2033826
vt 0.4971195 0.2195074
vt 0.4720786 0.2033826
vt 0.4971195 0.2195074
vt 0.4720786 0.2195074
vt 0.4971195 0.2033826
vt 0.4491434 0.2439223
vt 0.4740325 0.2439223
vt 0.4740325 0.2198109
vt 0.5134909 0.277035
vt 0.5134814 0.2603126
vt 0.4911912 0.2195074
vt 0.4911912 0.2461133
vt 0.4790123 0.2195074
vt 0.5134814 0.2603126
vt 0.483973 0.2603031
vt 0.5134909 0.277035
vt 0.4790123 0.2195074
vt 0.4911912 0.2461133
vt 0.4790123 0.2476499
vt 0.4911912 0.2195074
vt 0.4860502 0.2543844
vt 0.4860502 0.2543844
vt 0.4765556 0.2590985
vt 0.4765556 0.2590985
vt 0.3998016 0.2026902
vt 0.424795 0.2193651
vt 0.424795 0.2026902
vt 0.3998016 0.2193651
vt 0.424795 0.2026902
vt 0.3998016 0.2193651
vt 0.3998016 0.2026902
vt 0.424795 0.2193651
vt 0.4740325 0.2198109
vt 0.4740325 0.2439223
vt 0.4491434 0.2439223
vt 0.3844166 0.277016
vt 0.3844166 0.2602937
vt 0.4051702 0.2193651
vt 0.4179467 0.2193651
vt 0.4051702 0.2461133
vt 0.3844166 0.2602937
vt 0.3844166 0.277016
vt 0.4146648 0.2602937
vt 0.4179467 0.2193651
vt 0.4051702 0.2461133
vt 0.4051702 0.2193651
vt 0.4179467 0.2476499
vt 0.4107854 0.2547354
vt 0.4107854 0.2547354
vt 0.4206879 0.2590985
vt 0.4206879 0.2590985
vt 0.4720786 0.2195074
vt 0.4720786 0.2033826
vt 0.4491434 0.2198109
vt 0.4491434 0.2198109
vt 0.4492098 0.2033826
vt 0.4720786 0.2033826
vt 0.4492098 0.2195074
vt 0.4720786 0.2195074
vt 0.4492098 0.2195074
vt 0.4720786 0.2195074
vt 0.4492098 0.2033826
vt 0.4720786 0.2033826
vt 0.4556503 0.2376336
vt 0.4675257 0.2376336
vt 0.4675257 0.226166
vt 0.4556503 0.226166
vt 0.4913335 0.277035
vt 0.4913335 0.2603126
vt 0.4790123 0.2476499
vt 0.483973 0.2770255
vt 0.4837359 0.2770255
vt 0.4837359 0.2603031
vt 0.4768591 0.2770255
vt 0.4768591 0.2603031
vt 0.4492098 0.2033826
vt 0.4720786 0.2033826
vt 0.4492098 0.2195074
vt 0.4720786 0.2195074
vt 0.4492098 0.2195074
vt 0.4720786 0.2195074
vt 0.4492098 0.2033826
vt 0.4720786 0.2033826
vt 0.4556503 0.226166
vt 0.4675257 0.226166
vt 0.4675257 0.2376336
vt 0.4556503 0.2376336
vt 0.4073043 0.277016
vt 0.4073043 0.2602937
vt 0.4179467 0.2476499
vt 0.4146648 0.277016
vt 0.4148925 0.277016
vt 0.4148925 0.2602937
vt 0.4218072 0.2770255
vt 0.4218072 0.2603031
vt 0.4971195 0.2033826
vt 0.4971195 0.2195074
vt 0.4720786 0.2033826
vt 0.4971195 0.2195074
vt 0.4720786 0.2195074
vt 0.4971195 0.2033826
vt 0.4491434 0.2439223
vt 0.4740325 0.2439223
vt 0.4740325 0.2198109
vt 0.5134909 0.277035
vt 0.5134814 0.2603126
vt 0.4911912 0.2195074
vt 0.4911912 0.2461133
vt 0.4790123 0.2195074
vt 0.5134814 0.2603126
vt 0.483973 0.2603031
vt 0.5134909 0.277035
vt 0.4790123 0.2195074
vt 0.4911912 0.2461133
vt 0.4790123 0.2476499
vt 0.4911912 0.2195074
vt 0.4860502 0.2543844
vt 0.4860502 0.2543844
vt 0.4765556 0.2590985
vt 0.4765556 0.2590985
vt 0.3998016 0.2026902
vt 0.424795 0.2193651
vt 0.424795 0.2026902
vt 0.3998016 0.2193651
vt 0.424795 0.2026902
vt 0.3998016 0.2193651
vt 0.3998016 0.2026902
vt 0.424795 0.2193651
vt 0.4740325 0.2198109
vt 0.4740325 0.2439223
vt 0.4491434 0.2439223
vt 0.3844166 0.277016
vt 0.3844166 0.2602937
vt 0.4051702 0.2193651
vt 0.4179467 0.2193651
vt 0.4051702 0.2461133
vt 0.3844166 0.2602937
vt 0.3844166 0.277016
vt 0.4146648 0.2602937
vt 0.4179467 0.2193651
vt 0.4051702 0.2461133
vt 0.4051702 0.2193651
vt 0.4179467 0.2476499
vt 0.4107854 0.2547354
vt 0.4107854 0.2547354
vt 0.4206879 0.2590985
vt 0.4206879 0.2590985
vt 0.4720786 0.2195074
vt 0.4720786 0.2033826
vt 0.4491434 0.2198109
vt 0.4491434 0.2198109
vt 0.4492098 0.2033826
vt 0.4720786 0.2033826
vt 0.4492098 0.2195074
vt 0.4720786 0.2195074
vt 0.4492098 0.2195074
vt 0.4720786 0.2195074
vt 0.4492098 0.2033826
vt 0.4720786 0.2033826
vt 0.4556503 0.2376336
vt 0.4675257 0.2376336
vt 0.4675257 0.226166
vt 0.4556503 0.226166
vt 0.4913335 0.277035
vt 0.4913335 0.2603126
vt 0.4790123 0.2476499
vt 0.483973 0.2770255
vt 0.4837359 0.2770255
vt 0.4837359 0.2603031
vt 0.4768591 0.2770255
vt 0.4768591 0.2603031
vt 0.4492098 0.2033826
vt 0.4720786 0.2033826
vt 0.4492098 0.2195074
vt 0.4720786 0.2195074
vt 0.4492098 0.2195074
vt 0.4720786 0.2195074
vt 0.4492098 0.2033826
vt 0.4720786 0.2033826
vt 0.4556503 0.226166
vt 0.4675257 0.226166
vt 0.4675257 0.2376336
vt 0.4556503 0.2376336
vt 0.4073043 0.277016
vt 0.4073043 0.2602937
vt 0.4179467 0.2476499
vt 0.4146648 0.277016
vt 0.4148925 0.277016
vt 0.4148925 0.2602937
vt 0.4218072 0.2770255
vt 0.4218072 0.2603031
vt 0.4971195 0.2033826
vt 0.4971195 0.2195074
vt 0.4720786 0.2033826
vt 0.4971195 0.2195074
vt 0.4720786 0.2195074
vt 0.4971195 0.2033826
vt 0.4491434 0.2439223
vt 0.4740325 0.2439223
vt 0.4740325 0.2198109
vt 0.5134909 0.277035
vt 0.5134814 0.2603126
vt 0.4911912 0.2195074
vt 0.4911912 0.2461133
vt 0.4790123 0.2195074
vt 0.5134814 0.2603126
vt 0.483973 0.2603031
vt 0.5134909 0.277035
vt 0.4790123 0.2195074
vt 0.4911912 0.2461133
vt 0.4790123 0.2476499
vt 0.4911912 0.2195074
vt 0.4860502 0.2543844
vt 0.4860502 0.2543844
vt 0.4765556 0.2590985
vt 0.4765556 0.2590985
vt 0.3998016 0.2026902
vt 0.424795 0.2193651
vt 0.424795 0.2026902
vt 0.3998016 0.2193651
vt 0.424795 0.2026902
vt 0.3998016 0.2193651
vt 0.3998016 0.2026902
vt 0.424795 0.2193651
vt 0.4740325 0.2198109
vt 0.4740325 0.2439223
vt 0.4491434 0.2439223
vt 0.3844166 0.277016
vt 0.3844166 0.2602937
vt 0.4051702 0.2193651
vt 0.4179467 0.2193651
vt 0.4051702 0.2461133
vt 0.3844166 0.2602937
vt 0.3844166 0.277016
vt 0.4146648 0.2602937
vt 0.4179467 0.2193651
vt 0.4051702 0.2461133
vt 0.4051702 0.2193651
vt 0.4179467 0.2476499
vt 0.4107854 0.2547354
vt 0.4107854 0.2547354
vt 0.4206879 0.2590985
vt 0.4206879 0.2590985
vt 0.4720786 0.2195074
vt 0.4720786 0.2033826
vt 0.4491434 0.2198109
vt 0.4491434 0.2198109
vt 0.6456969 0.2727432
vt 0.6782184 0.2727432
vt 0.6782184 0.2727432
vt 0.6782184 0.2727432
vt 0.623108 0.3626451
vt 0.6282468 0.4006232
vt 0.6929448 0.4006141
vt 0.6990642 0.3626451
vt 0.6610861 0.3626451
vt 0.6337397 0.479403
vt 0.6877879 0.479403
vt 0.6877879 0.479403
vt 0.6877879 0.479403
vt 0.6327137 0.2940883
vt 0.6898398 0.2940883
vt 0.6898398 0.2940883
vt 0.6898398 0.2940883
vt 0.6256955 0.431347
vt 0.6956958 0.431347
vt 0.6956958 0.431347
vt 0.6956958 0.431347
vt 0.6256955 0.3627177
vt 0.6956958 0.3627177
vt 0.6956958 0.3627177
vt 0.6956958 0.3627177
vt 0.7988532 0.2659066
vt 0.7657779 0.2659066
vt 0.7657779 0.236935
vt 0.8319377 0.236935
vt 0.8319377 0.2659066
vt 0.6357915 0.2410751
vt 0.6988917 0.2437807
vt 0.6877334 0.2410751
vt 0.6231261 0.2437716
vt 0.6877334 0.2410751
vt 0.6988917 0.2437807
vt 0.6877334 0.2410751
vt 0.6231261 0.2437716
vt 0.6988917 0.2471582
vt 0.6231261 0.2471763
vt 0.6988917 0.2471582
vt 0.6231261 0.2471763
vt 0.622536 0.3681289
vt 0.622536 0.42698
vt 0.6983651 0.3681289
vt 0.6983651 0.42698
vt 0.6983651 0.3681289
vt 0.6983651 0.42698
vt 0.6983651 0.3681289
vt 0.6983651 0.42698
vt 0.6456969 0.2727432
vt 0.6456969 0.2727432
vt 0.6282468 0.4006232
vt 0.6929448 0.4006141
vt 0.6337397 0.479403
vt 0.6337397 0.479403
vt 0.6327137 0.2940883
vt 0.6327137 0.2940883
vt 0.6256955 0.431347
vt 0.6256955 0.431347
vt 0.6256955 0.3627177
vt 0.6256955 0.3627177
vt 0.7657779 0.2948873
vt 0.8319377 0.2948873
vt 0.6357915 0.2410751
vt 0.6231261 0.2437716
vt 0.6357915 0.2410751
vt 0.6988917 0.2437807
vt 0.6231261 0.2471763
vt 0.6988917 0.2471582
vt 0.622536 0.3681289
vt 0.622536 0.42698
vt 0.622536 0.3681289
vt 0.622536 0.42698
vt 0.6456969 0.2727432
vt 0.6327137 0.2940883
vt 0.6456969 0.2727432
vt 0.6327137 0.2940883
vt 0.6819772 0.4868389
vt 0.6402948 0.4868389
vt 0.6337397 0.479403
vt 0.6819772 0.4868389
vt 0.6402948 0.4868389
vt 0.6337397 0.479403
vt 0.6819772 0.4868389
vt 0.6402948 0.4868389
vt 0.6256955 0.3627177
vt 0.6256955 0.3627177
vt 0.6256955 0.431347
vt 0.6256955 0.431347
vt 0.622536 0.3681289
vt 0.622536 0.42698
vt 0.622536 0.3681289
vt 0.622536 0.42698
vt 0.6231261 0.2716174
vt 0.6988917 0.2374526
vt 0.6988917 0.2716174
vt 0.6231261 0.2374526
vt 0.6357915 0.2410751
vt 0.6231261 0.2374526
vt 0.6231261 0.2716174
vt 0.6357915 0.2410751
vt 0.6988917 0.2374526
vt 0.6988917 0.2716174
vt 0.6371262 0.2374344
vt 0.6863624 0.2374344
vt 0.6371262 0.2374344
vt 0.6863624 0.2374344
vt 0.6371262 0.2374344
vt 0.6863624 0.2374344
vt 0.6782184 0.2727432
vt 0.6898398 0.2940883
vt 0.6782184 0.2727432
vt 0.6898398 0.2940883
vt 0.6782184 0.2727432
vt 0.6327137 0.2940883
vt 0.6898398 0.2940883
vt 0.6456969 0.2727432
vt 0.6877879 0.479403
vt 0.6402948 0.4868389
vt 0.6819772 0.4868389
vt 0.6877879 0.479403
vt 0.6402948 0.4868389
vt 0.6819772 0.4868389
vt 0.6877879 0.479403
vt 0.6402948 0.4868389
vt 0.6819772 0.4868389
vt 0.6337397 0.479403
vt 0.6956958 0.3627177
vt 0.6956958 0.3627177
vt 0.6256955 0.3627177
vt 0.6956958 0.3627177
vt 0.6956958 0.431347
vt 0.6956958 0.431347
vt 0.6956958 0.431347
vt 0.6256955 0.431347
vt 0.6983651 0.3681289
vt 0.6983651 0.42698
vt 0.6983651 0.3681289
vt 0.6983651 0.42698
vt 0.6983651 0.3681289
vt 0.622536 0.42698
vt 0.6983651 0.42698
vt 0.622536 0.3681289
vt 0.6877334 0.2410751
vt 0.6988917 0.2374526
vt 0.6988917 0.2716174
vt 0.6877334 0.2410751
vt 0.6231261 0.2374526
vt 0.6231261 0.2716174
vt 0.6877334 0.2410751
vt 0.6357915 0.2410751
vt 0.6863624 0.2374344
vt 0.6371262 0.2374344
vt 0.6863624 0.2374344
vt 0.6371262 0.2374344
vt 0.6863624 0.2374344
vt 0.6371262 0.2374344
vt 0.6782184 0.2727432
vt 0.6456969 0.2727432
vt 0.6782184 0.2727432
vt 0.6456969 0.2727432
vt 0.6988917 0.2716174
vt 0.6988917 0.2374526
vt 0.6782184 0.2727432
vt 0.6456969 0.2727432
vt 0.6231261 0.2716174
vt 0.6231261 0.2374526
vt 0.6983651 0.3681289
vt 0.622536 0.3681289
vt 0.622536 0.42698
vt 0.6983651 0.42698
vt 0.6983651 0.3681289
vt 0.622536 0.3681289
vt 0.622536 0.42698
vt 0.6983651 0.42698
vt 0.6983651 0.3681289
vt 0.622536 0.3681289
vt 0.622536 0.42698
vt 0.6983651 0.42698
vt 0.6456969 0.2727432
vt 0.6782184 0.2727432
vt 0.6456969 0.2727432
vt 0.6782184 0.2727432
vt 0.6988917 0.2716174
vt 0.6988917 0.2374526
vt 0.6456969 0.2727432
vt 0.6782184 0.2727432
vt 0.6231261 0.2716174
vt 0.6231261 0.2374526
vt 0.622536 0.3681289
vt 0.6983651 0.3681289
vt 0.6983651 0.42698
vt 0.622536 0.42698
vt 0.622536 0.3681289
vt 0.6983651 0.3681289
vt 0.6983651 0.42698
vt 0.622536 0.42698
vt 0.622536 0.3681289
vt 0.6983651 0.3681289
vt 0.6983651 0.42698
vt 0.622536 0.42698
vt -0.06469145 0.05355487
vt -0.06469145 0.09629072
vt -0.06469145 0.1390266
vt -0.5257375 0.05355487
vt -0.5257375 0.09629072
vt -0.5257375 0.1390367
vt 0.002434969 0.1881573
vt 0.002434969 0.006801148
vt 0.9994299 0.1881573
vt 0.9994147 0.006801148
vt 0.002434969 0.1562249
vt 0.9994299 0.1562401
vt 0.002434969 0.03934211
vt 0.9990648 0.1847344
vt 0.9990648 0.1847344
vt 0.9990648 0.1847344
vt 0.07524519 0.1562249
vt 0.07524519 0.03934211
vt 0.07449975 0.1847344
vt 0.07449975 0.1847344
vt 0.9031306 0.1847344
vt 0.09684789 0.1847344
vt 0.09684789 0.1847344
vt 0.9031306 0.1847344
vt 0.9031306 0.1847344
vt 0.09684789 0.1847344
vt 0.09684789 0.1847344
vt 0.9031306 0.1847344
vt 0.07449975 0.1847344
vt 0.9994147 0.03934211
vt 0.07449975 0.1847344
vt 0.9990648 0.1847344
vt 0.09684789 0.1847344
vt 0.9031306 0.1847344
vt 0.09684789 0.1847344
vt 0.9031306 0.1847344
vt 0.002434969 0.1562249
vt 0.07524519 0.1562249
vt 0.002434969 0.03934211
vt 0.07524519 0.03934211
vt 0.09684789 0.1847344
vt 0.9031306 0.1847344
vt 0.09684789 0.1847344
vt 0.9031306 0.1847344
vt 0.6456969 0.2727432
vt 0.6782184 0.2727432
vt 0.6782184 0.2727432
vt 0.6782184 0.2727432
vt 0.623108 0.3626451
vt 0.6282468 0.4006232
vt 0.6929448 0.4006141
vt 0.6990642 0.3626451
vt 0.6610861 0.3626451
vt 0.6337397 0.479403
vt 0.6877879 0.479403
vt 0.6877879 0.479403
vt 0.6877879 0.479403
vt 0.6327137 0.2940883
vt 0.6898398 0.2940883
vt 0.6898398 0.2940883
vt 0.6898398 0.2940883
vt 0.6256955 0.431347
vt 0.6956958 0.431347
vt 0.6956958 0.431347
vt 0.6956958 0.431347
vt 0.6256955 0.3627177
vt 0.6956958 0.3627177
vt 0.6956958 0.3627177
vt 0.6956958 0.3627177
vt 0.7988532 0.2659066
vt 0.7657779 0.2659066
vt 0.7657779 0.236935
vt 0.8319377 0.236935
vt 0.8319377 0.2659066
vt 0.6357915 0.2410751
vt 0.6988917 0.2437807
vt 0.6877334 0.2410751
vt 0.6231261 0.2437716
vt 0.6877334 0.2410751
vt 0.6988917 0.2437807
vt 0.6877334 0.2410751
vt 0.6231261 0.2437716
vt 0.6988917 0.2471582
vt 0.6231261 0.2471763
vt 0.6988917 0.2471582
vt 0.6231261 0.2471763
vt 0.622536 0.3681289
vt 0.622536 0.42698
vt 0.6983651 0.3681289
vt 0.6983651 0.42698
vt 0.6983651 0.3681289
vt 0.6983651 0.42698
vt 0.6983651 0.3681289
vt 0.6983651 0.42698
vt 0.6456969 0.2727432
vt 0.6456969 0.2727432
vt 0.6282468 0.4006232
vt 0.6929448 0.4006141
vt 0.6337397 0.479403
vt 0.6337397 0.479403
vt 0.6327137 0.2940883
vt 0.6327137 0.2940883
vt 0.6256955 0.431347
vt 0.6256955 0.431347
vt 0.6256955 0.3627177
vt 0.6256955 0.3627177
vt 0.7657779 0.2948873
vt 0.8319377 0.2948873
vt 0.6357915 0.2410751
vt 0.6231261 0.2437716
vt 0.6357915 0.2410751
vt 0.6988917 0.2437807
vt 0.6231261 0.2471763
vt 0.6988917 0.2471582
vt 0.622536 0.3681289
vt 0.622536 0.42698
vt 0.622536 0.3681289
vt 0.622536 0.42698
vt 0.6456969 0.2727432
vt 0.6327137 0.2940883
vt 0.6456969 0.2727432
vt 0.6327137 0.2940883
vt 0.6819772 0.4868389
vt 0.6402948 0.4868389
vt 0.6337397 0.479403
vt 0.6819772 0.4868389
vt 0.6402948 0.4868389
vt 0.6337397 0.479403
vt 0.6819772 0.4868389
vt 0.6402948 0.4868389
vt 0.6256955 0.3627177
vt 0.6256955 0.3627177
vt 0.6256955 0.431347
vt 0.6256955 0.431347
vt 0.622536 0.3681289
vt 0.622536 0.42698
vt 0.622536 0.3681289
vt 0.622536 0.42698
vt 0.6231261 0.2716174
vt 0.6988917 0.2374526
vt 0.6988917 0.2716174
vt 0.6231261 0.2374526
vt 0.6357915 0.2410751
vt 0.6231261 0.2374526
vt 0.6231261 0.2716174
vt 0.6357915 0.2410751
vt 0.6988917 0.2374526
vt 0.6988917 0.2716174
vt 0.6371262 0.2374344
vt 0.6863624 0.2374344
vt 0.6371262 0.2374344
vt 0.6863624 0.2374344
vt 0.6371262 0.2374344
vt 0.6863624 0.2374344
vt 0.6782184 0.2727432
vt 0.6898398 0.2940883
vt 0.6782184 0.2727432
vt 0.6898398 0.2940883
vt 0.6782184 0.2727432
vt 0.6327137 0.2940883
vt 0.6898398 0.2940883
vt 0.6456969 0.2727432
vt 0.6877879 0.479403
vt 0.6402948 0.4868389
vt 0.6819772 0.4868389
vt 0.6877879 0.479403
vt 0.6402948 0.4868389
vt 0.6819772 0.4868389
vt 0.6877879 0.479403
vt 0.6402948 0.4868389
vt 0.6819772 0.4868389
vt 0.6337397 0.479403
vt 0.6956958 0.3627177
vt 0.6956958 0.3627177
vt 0.6256955 0.3627177
vt 0.6956958 0.3627177
vt 0.6956958 0.431347
vt 0.6956958 0.431347
vt 0.6956958 0.431347
vt 0.6256955 0.431347
vt 0.6983651 0.3681289
vt 0.6983651 0.42698
vt 0.6983651 0.3681289
vt 0.6983651 0.42698
vt 0.6983651 0.3681289
vt 0.622536 0.42698
vt 0.6983651 0.42698
vt 0.622536 0.3681289
vt 0.6877334 0.2410751
vt 0.6988917 0.2374526
vt 0.6988917 0.2716174
vt 0.6877334 0.2410751
vt 0.6231261 0.2374526
vt 0.6231261 0.2716174
vt 0.6877334 0.2410751
vt 0.6357915 0.2410751
vt 0.6863624 0.2374344
vt 0.6371262 0.2374344
vt 0.6863624 0.2374344
vt 0.6371262 0.2374344
vt 0.6863624 0.2374344
vt 0.6371262 0.2374344
vt 0.6782184 0.2727432
vt 0.6456969 0.2727432
vt 0.6782184 0.2727432
vt 0.6456969 0.2727432
vt 0.6988917 0.2716174
vt 0.6988917 0.2374526
vt 0.6782184 0.2727432
vt 0.6456969 0.2727432
vt 0.6231261 0.2716174
vt 0.6231261 0.2374526
vt 0.6983651 0.3681289
vt 0.622536 0.3681289
vt 0.622536 0.42698
vt 0.6983651 0.42698
vt 0.6983651 0.3681289
vt 0.622536 0.3681289
vt 0.622536 0.42698
vt 0.6983651 0.42698
vt 0.6983651 0.3681289
vt 0.622536 0.3681289
vt 0.622536 0.42698
vt 0.6983651 0.42698
vt 0.6456969 0.2727432
vt 0.6782184 0.2727432
vt 0.6456969 0.2727432
vt 0.6782184 0.2727432
vt 0.6988917 0.2716174
vt 0.6988917 0.2374526
vt 0.6456969 0.2727432
vt 0.6782184 0.2727432
vt 0.6231261 0.2716174
vt 0.6231261 0.2374526
vt 0.622536 0.3681289
vt 0.6983651 0.3681289
vt 0.6983651 0.42698
vt 0.622536 0.42698
vt 0.622536 0.3681289
vt 0.6983651 0.3681289
vt 0.6983651 0.42698
vt 0.622536 0.42698
vt 0.622536 0.3681289
vt 0.6983651 0.3681289
vt 0.6983651 0.42698
vt 0.622536 0.42698
vt 0.005043864 0.1965463
vt 0.2411824 0.3134316
vt 0.005110102 0.3134316
vt 0.2411824 0.5476575
vt 0.005110102 0.5476575
vt 0.254223 0.1965463
vt 0.005043864 0.2154241
vt 0.254223 0.2154241
vt 0.2444943 0.2294334
vt 0.005043864 0.2294334
vt 0.2387813 0.2449746
vt 0.005043864 0.2449746
vt 0.2354032 0.2698304
vt 0.005043864 0.2698304
vt 0.2395348 0.2943301
vt 0.005043864 0.2943301
vt 0.2460012 0.2994056
vt 0.005043864 0.2994056
vt 0.2460012 0.306874
vt 0.005043864 0.306874
vt 0.2411824 0.5476575
vt 0.005110102 0.5476575
vt 0.254223 0.1965463
vt 0.254223 0.2154241
vt 0.2444943 0.2294334
vt 0.2387813 0.2449746
vt 0.2354032 0.2698304
vt 0.2395348 0.2943301
vt 0.2460012 0.2994056
vt 0.2460012 0.306874
vt 0.005043864 0.3117756
vt 0.2405946 0.3117756
vt 0.2405946 0.3117756
vt 0.2460012 0.306874
vt 0.005043864 0.306874
vt 0.2460012 0.306874
vt 0.2412923 0.3134536
vt 0.00511232 0.3134536
vt 0.2412923 0.5476881
vt 0.00511232 0.5476881
vt 0.2412923 0.5476881
vt 0.00511232 0.5476881
vt 0.2412923 0.5476881
vt 0.00511232 0.5476881
vt 0.2412923 0.5476881
vt 0.00511232 0.5476881
vt 0.2412923 0.3134536
vt 0.00511232 0.3134536
vt 0.2412923 0.3134536
vt 0.00511232 0.3134536
vt 0.2412923 0.3134536
vt 0.00511232 0.3134536
vt -0.6572763 0.3762026
vt -0.6899657 0.3762026
vt -0.6572763 0.4489212
vt -0.6899952 0.4489212
vt -0.6572763 0.5415313
vt -0.7497976 0.5415313
vt -0.5773163 0.4489212
vt -0.7040148 0.496438
vt -0.6572763 0.5415214
vt -0.5773163 0.5415313
vt -0.6572763 0.501837
vt -0.6572763 0.4489212
vt -0.6572763 0.4489212
vt -0.6899952 0.4489212
vt -0.6572763 0.3762026
vt -0.6899657 0.3762026
vt -0.6572763 0.4489212
vt -0.6899952 0.4489212
vt -0.6572763 0.5415313
vt -0.7497976 0.5415313
vt -0.5773163 0.4489212
vt -0.7040148 0.496438
vt -0.6572763 0.5415313
vt -0.5773163 0.5415313
vt -0.6572763 0.501837
vt -0.6572763 0.4489212
vt -0.6572763 0.4489212
vt -0.6899952 0.4489212
vt 0.4492098 0.2033826
vt 0.4720786 0.2033826
vt 0.4492098 0.2195074
vt 0.4720786 0.2195074
vt 0.4492098 0.2195074
vt 0.4720786 0.2195074
vt 0.4492098 0.2033826
vt 0.4720786 0.2033826
vt 0.4556503 0.2376336
vt 0.4675257 0.2376336
vt 0.4675257 0.226166
vt 0.4556503 0.226166
vt 0.4913335 0.277035
vt 0.4913335 0.2603126
vt 0.4790123 0.2476499
vt 0.483973 0.2770255
vt 0.4837359 0.2770255
vt 0.4837359 0.2603031
vt 0.4768591 0.2770255
vt 0.4768591 0.2603031
vt 0.4492098 0.2033826
vt 0.4720786 0.2033826
vt 0.4492098 0.2195074
vt 0.4720786 0.2195074
vt 0.4492098 0.2195074
vt 0.4720786 0.2195074
vt 0.4492098 0.2033826
vt 0.4720786 0.2033826
vt 0.4556503 0.226166
vt 0.4675257 0.226166
vt 0.4675257 0.2376336
vt 0.4556503 0.2376336
vt 0.4073043 0.277016
vt 0.4073043 0.2602937
vt 0.4179467 0.2476499
vt 0.4146648 0.277016
vt 0.4148925 0.277016
vt 0.4148925 0.2602937
vt 0.4218072 0.2770255
vt 0.4218072 0.2603031
vt 0.4971195 0.2033826
vt 0.4971195 0.2195074
vt 0.4720786 0.2033826
vt 0.4971195 0.2195074
vt 0.4720786 0.2195074
vt 0.4971195 0.2033826
vt 0.4491434 0.2439223
vt 0.4740325 0.2439223
vt 0.4740325 0.2198109
vt 0.5134909 0.277035
vt 0.5134814 0.2603126
vt 0.4911912 0.2195074
vt 0.4911912 0.2461133
vt 0.4790123 0.2195074
vt 0.5134814 0.2603126
vt 0.483973 0.2603031
vt 0.5134909 0.277035
vt 0.4790123 0.2195074
vt 0.4911912 0.2461133
vt 0.4790123 0.2476499
vt 0.4911912 0.2195074
vt 0.4860502 0.2543844
vt 0.4860502 0.2543844
vt 0.4765556 0.2590985
vt 0.4765556 0.2590985
vt 0.3998016 0.2026902
vt 0.424795 0.2193651
vt 0.424795 0.2026902
vt 0.3998016 0.2193651
vt 0.424795 0.2026902
vt 0.3998016 0.2193651
vt 0.3998016 0.2026902
vt 0.424795 0.2193651
vt 0.4740325 0.2198109
vt 0.4740325 0.2439223
vt 0.4491434 0.2439223
vt 0.3844166 0.277016
vt 0.3844166 0.2602937
vt 0.4051702 0.2193651
vt 0.4179467 0.2193651
vt 0.4051702 0.2461133
vt 0.3844166 0.2602937
vt 0.3844166 0.277016
vt 0.4146648 0.2602937
vt 0.4179467 0.2193651
vt 0.4051702 0.2461133
vt 0.4051702 0.2193651
vt 0.4179467 0.2476499
vt 0.4107854 0.2547354
vt 0.4107854 0.2547354
vt 0.4206879 0.2590985
vt 0.4206879 0.2590985
vt 0.4720786 0.2195074
vt 0.4720786 0.2033826
vt 0.4491434 0.2198109
vt 0.4491434 0.2198109
vt 0.4492098 0.2033826
vt 0.4720786 0.2033826
vt 0.4492098 0.2195074
vt 0.4720786 0.2195074
vt 0.4492098 0.2195074
vt 0.4720786 0.2195074
vt 0.4492098 0.2033826
vt 0.4720786 0.2033826
vt 0.4556503 0.2376336
vt 0.4675257 0.2376336
vt 0.4675257 0.226166
vt 0.4556503 0.226166
vt 0.4913335 0.277035
vt 0.4913335 0.2603126
vt 0.4790123 0.2476499
vt 0.483973 0.2770255
vt 0.4837359 0.2770255
vt 0.4837359 0.2603031
vt 0.4768591 0.2770255
vt 0.4768591 0.2603031
vt 0.4492098 0.2033826
vt 0.4720786 0.2033826
vt 0.4492098 0.2195074
vt 0.4720786 0.2195074
vt 0.4492098 0.2195074
vt 0.4720786 0.2195074
vt 0.4492098 0.2033826
vt 0.4720786 0.2033826
vt 0.4556503 0.226166
vt 0.4675257 0.226166
vt 0.4675257 0.2376336
vt 0.4556503 0.2376336
vt 0.4073043 0.277016
vt 0.4073043 0.2602937
vt 0.4179467 0.2476499
vt 0.4146648 0.277016
vt 0.4148925 0.277016
vt 0.4148925 0.2602937
vt 0.4218072 0.2770255
vt 0.4218072 0.2603031
vt 0.4971195 0.2033826
vt 0.4971195 0.2195074
vt 0.4720786 0.2033826
vt 0.4971195 0.2195074
vt 0.4720786 0.2195074
vt 0.4971195 0.2033826
vt 0.4491434 0.2439223
vt 0.4740325 0.2439223
vt 0.4740325 0.2198109
vt 0.5134909 0.277035
vt 0.5134814 0.2603126
vt 0.4911912 0.2195074
vt 0.4911912 0.2461133
vt 0.4790123 0.2195074
vt 0.5134814 0.2603126
vt 0.483973 0.2603031
vt 0.5134909 0.277035
vt 0.4790123 0.2195074
vt 0.4911912 0.2461133
vt 0.4790123 0.2476499
vt 0.4911912 0.2195074
vt 0.4860502 0.2543844
vt 0.4860502 0.2543844
vt 0.4765556 0.2590985
vt 0.4765556 0.2590985
vt 0.3998016 0.2026902
vt 0.424795 0.2193651
vt 0.424795 0.2026902
vt 0.3998016 0.2193651
vt 0.424795 0.2026902
vt 0.3998016 0.2193651
vt 0.3998016 0.2026902
vt 0.424795 0.2193651
vt 0.4740325 0.2198109
vt 0.4740325 0.2439223
vt 0.4491434 0.2439223
vt 0.3844166 0.277016
vt 0.3844166 0.2602937
vt 0.4051702 0.2193651
vt 0.4179467 0.2193651
vt 0.4051702 0.2461133
vt 0.3844166 0.2602937
vt 0.3844166 0.277016
vt 0.4146648 0.2602937
vt 0.4179467 0.2193651
vt 0.4051702 0.2461133
vt 0.4051702 0.2193651
vt 0.4179467 0.2476499
vt 0.4107854 0.2547354
vt 0.4107854 0.2547354
vt 0.4206879 0.2590985
vt 0.4206879 0.2590985
vt 0.4720786 0.2195074
vt 0.4720786 0.2033826
vt 0.4491434 0.2198109
vt 0.4491434 0.2198109
vt 0.4492098 0.2033826
vt 0.4720786 0.2033826
vt 0.4492098 0.2195074
vt 0.4720786 0.2195074
vt 0.4492098 0.2195074
vt 0.4720786 0.2195074
vt 0.4492098 0.2033826
vt 0.4720786 0.2033826
vt 0.4556503 0.2376336
vt 0.4675257 0.2376336
vt 0.4675257 0.226166
vt 0.4556503 0.226166
vt 0.4913335 0.277035
vt 0.4913335 0.2603126
vt 0.4790123 0.2476499
vt 0.483973 0.2770255
vt 0.4837359 0.2770255
vt 0.4837359 0.2603031
vt 0.4768591 0.2770255
vt 0.4768591 0.2603031
vt 0.4492098 0.2033826
vt 0.4720786 0.2033826
vt 0.4492098 0.2195074
vt 0.4720786 0.2195074
vt 0.4492098 0.2195074
vt 0.4720786 0.2195074
vt 0.4492098 0.2033826
vt 0.4720786 0.2033826
vt 0.4556503 0.226166
vt 0.4675257 0.226166
vt 0.4675257 0.2376336
vt 0.4556503 0.2376336
vt 0.4073043 0.277016
vt 0.4073043 0.2602937
vt 0.4179467 0.2476499
vt 0.4146648 0.277016
vt 0.4148925 0.277016
vt 0.4148925 0.2602937
vt 0.4218072 0.2770255
vt 0.4218072 0.2603031
vt 0.4971195 0.2033826
vt 0.4971195 0.2195074
vt 0.4720786 0.2033826
vt 0.4971195 0.2195074
vt 0.4720786 0.2195074
vt 0.4971195 0.2033826
vt 0.4491434 0.2439223
vt 0.4740325 0.2439223
vt 0.4740325 0.2198109
vt 0.5134909 0.277035
vt 0.5134814 0.2603126
vt 0.4911912 0.2195074
vt 0.4911912 0.2461133
vt 0.4790123 0.2195074
vt 0.5134814 0.2603126
vt 0.483973 0.2603031
vt 0.5134909 0.277035
vt 0.4790123 0.2195074
vt 0.4911912 0.2461133
vt 0.4790123 0.2476499
vt 0.4911912 0.2195074
vt 0.4860502 0.2543844
vt 0.4860502 0.2543844
vt 0.4765556 0.2590985
vt 0.4765556 0.2590985
vt 0.3998016 0.2026902
vt 0.424795 0.2193651
vt 0.424795 0.2026902
vt 0.3998016 0.2193651
vt 0.424795 0.2026902
vt 0.3998016 0.2193651
vt 0.3998016 0.2026902
vt 0.424795 0.2193651
vt 0.4740325 0.2198109
vt 0.4740325 0.2439223
vt 0.4491434 0.2439223
vt 0.3844166 0.277016
vt 0.3844166 0.2602937
vt 0.4051702 0.2193651
vt 0.4179467 0.2193651
vt 0.4051702 0.2461133
vt 0.3844166 0.2602937
vt 0.3844166 0.277016
vt 0.4146648 0.2602937
vt 0.4179467 0.2193651
vt 0.4051702 0.2461133
vt 0.4051702 0.2193651
vt 0.4179467 0.2476499
vt 0.4107854 0.2547354
vt 0.4107854 0.2547354
vt 0.4206879 0.2590985
vt 0.4206879 0.2590985
vt 0.4720786 0.2195074
vt 0.4720786 0.2033826
vt 0.4491434 0.2198109
vt 0.4491434 0.2198109
vt 0.4492098 0.2033826
vt 0.4720786 0.2033826
vt 0.4492098 0.2195074
vt 0.4720786 0.2195074
vt 0.4492098 0.2195074
vt 0.4720786 0.2195074
vt 0.4492098 0.2033826
vt 0.4720786 0.2033826
vt 0.4556503 0.2376336
vt 0.4675257 0.2376336
vt 0.4675257 0.226166
vt 0.4556503 0.226166
vt 0.4913335 0.277035
vt 0.4913335 0.2603126
vt 0.4790123 0.2476499
vt 0.483973 0.2770255
vt 0.4837359 0.2770255
vt 0.4837359 0.2603031
vt 0.4768591 0.2770255
vt 0.4768591 0.2603031
vt 0.4492098 0.2033826
vt 0.4720786 0.2033826
vt 0.4492098 0.2195074
vt 0.4720786 0.2195074
vt 0.4492098 0.2195074
vt 0.4720786 0.2195074
vt 0.4492098 0.2033826
vt 0.4720786 0.2033826
vt 0.4556503 0.226166
vt 0.4675257 0.226166
vt 0.4675257 0.2376336
vt 0.4556503 0.2376336
vt 0.4073043 0.277016
vt 0.4073043 0.2602937
vt 0.4179467 0.2476499
vt 0.4146648 0.277016
vt 0.4148925 0.277016
vt 0.4148925 0.2602937
vt 0.4218072 0.2770255
vt 0.4218072 0.2603031
vt 0.4971195 0.2033826
vt 0.4971195 0.2195074
vt 0.4720786 0.2033826
vt 0.4971195 0.2195074
vt 0.4720786 0.2195074
vt 0.4971195 0.2033826
vt 0.4491434 0.2439223
vt 0.4740325 0.2439223
vt 0.4740325 0.2198109
vt 0.5134909 0.277035
vt 0.5134814 0.2603126
vt 0.4911912 0.2195074
vt 0.4911912 0.2461133
vt 0.4790123 0.2195074
vt 0.5134814 0.2603126
vt 0.483973 0.2603031
vt 0.5134909 0.277035
vt 0.4790123 0.2195074
vt 0.4911912 0.2461133
vt 0.4790123 0.2476499
vt 0.4911912 0.2195074
vt 0.4860502 0.2543844
vt 0.4860502 0.2543844
vt 0.4765556 0.2590985
vt 0.4765556 0.2590985
vt 0.3998016 0.2026902
vt 0.424795 0.2193651
vt 0.424795 0.2026902
vt 0.3998016 0.2193651
vt 0.424795 0.2026902
vt 0.3998016 0.2193651
vt 0.3998016 0.2026902
vt 0.424795 0.2193651
vt 0.4740325 0.2198109
vt 0.4740325 0.2439223
vt 0.4491434 0.2439223
vt 0.3844166 0.277016
vt 0.3844166 0.2602937
vt 0.4051702 0.2193651
vt 0.4179467 0.2193651
vt 0.4051702 0.2461133
vt 0.3844166 0.2602937
vt 0.3844166 0.277016
vt 0.4146648 0.2602937
vt 0.4179467 0.2193651
vt 0.4051702 0.2461133
vt 0.4051702 0.2193651
vt 0.4179467 0.2476499
vt 0.4107854 0.2547354
vt 0.4107854 0.2547354
vt 0.4206879 0.2590985
vt 0.4206879 0.2590985
vt 0.4720786 0.2195074
vt 0.4720786 0.2033826
vt 0.4491434 0.2198109
vt 0.4491434 0.2198109
vt 0.4492098 0.2033826
vt 0.4720786 0.2033826
vt 0.4492098 0.2195074
vt 0.4720786 0.2195074
vt 0.4492098 0.2195074
vt 0.4720786 0.2195074
vt 0.4492098 0.2033826
vt 0.4720786 0.2033826
vt 0.4556503 0.2376336
vt 0.4675257 0.2376336
vt 0.4675257 0.226166
vt 0.4556503 0.226166
vt 0.4913335 0.277035
vt 0.4913335 0.2603126
vt 0.4790123 0.2476499
vt 0.483973 0.2770255
vt 0.4837359 0.2770255
vt 0.4837359 0.2603031
vt 0.4768591 0.2770255
vt 0.4768591 0.2603031
vt 0.4492098 0.2033826
vt 0.4720786 0.2033826
vt 0.4492098 0.2195074
vt 0.4720786 0.2195074
vt 0.4492098 0.2195074
vt 0.4720786 0.2195074
vt 0.4492098 0.2033826
vt 0.4720786 0.2033826
vt 0.4556503 0.226166
vt 0.4675257 0.226166
vt 0.4675257 0.2376336
vt 0.4556503 0.2376336
vt 0.4073043 0.277016
vt 0.4073043 0.2602937
vt 0.4179467 0.2476499
vt 0.4146648 0.277016
vt 0.4148925 0.277016
vt 0.4148925 0.2602937
vt 0.4218072 0.2770255
vt 0.4218072 0.2603031
vt 0.4971195 0.2033826
vt 0.4971195 0.2195074
vt 0.4720786 0.2033826
vt 0.4971195 0.2195074
vt 0.4720786 0.2195074
vt 0.4971195 0.2033826
vt 0.4491434 0.2439223
vt 0.4740325 0.2439223
vt 0.4740325 0.2198109
vt 0.5134909 0.277035
vt 0.5134814 0.2603126
vt 0.4911912 0.2195074
vt 0.4911912 0.2461133
vt 0.4790123 0.2195074
vt 0.5134814 0.2603126
vt 0.483973 0.2603031
vt 0.5134909 0.277035
vt 0.4790123 0.2195074
vt 0.4911912 0.2461133
vt 0.4790123 0.2476499
vt 0.4911912 0.2195074
vt 0.4860502 0.2543844
vt 0.4860502 0.2543844
vt 0.4765556 0.2590985
vt 0.4765556 0.2590985
vt 0.3998016 0.2026902
vt 0.424795 0.2193651
vt 0.424795 0.2026902
vt 0.3998016 0.2193651
vt 0.424795 0.2026902
vt 0.3998016 0.2193651
vt 0.3998016 0.2026902
vt 0.424795 0.2193651
vt 0.4740325 0.2198109
vt 0.4740325 0.2439223
vt 0.4491434 0.2439223
vt 0.3844166 0.277016
vt 0.3844166 0.2602937
vt 0.4051702 0.2193651
vt 0.4179467 0.2193651
vt 0.4051702 0.2461133
vt 0.3844166 0.2602937
vt 0.3844166 0.277016
vt 0.4146648 0.2602937
vt 0.4179467 0.2193651
vt 0.4051702 0.2461133
vt 0.4051702 0.2193651
vt 0.4179467 0.2476499
vt 0.4107854 0.2547354
vt 0.4107854 0.2547354
vt 0.4206879 0.2590985
vt 0.4206879 0.2590985
vt 0.4720786 0.2195074
vt 0.4720786 0.2033826
vt 0.4491434 0.2198109
vt 0.4491434 0.2198109
vt 0.4492098 0.2033826
vt 0.4720786 0.2033826
vt 0.4492098 0.2195074
vt 0.4720786 0.2195074
vt 0.4492098 0.2195074
vt 0.4720786 0.2195074
vt 0.4492098 0.2033826
vt 0.4720786 0.2033826
vt 0.4556503 0.2376336
vt 0.4675257 0.2376336
vt 0.4675257 0.226166
vt 0.4556503 0.226166
vt 0.4913335 0.277035
vt 0.4913335 0.2603126
vt 0.4790123 0.2476499
vt 0.483973 0.2770255
vt 0.4837359 0.2770255
vt 0.4837359 0.2603031
vt 0.4768591 0.2770255
vt 0.4768591 0.2603031
vt 0.4492098 0.2033826
vt 0.4720786 0.2033826
vt 0.4492098 0.2195074
vt 0.4720786 0.2195074
vt 0.4492098 0.2195074
vt 0.4720786 0.2195074
vt 0.4492098 0.2033826
vt 0.4720786 0.2033826
vt 0.4556503 0.226166
vt 0.4675257 0.226166
vt 0.4675257 0.2376336
vt 0.4556503 0.2376336
vt 0.4073043 0.277016
vt 0.4073043 0.2602937
vt 0.4179467 0.2476499
vt 0.4146648 0.277016
vt 0.4148925 0.277016
vt 0.4148925 0.2602937
vt 0.4218072 0.2770255
vt 0.4218072 0.2603031
vt 0.4971195 0.2033826
vt 0.4971195 0.2195074
vt 0.4720786 0.2033826
vt 0.4971195 0.2195074
vt 0.4720786 0.2195074
vt 0.4971195 0.2033826
vt 0.4491434 0.2439223
vt 0.4740325 0.2439223
vt 0.4740325 0.2198109
vt 0.5134909 0.277035
vt 0.5134814 0.2603126
vt 0.4911912 0.2195074
vt 0.4911912 0.2461133
vt 0.4790123 0.2195074
vt 0.5134814 0.2603126
vt 0.483973 0.2603031
vt 0.5134909 0.277035
vt 0.4790123 0.2195074
vt 0.4911912 0.2461133
vt 0.4790123 0.2476499
vt 0.4911912 0.2195074
vt 0.4860502 0.2543844
vt 0.4860502 0.2543844
vt 0.4765556 0.2590985
vt 0.4765556 0.2590985
vt 0.3998016 0.2026902
vt 0.424795 0.2193651
vt 0.424795 0.2026902
vt 0.3998016 0.2193651
vt 0.424795 0.2026902
vt 0.3998016 0.2193651
vt 0.3998016 0.2026902
vt 0.424795 0.2193651
vt 0.4740325 0.2198109
vt 0.4740325 0.2439223
vt 0.4491434 0.2439223
vt 0.3844166 0.277016
vt 0.3844166 0.2602937
vt 0.4051702 0.2193651
vt 0.4179467 0.2193651
vt 0.4051702 0.2461133
vt 0.3844166 0.2602937
vt 0.3844166 0.277016
vt 0.4146648 0.2602937
vt 0.4179467 0.2193651
vt 0.4051702 0.2461133
vt 0.4051702 0.2193651
vt 0.4179467 0.2476499
vt 0.4107854 0.2547354
vt 0.4107854 0.2547354
vt 0.4206879 0.2590985
vt 0.4206879 0.2590985
vt 0.4720786 0.2195074
vt 0.4720786 0.2033826
vt 0.4491434 0.2198109
vt 0.4491434 0.2198109
vt 0.277119 0.1975653
vt 0.2968575 0.1975653
vt 0.316596 0.1975653
vt 0.3363345 0.1975653
vt 0.3560826 0.1975653
vt 0.277119 0.2124659
vt 0.2968575 0.2124659
vt 0.316596 0.2124659
vt 0.3363345 0.2124659
vt 0.3560729 0.2124659
vt 0.277119 0.1975653
vt 0.2968575 0.1975653
vt 0.316596 0.1975653
vt 0.3363345 0.1975653
vt 0.3560826 0.1975653
vt 0.277119 0.2124659
vt 0.2968575 0.2124659
vt 0.316596 0.2124659
vt 0.3363345 0.2124659
vt 0.3560729 0.2124659
vt -0.06469145 0.05355487
vt -0.06469145 0.09629072
vt -0.06469145 0.1390266
vt -0.5257375 0.05355487
vt -0.5257375 0.09629072
vt -0.5257375 0.1390367
vt 0.4492098 0.2033826
vt 0.4720786 0.2033826
vt 0.4492098 0.2195074
vt 0.4720786 0.2195074
vt 0.4492098 0.2195074
vt 0.4720786 0.2195074
vt 0.4492098 0.2033826
vt 0.4720786 0.2033826
vt 0.4556503 0.2376336
vt 0.4675257 0.2376336
vt 0.4675257 0.226166
vt 0.4556503 0.226166
vt 0.4913335 0.277035
vt 0.4913335 0.2603126
vt 0.4790123 0.2476499
vt 0.483973 0.2770255
vt 0.4837359 0.2770255
vt 0.4837359 0.2603031
vt 0.4768591 0.2770255
vt 0.4768591 0.2603031
vt 0.4492098 0.2033826
vt 0.4720786 0.2033826
vt 0.4492098 0.2195074
vt 0.4720786 0.2195074
vt 0.4492098 0.2195074
vt 0.4720786 0.2195074
vt 0.4492098 0.2033826
vt 0.4720786 0.2033826
vt 0.4556503 0.226166
vt 0.4675257 0.226166
vt 0.4675257 0.2376336
vt 0.4556503 0.2376336
vt 0.4073043 0.277016
vt 0.4073043 0.2602937
vt 0.4179467 0.2476499
vt 0.4146648 0.277016
vt 0.4148925 0.277016
vt 0.4148925 0.2602937
vt 0.4218072 0.2770255
vt 0.4218072 0.2603031
vt 0.4971195 0.2033826
vt 0.4971195 0.2195074
vt 0.4720786 0.2033826
vt 0.4971195 0.2195074
vt 0.4720786 0.2195074
vt 0.4971195 0.2033826
vt 0.4491434 0.2439223
vt 0.4740325 0.2439223
vt 0.4740325 0.2198109
vt 0.5134909 0.277035
vt 0.5134814 0.2603126
vt 0.4911912 0.2195074
vt 0.4911912 0.2461133
vt 0.4790123 0.2195074
vt 0.5134814 0.2603126
vt 0.483973 0.2603031
vt 0.5134909 0.277035
vt 0.4790123 0.2195074
vt 0.4911912 0.2461133
vt 0.4790123 0.2476499
vt 0.4911912 0.2195074
vt 0.4860502 0.2543844
vt 0.4860502 0.2543844
vt 0.4765556 0.2590985
vt 0.4765556 0.2590985
vt 0.3998016 0.2026902
vt 0.424795 0.2193651
vt 0.424795 0.2026902
vt 0.3998016 0.2193651
vt 0.424795 0.2026902
vt 0.3998016 0.2193651
vt 0.3998016 0.2026902
vt 0.424795 0.2193651
vt 0.4740325 0.2198109
vt 0.4740325 0.2439223
vt 0.4491434 0.2439223
vt 0.3844166 0.277016
vt 0.3844166 0.2602937
vt 0.4051702 0.2193651
vt 0.4179467 0.2193651
vt 0.4051702 0.2461133
vt 0.3844166 0.2602937
vt 0.3844166 0.277016
vt 0.4146648 0.2602937
vt 0.4179467 0.2193651
vt 0.4051702 0.2461133
vt 0.4051702 0.2193651
vt 0.4179467 0.2476499
vt 0.4107854 0.2547354
vt 0.4107854 0.2547354
vt 0.4206879 0.2590985
vt 0.4206879 0.2590985
vt 0.4720786 0.2195074
vt 0.4720786 0.2033826
vt 0.4491434 0.2198109
vt 0.4491434 0.2198109
vt 0.4492098 0.2033826
vt 0.4720786 0.2033826
vt 0.4492098 0.2195074
vt 0.4720786 0.2195074
vt 0.4492098 0.2195074
vt 0.4720786 0.2195074
vt 0.4492098 0.2033826
vt 0.4720786 0.2033826
vt 0.4556503 0.2376336
vt 0.4675257 0.2376336
vt 0.4675257 0.226166
vt 0.4556503 0.226166
vt 0.4913335 0.277035
vt 0.4913335 0.2603126
vt 0.4790123 0.2476499
vt 0.483973 0.2770255
vt 0.4837359 0.2770255
vt 0.4837359 0.2603031
vt 0.4768591 0.2770255
vt 0.4768591 0.2603031
vt 0.4492098 0.2033826
vt 0.4720786 0.2033826
vt 0.4492098 0.2195074
vt 0.4720786 0.2195074
vt 0.4492098 0.2195074
vt 0.4720786 0.2195074
vt 0.4492098 0.2033826
vt 0.4720786 0.2033826
vt 0.4556503 0.226166
vt 0.4675257 0.226166
vt 0.4675257 0.2376336
vt 0.4556503 0.2376336
vt 0.4073043 0.277016
vt 0.4073043 0.2602937
vt 0.4179467 0.2476499
vt 0.4146648 0.277016
vt 0.4148925 0.277016
vt 0.4148925 0.2602937
vt 0.4218072 0.2770255
vt 0.4218072 0.2603031
vt 0.4971195 0.2033826
vt 0.4971195 0.2195074
vt 0.4720786 0.2033826
vt 0.4971195 0.2195074
vt 0.4720786 0.2195074
vt 0.4971195 0.2033826
vt 0.4491434 0.2439223
vt 0.4740325 0.2439223
vt 0.4740325 0.2198109
vt 0.5134909 0.277035
vt 0.5134814 0.2603126
vt 0.4911912 0.2195074
vt 0.4911912 0.2461133
vt 0.4790123 0.2195074
vt 0.5134814 0.2603126
vt 0.483973 0.2603031
vt 0.5134909 0.277035
vt 0.4790123 0.2195074
vt 0.4911912 0.2461133
vt 0.4790123 0.2476499
vt 0.4911912 0.2195074
vt 0.4860502 0.2543844
vt 0.4860502 0.2543844
vt 0.4765556 0.2590985
vt 0.4765556 0.2590985
vt 0.3998016 0.2026902
vt 0.424795 0.2193651
vt 0.424795 0.2026902
vt 0.3998016 0.2193651
vt 0.424795 0.2026902
vt 0.3998016 0.2193651
vt 0.3998016 0.2026902
vt 0.424795 0.2193651
vt 0.4740325 0.2198109
vt 0.4740325 0.2439223
vt 0.4491434 0.2439223
vt 0.3844166 0.277016
vt 0.3844166 0.2602937
vt 0.4051702 0.2193651
vt 0.4179467 0.2193651
vt 0.4051702 0.2461133
vt 0.3844166 0.2602937
vt 0.3844166 0.277016
vt 0.4146648 0.2602937
vt 0.4179467 0.2193651
vt 0.4051702 0.2461133
vt 0.4051702 0.2193651
vt 0.4179467 0.2476499
vt 0.4107854 0.2547354
vt 0.4107854 0.2547354
vt 0.4206879 0.2590985
vt 0.4206879 0.2590985
vt 0.4720786 0.2195074
vt 0.4720786 0.2033826
vt 0.4491434 0.2198109
vt 0.4491434 0.2198109
vt 0.2767161 0.5541961
vt 0.3223751 0.5541961
vt 0.2767161 0.7924464
vt 0.3223751 0.7924464
vt 0.2993882 0.5541961
vt 0.2993882 0.7924464
vt 0.3368228 0.5552217
vt 0.3824748 0.5552217
vt 0.3368228 0.8078165
vt 0.3824748 0.8078165
vt 0.3594907 0.5552217
vt 0.3594907 0.8078165
vt 0.4492098 0.2033826
vt 0.4720786 0.2033826
vt 0.4492098 0.2195074
vt 0.4720786 0.2195074
vt 0.4492098 0.2195074
vt 0.4720786 0.2195074
vt 0.4492098 0.2033826
vt 0.4720786 0.2033826
vt 0.4556503 0.2376336
vt 0.4675257 0.2376336
vt 0.4675257 0.226166
vt 0.4556503 0.226166
vt 0.4913335 0.277035
vt 0.4913335 0.2603126
vt 0.4790123 0.2476499
vt 0.483973 0.2770255
vt 0.4837359 0.2770255
vt 0.4837359 0.2603031
vt 0.4768591 0.2770255
vt 0.4768591 0.2603031
vt 0.4492098 0.2033826
vt 0.4720786 0.2033826
vt 0.4492098 0.2195074
vt 0.4720786 0.2195074
vt 0.4492098 0.2195074
vt 0.4720786 0.2195074
vt 0.4492098 0.2033826
vt 0.4720786 0.2033826
vt 0.4556503 0.226166
vt 0.4675257 0.226166
vt 0.4675257 0.2376336
vt 0.4556503 0.2376336
vt 0.4073043 0.277016
vt 0.4073043 0.2602937
vt 0.4179467 0.2476499
vt 0.4146648 0.277016
vt 0.4148925 0.277016
vt 0.4148925 0.2602937
vt 0.4218072 0.2770255
vt 0.4218072 0.2603031
vt 0.4971195 0.2033826
vt 0.4971195 0.2195074
vt 0.4720786 0.2033826
vt 0.4971195 0.2195074
vt 0.4720786 0.2195074
vt 0.4971195 0.2033826
vt 0.4491434 0.2439223
vt 0.4740325 0.2439223
vt 0.4740325 0.2198109
vt 0.5134909 0.277035
vt 0.5134814 0.2603126
vt 0.4911912 0.2195074
vt 0.4911912 0.2461133
vt 0.4790123 0.2195074
vt 0.5134814 0.2603126
vt 0.483973 0.2603031
vt 0.5134909 0.277035
vt 0.4790123 0.2195074
vt 0.4911912 0.2461133
vt 0.4790123 0.2476499
vt 0.4911912 0.2195074
vt 0.4860502 0.2543844
vt 0.4860502 0.2543844
vt 0.4765556 0.2590985
vt 0.4765556 0.2590985
vt 0.3998016 0.2026902
vt 0.424795 0.2193651
vt 0.424795 0.2026902
vt 0.3998016 0.2193651
vt 0.424795 0.2026902
vt 0.3998016 0.2193651
vt 0.3998016 0.2026902
vt 0.424795 0.2193651
vt 0.4740325 0.2198109
vt 0.4740325 0.2439223
vt 0.4491434 0.2439223
vt 0.3844166 0.277016
vt 0.3844166 0.2602937
vt 0.4051702 0.2193651
vt 0.4179467 0.2193651
vt 0.4051702 0.2461133
vt 0.3844166 0.2602937
vt 0.3844166 0.277016
vt 0.4146648 0.2602937
vt 0.4179467 0.2193651
vt 0.4051702 0.2461133
vt 0.4051702 0.2193651
vt 0.4179467 0.2476499
vt 0.4107854 0.2547354
vt 0.4107854 0.2547354
vt 0.4206879 0.2590985
vt 0.4206879 0.2590985
vt 0.4720786 0.2195074
vt 0.4720786 0.2033826
vt 0.4491434 0.2198109
vt 0.4491434 0.2198109
vt 0.2767161 0.5541961
vt 0.3223751 0.5541961
vt 0.2767161 0.7924464
vt 0.3223751 0.7924464
vt 0.2993882 0.5541961
vt 0.2993882 0.7924464
vt 0.5204098 0.2951302
vt 0.4610115 0.2951302
vt 0.5356114 0.4874059
vt 0.4732245 0.05387312
vt 0.4732245 0.1401975
vt 0.6123234 0.4874059
vt 0.5356114 0.2847419
vt 0.4608534 0.5430254
vt 0.535324 0.2597699
vt 0.8802335 0.05387312
vt 0.6123234 0.2937652
vt 0.8959092 0.08940578
vt 0.9157805 0.1401975
vt 0.5117458 0.4870324
vt 0.4691152 0.5157545
vt 0.5117458 0.4870324
vt 0.4691152 0.5157545
vt 0.6355425 0.1401975
vt 0.3434218 0.5430254
vt 0.3434362 0.4491146
vt 0.3115818 0.5430254
vt 0.3115818 0.4491146
vt 0.5204098 0.2951302
vt 0.4610115 0.2951302
vt 0.5356114 0.4874059
vt 0.4732245 0.05387312
vt 0.4732245 0.1401975
vt 0.6123234 0.4874059
vt 0.5356114 0.2847419
vt 0.4608534 0.5430254
vt 0.535324 0.2597699
vt 0.8802335 0.05387312
vt 0.6123234 0.2937652
vt 0.8959092 0.08940578
vt 0.9157805 0.1401975
vt 0.5117458 0.4870324
vt 0.4691152 0.5157545
vt 0.5117458 0.4870324
vt 0.4691152 0.5157545
vt 0.6355425 0.1401975
vt 0.3434218 0.5430254
vt 0.3434362 0.4491146
vt 0.3095128 0.4522038
vt 0.3095128 0.376282
vt 0.3095128 0.4522038
vt 0.8802335 0.05387312
vt 0.3095128 0.376282
vt 0.3433213 0.4522038
vt 0.3433213 0.376282
vt 0.3433213 0.4522038
vt 0.3433213 0.376282
vt 0.9954811 0.4769315
vt 0.3433213 0.376282
vt 0.9954811 0.3811959
vt 0.9954811 0.4290134
vt 0.9954811 0.4737274
vt 0.9954811 0.5109698
vt 0.9954811 0.3388527
vt 0.3095128 0.4522038
vt 0.3095128 0.376282
vt 0.3433213 0.4522038
vt 0.3433213 0.376282
vt 0.5117458 0.4870324
vt 0.4691152 0.5157545
vt 0.5117458 0.4870324
vt 0.4691152 0.5157545
vt 0.6355425 0.1401975
vt 0.9954811 0.52518
vt 0.3434218 0.5430254
vt 0.3434362 0.4491146
vt 0.3433213 0.376282
vt 0.3115818 0.5430254
vt 0.3115818 0.4491146
vt 0.3433213 0.4522038
vt 0.3095128 0.4522038
vt 0.3095128 0.376282
vt 0.3095128 0.4522038
vt 0.8802335 0.05387312
vt 0.3095128 0.376282
vt 0.3433213 0.4522038
vt 0.3433213 0.376282
vt 0.3433213 0.4522038
vt 0.3433213 0.376282
vt 0.9954811 0.4769315
vt 0.3433213 0.376282
vt 0.9954811 0.3811959
vt 0.9954811 0.4290134
vt 0.9954811 0.4737274
vt 0.9954811 0.5109698
vt 0.9954811 0.3388527
vt 0.3095128 0.4522038
vt 0.3095128 0.376282
vt 0.3433213 0.4522038
vt 0.3433213 0.376282
vt 0.5117458 0.4870324
vt 0.4691152 0.5157545
vt 0.5117458 0.4870324
vt 0.4691152 0.5157545
vt 0.6355425 0.1401975
vt 0.9954811 0.52518
vt 0.3434218 0.5430254
vt 0.3434362 0.4491146
vt 0.3433213 0.376282
vt 0.4608534 0.5430254
vt 0.4610115 0.2951302
vt 0.6123234 0.2935784
vt 0.6123234 0.4874059
vt 0.5204098 0.2951302
vt 0.5356114 0.4874059
vt 0.5204098 0.5029236
vt 0.5204098 0.5029236
vt 0.4233092 0.5430254
vt 0.4233092 0.449014
vt 0.4608534 0.5430254
vt 0.4610115 0.2951302
vt 0.6123234 0.2935784
vt 0.6123234 0.4874059
vt 0.5204098 0.2951302
vt 0.5356114 0.4874059
vt 0.5204098 0.5029236
vt 0.5204098 0.5029236
vt 0.4233092 0.5430254
vt 0.4233092 0.449014
vt 0.3095128 0.376282
vt 0.8397008 0.4212689
vt 0.8526753 0.3808367
vt 0.8106769 0.4621897
vt 0.7763655 0.4951217
vt 0.8728339 0.4775637
vt 0.9954811 0.3421718
vt 0.8580202 0.3443701
vt 0.8393846 0.5158838
vt 0.853408 0.4938716
vt 0.5204098 0.5029236
vt 0.4608534 0.5430254
vt 0.5204098 0.5029236
vt 0.4608534 0.5430254
vt 0.6123234 0.2935784
vt 0.535324 0.2597699
vt 0.6123234 0.2937652
vt 0.5356114 0.2847419
vt 0.8959092 0.08940578
vt 0.9157805 0.1401975
vt 0.4735837 0.09444902
vt 0.9353357 0.1401975
vt 0.9353357 0.09444902
vt 0.4735837 0.1401975
vt 0.4233092 0.449014
vt 0.3095128 0.4522038
vt 0.3095128 0.376282
vt 0.3433213 0.4522038
vt 0.4233092 0.449014
vt 0.3434362 0.4491146
vt 0.4233092 0.5430254
vt 0.3095128 0.4522038
vt 0.3115818 0.4491146
vt 0.3095128 0.376282
vt 0.8397008 0.4212689
vt 0.8526753 0.3808367
vt 0.8106769 0.4621897
vt 0.7763655 0.4951217
vt 0.9954811 0.3421718
vt 0.8728339 0.4775637
vt 0.8580202 0.3443701
vt 0.8393846 0.5158838
vt 0.853408 0.4938716
vt 0.5204098 0.5029236
vt 0.4608534 0.5430254
vt 0.5204098 0.5029236
vt 0.4608534 0.5430254
vt 0.6123234 0.2935784
vt 0.535324 0.2597699
vt 0.6123234 0.2937652
vt 0.5356114 0.2847419
vt 0.8959092 0.08940578
vt 0.9157805 0.1401975
vt 0.4735837 0.09444902
vt 0.9353357 0.1401975
vt 0.4735837 0.1401975
vt 0.9353357 0.09444902
vt 0.4233092 0.449014
vt 0.3095128 0.4522038
vt 0.3433213 0.4522038
vt 0.3095128 0.376282
vt 0.4233092 0.449014
vt 0.4233092 0.5430254
vt 0.3434362 0.4491146
vt 0.4610115 0.2951302
vt 0.4691152 0.5157545
vt 0.4610115 0.2951302
vt 0.4691152 0.5157545
vt 0.5204098 0.2951302
vt 0.5117458 0.4870324
vt 0.5204098 0.2951302
vt 0.5117458 0.4870324
vt 0.4610115 0.2951302
vt 0.4691152 0.5157545
vt 0.4610115 0.2951302
vt 0.4691152 0.5157545
vt 0.5204098 0.2951302
vt 0.5117458 0.4870324
vt 0.5204098 0.2951302
vt 0.5117458 0.4870324
vt 0.4732245 0.1401975
vt 0.4732245 0.05387312
vt 0.4608534 0.5430254
vt 0.4610115 0.2951302
vt 0.4691152 0.5157545
vt 0.4608534 0.5430254
vt 0.4610115 0.2951302
vt 0.4691152 0.5157545
vt 0.4610115 0.2951302
vt 0.5204098 0.2951302
vt 0.5356114 0.4874059
vt 0.6123234 0.4874059
vt 0.4610115 0.2951302
vt 0.5204098 0.2951302
vt 0.5356114 0.4874059
vt 0.6123234 0.4874059
vt 0.5204098 0.2951302
vt 0.5204098 0.5029236
vt 0.5117458 0.4870324
vt 0.4233092 0.5430254
vt 0.3434218 0.5430254
vt 0.3115818 0.5430254
vt 0.4732245 0.1401975
vt 0.4732245 0.05387312
vt 0.4608534 0.5430254
vt 0.4691152 0.5157545
vt 0.4610115 0.2951302
vt 0.4608534 0.5430254
vt 0.4691152 0.5157545
vt 0.4610115 0.2951302
vt 0.4610115 0.2951302
vt 0.5204098 0.2951302
vt 0.5356114 0.4874059
vt 0.6123234 0.4874059
vt 0.4610115 0.2951302
vt 0.5204098 0.2951302
vt 0.5356114 0.4874059
vt 0.6123234 0.4874059
vt 0.5204098 0.2951302
vt 0.5117458 0.4870324
vt 0.5204098 0.5029236
vt 0.4233092 0.5430254
vt 0.3434218 0.5430254
vt 0.3433213 0.4522038
vt 0.3095128 0.4522038
vt 0.3115818 0.5430254
vt 0.3115818 0.4491146
vt 0.4492098 0.2033826
vt 0.4720786 0.2033826
vt 0.4492098 0.2195074
vt 0.4720786 0.2195074
vt 0.4492098 0.2195074
vt 0.4720786 0.2195074
vt 0.4492098 0.2033826
vt 0.4720786 0.2033826
vt 0.4556503 0.2376336
vt 0.4675257 0.2376336
vt 0.4675257 0.226166
vt 0.4556503 0.226166
vt 0.4913335 0.277035
vt 0.4913335 0.2603126
vt 0.4790123 0.2476499
vt 0.483973 0.2770255
vt 0.4837359 0.2770255
vt 0.4837359 0.2603031
vt 0.4768591 0.2770255
vt 0.4768591 0.2603031
vt 0.4492098 0.2033826
vt 0.4720786 0.2033826
vt 0.4492098 0.2195074
vt 0.4720786 0.2195074
vt 0.4492098 0.2195074
vt 0.4720786 0.2195074
vt 0.4492098 0.2033826
vt 0.4720786 0.2033826
vt 0.4556503 0.226166
vt 0.4675257 0.226166
vt 0.4675257 0.2376336
vt 0.4556503 0.2376336
vt 0.4073043 0.277016
vt 0.4073043 0.2602937
vt 0.4179467 0.2476499
vt 0.4146648 0.277016
vt 0.4148925 0.277016
vt 0.4148925 0.2602937
vt 0.4218072 0.2770255
vt 0.4218072 0.2603031
vt 0.4971195 0.2033826
vt 0.4971195 0.2195074
vt 0.4720786 0.2033826
vt 0.4971195 0.2195074
vt 0.4720786 0.2195074
vt 0.4971195 0.2033826
vt 0.4491434 0.2439223
vt 0.4740325 0.2439223
vt 0.4740325 0.2198109
vt 0.5134909 0.277035
vt 0.5134814 0.2603126
vt 0.4911912 0.2195074
vt 0.4911912 0.2461133
vt 0.4790123 0.2195074
vt 0.5134814 0.2603126
vt 0.483973 0.2603031
vt 0.5134909 0.277035
vt 0.4790123 0.2195074
vt 0.4911912 0.2461133
vt 0.4790123 0.2476499
vt 0.4911912 0.2195074
vt 0.4860502 0.2543844
vt 0.4860502 0.2543844
vt 0.4765556 0.2590985
vt 0.4765556 0.2590985
vt 0.3998016 0.2026902
vt 0.424795 0.2193651
vt 0.424795 0.2026902
vt 0.3998016 0.2193651
vt 0.424795 0.2026902
vt 0.3998016 0.2193651
vt 0.3998016 0.2026902
vt 0.424795 0.2193651
vt 0.4740325 0.2198109
vt 0.4740325 0.2439223
vt 0.4491434 0.2439223
vt 0.3844166 0.277016
vt 0.3844166 0.2602937
vt 0.4051702 0.2193651
vt 0.4179467 0.2193651
vt 0.4051702 0.2461133
vt 0.3844166 0.2602937
vt 0.3844166 0.277016
vt 0.4146648 0.2602937
vt 0.4179467 0.2193651
vt 0.4051702 0.2461133
vt 0.4051702 0.2193651
vt 0.4179467 0.2476499
vt 0.4107854 0.2547354
vt 0.4107854 0.2547354
vt 0.4206879 0.2590985
vt 0.4206879 0.2590985
vt 0.4720786 0.2195074
vt 0.4720786 0.2033826
vt 0.4491434 0.2198109
vt 0.4491434 0.2198109
vt 0.4492098 0.2033826
vt 0.4720786 0.2033826
vt 0.4492098 0.2195074
vt 0.4720786 0.2195074
vt 0.4492098 0.2195074
vt 0.4720786 0.2195074
vt 0.4492098 0.2033826
vt 0.4720786 0.2033826
vt 0.4556503 0.2376336
vt 0.4675257 0.2376336
vt 0.4675257 0.226166
vt 0.4556503 0.226166
vt 0.4913335 0.277035
vt 0.4913335 0.2603126
vt 0.4790123 0.2476499
vt 0.483973 0.2770255
vt 0.4837359 0.2770255
vt 0.4837359 0.2603031
vt 0.4768591 0.2770255
vt 0.4768591 0.2603031
vt 0.4492098 0.2033826
vt 0.4720786 0.2033826
vt 0.4492098 0.2195074
vt 0.4720786 0.2195074
vt 0.4492098 0.2195074
vt 0.4720786 0.2195074
vt 0.4492098 0.2033826
vt 0.4720786 0.2033826
vt 0.4556503 0.226166
vt 0.4675257 0.226166
vt 0.4675257 0.2376336
vt 0.4556503 0.2376336
vt 0.4073043 0.277016
vt 0.4073043 0.2602937
vt 0.4179467 0.2476499
vt 0.4146648 0.277016
vt 0.4148925 0.277016
vt 0.4148925 0.2602937
vt 0.4218072 0.2770255
vt 0.4218072 0.2603031
vt 0.4971195 0.2033826
vt 0.4971195 0.2195074
vt 0.4720786 0.2033826
vt 0.4971195 0.2195074
vt 0.4720786 0.2195074
vt 0.4971195 0.2033826
vt 0.4491434 0.2439223
vt 0.4740325 0.2439223
vt 0.4740325 0.2198109
vt 0.5134909 0.277035
vt 0.5134814 0.2603126
vt 0.4911912 0.2195074
vt 0.4911912 0.2461133
vt 0.4790123 0.2195074
vt 0.5134814 0.2603126
vt 0.483973 0.2603031
vt 0.5134909 0.277035
vt 0.4790123 0.2195074
vt 0.4911912 0.2461133
vt 0.4790123 0.2476499
vt 0.4911912 0.2195074
vt 0.4860502 0.2543844
vt 0.4860502 0.2543844
vt 0.4765556 0.2590985
vt 0.4765556 0.2590985
vt 0.3998016 0.2026902
vt 0.424795 0.2193651
vt 0.424795 0.2026902
vt 0.3998016 0.2193651
vt 0.424795 0.2026902
vt 0.3998016 0.2193651
vt 0.3998016 0.2026902
vt 0.424795 0.2193651
vt 0.4740325 0.2198109
vt 0.4740325 0.2439223
vt 0.4491434 0.2439223
vt 0.3844166 0.277016
vt 0.3844166 0.2602937
vt 0.4051702 0.2193651
vt 0.4179467 0.2193651
vt 0.4051702 0.2461133
vt 0.3844166 0.2602937
vt 0.3844166 0.277016
vt 0.4146648 0.2602937
vt 0.4179467 0.2193651
vt 0.4051702 0.2461133
vt 0.4051702 0.2193651
vt 0.4179467 0.2476499
vt 0.4107854 0.2547354
vt 0.4107854 0.2547354
vt 0.4206879 0.2590985
vt 0.4206879 0.2590985
vt 0.4720786 0.2195074
vt 0.4720786 0.2033826
vt 0.4491434 0.2198109
vt 0.4491434 0.2198109
vt 0.3368228 0.5552217
vt 0.3824748 0.5552217
vt 0.3368228 0.8078165
vt 0.3824748 0.8078165
vt 0.3594907 0.5552217
vt 0.3594907 0.8078165
vt 0.4492098 0.2033826
vt 0.4720786 0.2033826
vt 0.4492098 0.2195074
vt 0.4720786 0.2195074
vt 0.4492098 0.2195074
vt 0.4720786 0.2195074
vt 0.4492098 0.2033826
vt 0.4720786 0.2033826
vt 0.4556503 0.2376336
vt 0.4675257 0.2376336
vt 0.4675257 0.226166
vt 0.4556503 0.226166
vt 0.4913335 0.277035
vt 0.4913335 0.2603126
vt 0.4790123 0.2476499
vt 0.483973 0.2770255
vt 0.4837359 0.2770255
vt 0.4837359 0.2603031
vt 0.4768591 0.2770255
vt 0.4768591 0.2603031
vt 0.4492098 0.2033826
vt 0.4720786 0.2033826
vt 0.4492098 0.2195074
vt 0.4720786 0.2195074
vt 0.4492098 0.2195074
vt 0.4720786 0.2195074
vt 0.4492098 0.2033826
vt 0.4720786 0.2033826
vt 0.4556503 0.226166
vt 0.4675257 0.226166
vt 0.4675257 0.2376336
vt 0.4556503 0.2376336
vt 0.4073043 0.277016
vt 0.4073043 0.2602937
vt 0.4179467 0.2476499
vt 0.4146648 0.277016
vt 0.4148925 0.277016
vt 0.4148925 0.2602937
vt 0.4218072 0.2770255
vt 0.4218072 0.2603031
vt 0.4971195 0.2033826
vt 0.4971195 0.2195074
vt 0.4720786 0.2033826
vt 0.4971195 0.2195074
vt 0.4720786 0.2195074
vt 0.4971195 0.2033826
vt 0.4491434 0.2439223
vt 0.4740325 0.2439223
vt 0.4740325 0.2198109
vt 0.5134909 0.277035
vt 0.5134814 0.2603126
vt 0.4911912 0.2195074
vt 0.4911912 0.2461133
vt 0.4790123 0.2195074
vt 0.5134814 0.2603126
vt 0.483973 0.2603031
vt 0.5134909 0.277035
vt 0.4790123 0.2195074
vt 0.4911912 0.2461133
vt 0.4790123 0.2476499
vt 0.4911912 0.2195074
vt 0.4860502 0.2543844
vt 0.4860502 0.2543844
vt 0.4765556 0.2590985
vt 0.4765556 0.2590985
vt 0.3998016 0.2026902
vt 0.424795 0.2193651
vt 0.424795 0.2026902
vt 0.3998016 0.2193651
vt 0.424795 0.2026902
vt 0.3998016 0.2193651
vt 0.3998016 0.2026902
vt 0.424795 0.2193651
vt 0.4740325 0.2198109
vt 0.4740325 0.2439223
vt 0.4491434 0.2439223
vt 0.3844166 0.277016
vt 0.3844166 0.2602937
vt 0.4051702 0.2193651
vt 0.4179467 0.2193651
vt 0.4051702 0.2461133
vt 0.3844166 0.2602937
vt 0.3844166 0.277016
vt 0.4146648 0.2602937
vt 0.4179467 0.2193651
vt 0.4051702 0.2461133
vt 0.4051702 0.2193651
vt 0.4179467 0.2476499
vt 0.4107854 0.2547354
vt 0.4107854 0.2547354
vt 0.4206879 0.2590985
vt 0.4206879 0.2590985
vt 0.4720786 0.2195074
vt 0.4720786 0.2033826
vt 0.4491434 0.2198109
vt 0.4491434 0.2198109
vt 0.4492098 0.2033826
vt 0.4720786 0.2033826
vt 0.4492098 0.2195074
vt 0.4720786 0.2195074
vt 0.4492098 0.2195074
vt 0.4720786 0.2195074
vt 0.4492098 0.2033826
vt 0.4720786 0.2033826
vt 0.4556503 0.2376336
vt 0.4675257 0.2376336
vt 0.4675257 0.226166
vt 0.4556503 0.226166
vt 0.4913335 0.277035
vt 0.4913335 0.2603126
vt 0.4790123 0.2476499
vt 0.483973 0.2770255
vt 0.4837359 0.2770255
vt 0.4837359 0.2603031
vt 0.4768591 0.2770255
vt 0.4768591 0.2603031
vt 0.4492098 0.2033826
vt 0.4720786 0.2033826
vt 0.4492098 0.2195074
vt 0.4720786 0.2195074
vt 0.4492098 0.2195074
vt 0.4720786 0.2195074
vt 0.4492098 0.2033826
vt 0.4720786 0.2033826
vt 0.4556503 0.226166
vt 0.4675257 0.226166
vt 0.4675257 0.2376336
vt 0.4556503 0.2376336
vt 0.4073043 0.277016
vt 0.4073043 0.2602937
vt 0.4179467 0.2476499
vt 0.4146648 0.277016
vt 0.4148925 0.277016
vt 0.4148925 0.2602937
vt 0.4218072 0.2770255
vt 0.4218072 0.2603031
vt 0.4971195 0.2033826
vt 0.4971195 0.2195074
vt 0.4720786 0.2033826
vt 0.4971195 0.2195074
vt 0.4720786 0.2195074
vt 0.4971195 0.2033826
vt 0.4491434 0.2439223
vt 0.4740325 0.2439223
vt 0.4740325 0.2198109
vt 0.5134909 0.277035
vt 0.5134814 0.2603126
vt 0.4911912 0.2195074
vt 0.4911912 0.2461133
vt 0.4790123 0.2195074
vt 0.5134814 0.2603126
vt 0.483973 0.2603031
vt 0.5134909 0.277035
vt 0.4790123 0.2195074
vt 0.4911912 0.2461133
vt 0.4790123 0.2476499
vt 0.4911912 0.2195074
vt 0.4860502 0.2543844
vt 0.4860502 0.2543844
vt 0.4765556 0.2590985
vt 0.4765556 0.2590985
vt 0.3998016 0.2026902
vt 0.424795 0.2193651
vt 0.424795 0.2026902
vt 0.3998016 0.2193651
vt 0.424795 0.2026902
vt 0.3998016 0.2193651
vt 0.3998016 0.2026902
vt 0.424795 0.2193651
vt 0.4740325 0.2198109
vt 0.4740325 0.2439223
vt 0.4491434 0.2439223
vt 0.3844166 0.277016
vt 0.3844166 0.2602937
vt 0.4051702 0.2193651
vt 0.4179467 0.2193651
vt 0.4051702 0.2461133
vt 0.3844166 0.2602937
vt 0.3844166 0.277016
vt 0.4146648 0.2602937
vt 0.4179467 0.2193651
vt 0.4051702 0.2461133
vt 0.4051702 0.2193651
vt 0.4179467 0.2476499
vt 0.4107854 0.2547354
vt 0.4107854 0.2547354
vt 0.4206879 0.2590985
vt 0.4206879 0.2590985
vt 0.4720786 0.2195074
vt 0.4720786 0.2033826
vt 0.4491434 0.2198109
vt 0.4491434 0.2198109
vt 0.4492098 0.2033826
vt 0.4720786 0.2033826
vt 0.4492098 0.2195074
vt 0.4720786 0.2195074
vt 0.4492098 0.2195074
vt 0.4720786 0.2195074
vt 0.4492098 0.2033826
vt 0.4720786 0.2033826
vt 0.4556503 0.2376336
vt 0.4675257 0.2376336
vt 0.4675257 0.226166
vt 0.4556503 0.226166
vt 0.4913335 0.277035
vt 0.4913335 0.2603126
vt 0.4790123 0.2476499
vt 0.483973 0.2770255
vt 0.4837359 0.2770255
vt 0.4837359 0.2603031
vt 0.4768591 0.2770255
vt 0.4768591 0.2603031
vt 0.4492098 0.2033826
vt 0.4720786 0.2033826
vt 0.4492098 0.2195074
vt 0.4720786 0.2195074
vt 0.4492098 0.2195074
vt 0.4720786 0.2195074
vt 0.4492098 0.2033826
vt 0.4720786 0.2033826
vt 0.4556503 0.226166
vt 0.4675257 0.226166
vt 0.4675257 0.2376336
vt 0.4556503 0.2376336
vt 0.4073043 0.277016
vt 0.4073043 0.2602937
vt 0.4179467 0.2476499
vt 0.4146648 0.277016
vt 0.4148925 0.277016
vt 0.4148925 0.2602937
vt 0.4218072 0.2770255
vt 0.4218072 0.2603031
vt 0.4971195 0.2033826
vt 0.4971195 0.2195074
vt 0.4720786 0.2033826
vt 0.4971195 0.2195074
vt 0.4720786 0.2195074
vt 0.4971195 0.2033826
vt 0.4491434 0.2439223
vt 0.4740325 0.2439223
vt 0.4740325 0.2198109
vt 0.5134909 0.277035
vt 0.5134814 0.2603126
vt 0.4911912 0.2195074
vt 0.4911912 0.2461133
vt 0.4790123 0.2195074
vt 0.5134814 0.2603126
vt 0.483973 0.2603031
vt 0.5134909 0.277035
vt 0.4790123 0.2195074
vt 0.4911912 0.2461133
vt 0.4790123 0.2476499
vt 0.4911912 0.2195074
vt 0.4860502 0.2543844
vt 0.4860502 0.2543844
vt 0.4765556 0.2590985
vt 0.4765556 0.2590985
vt 0.3998016 0.2026902
vt 0.424795 0.2193651
vt 0.424795 0.2026902
vt 0.3998016 0.2193651
vt 0.424795 0.2026902
vt 0.3998016 0.2193651
vt 0.3998016 0.2026902
vt 0.424795 0.2193651
vt 0.4740325 0.2198109
vt 0.4740325 0.2439223
vt 0.4491434 0.2439223
vt 0.3844166 0.277016
vt 0.3844166 0.2602937
vt 0.4051702 0.2193651
vt 0.4179467 0.2193651
vt 0.4051702 0.2461133
vt 0.3844166 0.2602937
vt 0.3844166 0.277016
vt 0.4146648 0.2602937
vt 0.4179467 0.2193651
vt 0.4051702 0.2461133
vt 0.4051702 0.2193651
vt 0.4179467 0.2476499
vt 0.4107854 0.2547354
vt 0.4107854 0.2547354
vt 0.4206879 0.2590985
vt 0.4206879 0.2590985
vt 0.4720786 0.2195074
vt 0.4720786 0.2033826
vt 0.4491434 0.2198109
vt 0.4491434 0.2198109
vn 0 1 0
vn 0 1 0
vn 0 1 0
vn 0 1 0
vn 0 0 1
vn 0 0 1
vn 0 0 1
vn 0 0 1
vn 0 1 0
vn 0 1 0
vn 0 0 -1
vn 0 0 -1
vn 0 1 0
vn 0 1 0
vn 0 0 -1
vn 0 0 -1
vn 0 -1 0
vn 0 -1 0
vn 0 -1 0
vn 0 -1 0
vn 1 0 0
vn 1 0 0
vn 1 0 0
vn 1 0 0
vn -1 0 0
vn -1 0 0
vn -1 0 0
vn -1 0 0
vn 0 0 1
vn 0 0 1
vn 0 0 1
vn 0 0 1
vn 0 1 0
vn 0 1 0
vn 0 0 -1
vn 0 0 -1
vn 0 1 0
vn 0 1 0
vn 0 0 -1
vn 0 0 -1
vn 0 -1 0
vn 0 -1 0
vn 0 -1 0
vn 0 -1 0
vn 1 0 0
vn 1 0 0
vn 1 0 0
vn 1 0 0
vn -1 0 0
vn -1 0 0
vn -1 0 0
vn -1 0 0
vn 0 0 1
vn 0 0 1
vn 0 0 1
vn 0 0 1
vn 0 1 0
vn 0 1 0
vn 0 0 -1
vn 0 0 -1
vn 0 1 0
vn 0 1 0
vn 0 0 -1
vn 0 0 -1
vn 0 -1 0
vn 0 -1 0
vn 0 -1 0
vn 0 -1 0
vn 1 0 0
vn 1 0 0
vn 1 0 0
vn 1 0 0
vn -1 0 0
vn -1 0 0
vn -1 0 0
vn -1 0 0
vn -0.7698414 0.637458 -0.03148794
vn -0.7698414 0.637458 -0.03148794
vn -0.7698414 0.637458 -0.03148794
vn -0.7698414 0.637458 -0.03148794
vn -0.7698414 0.637458 -0.03148794
vn -0.7698414 0.637458 -0.03148794
vn -0.7698414 0.637458 -0.03148794
vn -0.7698414 0.637458 -0.03148794
vn -0.7698414 0.637458 -0.03148794
vn 0.006729375 -0.005825526 -0.9999604
vn 0.006729375 -0.005825526 -0.9999604
vn 0.006729375 -0.005825526 -0.9999604
vn 0.006729375 -0.005825526 -0.9999604
vn 0.006729375 -0.005825526 0.9999604
vn 0.006729375 -0.005825526 0.9999604
vn 0.006729375 -0.005825526 0.9999604
vn 0.006729375 -0.005825526 0.9999604
vn 0.2621716 0.9650213 0
vn 0.2621716 0.9650213 0
vn 0.2621716 0.9650213 0
vn 0.2621716 0.9650213 0
vn 0.07657741 0.2596424 -0.9626639
vn 0.07657741 0.2596424 -0.9626639
vn 0.9665937 -0.2563134 0
vn -0.1768712 -0.703627 0.6882047
vn 0.2062952 0.7526544 -0.6252629
vn 0.2062952 0.7526544 -0.6252629
vn 0.2581823 0.9498591 -0.1763791
vn 0.2581823 0.9498591 -0.1763791
vn 0.006729375 -0.005825526 0.9999604
vn 0.006729375 -0.005825526 0.9999604
vn 0.006729375 -0.005825526 0.9999604
vn 0.006729375 -0.005825526 0.9999604
vn 0.006729375 -0.005825526 -0.9999604
vn 0.006729375 -0.005825526 -0.9999604
vn 0.006729375 -0.005825526 -0.9999604
vn 0.006729375 -0.005825526 -0.9999604
vn 0.2621716 0.9650213 0
vn 0.2621716 0.9650213 0
vn 0.2621716 0.9650213 0
vn 0.2621716 0.9650213 0
vn 0.08056872 0.274812 0.9581164
vn 0.08056872 0.274812 0.9581164
vn 0.9665937 -0.2563134 0
vn -0.1768712 -0.703627 -0.6882047
vn 0.2122821 0.7754087 0.594708
vn 0.2122821 0.7754087 0.594708
vn 0.2581823 0.9498591 0.1763791
vn 0.2581823 0.9498591 0.1763791
vn 0.9665937 -0.2563134 0
vn 0.9665937 -0.2563134 0
vn -0.9675732 0.2525907 0
vn -0.9675732 0.2525907 0
vn -0.9675732 0.2525907 0
vn -0.9675732 0.2525907 0
vn 0.2621716 0.9650213 0
vn 0.2621716 0.9650213 0
vn 0.2621716 0.9650213 0
vn 0.006729375 -0.005825526 -0.9999604
vn 0.006729375 -0.005825526 -0.9999604
vn 0.9665937 -0.2563134 0
vn 0.9665937 -0.2563134 0
vn 0.9665937 -0.2563134 0
vn -0.001253257 -0.03616472 0.9993451
vn -0.1768712 -0.703627 0.6882047
vn -0.001253257 -0.03616472 0.9993451
vn -0.9675732 0.2525907 0
vn -0.9675732 0.2525907 0
vn -0.9675732 0.2525907 0
vn -0.9675732 0.2525907 0
vn 0.9665937 -0.2563134 0
vn -0.9675732 0.2525907 0
vn 0.9665937 -0.2563134 0
vn -0.9675732 0.2525907 0
vn 0.9665937 -0.2563134 0
vn 0.9665937 -0.2563134 0
vn 0.9665937 -0.2563134 0
vn 0.9665937 -0.2563134 0
vn -0.9675732 0.2525907 0
vn -0.9675732 0.2525907 0
vn -0.9675732 0.2525907 0
vn -0.9675732 0.2525907 0
vn 0.2621716 0.9650213 0
vn 0.2621716 0.9650213 0
vn 0.2621716 0.9650213 0
vn 0.006729375 -0.005825526 0.9999604
vn 0.006729375 -0.005825526 0.9999604
vn 0.9665937 -0.2563134 0
vn 0.9665937 -0.2563134 0
vn 0.9665937 -0.2563134 0
vn -0.003248915 -0.04374951 -0.9990372
vn -0.003248915 -0.04374951 -0.9990372
vn -0.1768712 -0.703627 -0.6882047
vn -0.9675732 0.2525907 0
vn -0.9675732 0.2525907 0
vn -0.9675732 0.2525907 0
vn -0.9675732 0.2525907 0
vn 0.9665937 -0.2563134 0
vn -0.9675732 0.2525907 0
vn 0.9665937 -0.2563134 0
vn -0.9675732 0.2525907 0
vn 0.9665937 -0.2563134 0
vn 0.9665937 -0.2563134 0
vn 0.2621716 0.9650213 0
vn 0.2621716 0.9650213 0
vn 0.00860484 -0.001790901 -0.9999614
vn 0.00860484 -0.001790901 -0.9999614
vn 0.00860484 -0.001790901 -0.9999614
vn 0.00860484 -0.001790901 -0.9999614
vn 0.00860484 -0.001790901 0.9999614
vn 0.00860484 -0.001790901 0.9999614
vn 0.00860484 -0.001790901 0.9999614
vn 0.00860484 -0.001790901 0.9999614
vn -0.2468377 0.9690568 0
vn -0.2468377 0.9690568 0
vn -0.2468377 0.9690568 0
vn -0.2468377 0.9690568 0
vn -0.06124326 0.2636773 -0.9626648
vn -0.06124326 0.2636773 -0.9626648
vn 0.9675809 0.2525613 0
vn 0.1922055 -0.6995931 0.6882054
vn -0.1909612 0.7566897 -0.6252636
vn -0.1909612 0.7566897 -0.6252636
vn -0.2428483 0.9538947 -0.1763793
vn -0.2428483 0.9538947 -0.1763793
vn 0.00860484 -0.001790901 0.9999614
vn 0.00860484 -0.001790901 0.9999614
vn 0.00860484 -0.001790901 0.9999614
vn 0.00860484 -0.001790901 0.9999614
vn 0.00860484 -0.001790901 -0.9999614
vn 0.00860484 -0.001790901 -0.9999614
vn 0.00860484 -0.001790901 -0.9999614
vn 0.00860484 -0.001790901 -0.9999614
vn -0.2468377 0.9690568 0
vn -0.2468377 0.9690568 0
vn -0.2468377 0.9690568 0
vn -0.2468377 0.9690568 0
vn -0.06523457 0.2788469 0.9581173
vn -0.06523457 0.2788469 0.9581173
vn 0.9675809 0.2525613 0
vn 0.1922055 -0.6995931 -0.6882054
vn -0.1969481 0.7794441 0.5947086
vn -0.1969481 0.7794441 0.5947086
vn -0.2428483 0.9538947 0.1763793
vn -0.2428483 0.9538947 0.1763793
vn 0.9675809 0.2525613 0
vn 0.9675809 0.2525613 0
vn -0.966586 -0.2563428 0
vn -0.966586 -0.2563428 0
vn -0.966586 -0.2563428 0
vn -0.966586 -0.2563428 0
vn -0.2468377 0.9690568 0
vn -0.2468377 0.9690568 0
vn -0.2468377 0.9690568 0
vn 0.00860484 -0.001790901 -0.9999614
vn 0.00860484 -0.001790901 -0.9999614
vn 0.9675809 0.2525613 0
vn 0.9675809 0.2525613 0
vn 0.9675809 0.2525613 0
vn 0.01658748 -0.03213013 0.999346
vn 0.1922055 -0.6995931 0.6882054
vn 0.01658748 -0.03213013 0.999346
vn -0.966586 -0.2563428 0
vn -0.966586 -0.2563428 0
vn -0.966586 -0.2563428 0
vn -0.966586 -0.2563428 0
vn 0.9675809 0.2525613 0
vn -0.966586 -0.2563428 0
vn 0.9675809 0.2525613 0
vn -0.966586 -0.2563428 0
vn 0.9675809 0.2525613 0
vn 0.9675809 0.2525613 0
vn 0.9675809 0.2525613 0
vn 0.9675809 0.2525613 0
vn -0.966586 -0.2563428 0
vn -0.966586 -0.2563428 0
vn -0.966586 -0.2563428 0
vn -0.966586 -0.2563428 0
vn -0.2468377 0.9690568 0
vn -0.2468377 0.9690568 0
vn -0.2468377 0.9690568 0
vn 0.00860484 -0.001790901 0.9999614
vn 0.00860484 -0.001790901 0.9999614
vn 0.9675809 0.2525613 0
vn 0.9675809 0.2525613 0
vn 0.9675809 0.2525613 0
vn 0.01858314 -0.03971493 -0.9990383
vn 0.01858314 -0.03971493 -0.9990383
vn 0.1922055 -0.6995931 -0.6882054
vn -0.966586 -0.2563428 0
vn -0.966586 -0.2563428 0
vn -0.966586 -0.2563428 0
vn -0.966586 -0.2563428 0
vn 0.9675809 0.2525613 0
vn -0.966586 -0.2563428 0
vn 0.9675809 0.2525613 0
vn -0.966586 -0.2563428 0
vn 0.9675809 0.2525613 0
vn 0.9675809 0.2525613 0
vn -0.2468377 0.9690568 0
vn -0.2468377 0.9690568 0
vn 0.008626878 -0.001785102 -0.9999612
vn 0.008626878 -0.001785102 -0.9999612
vn 0.008626878 -0.001785102 -0.9999612
vn 0.008626878 -0.001785102 -0.9999612
vn 0.008626878 -0.001785102 0.9999612
vn 0.008626878 -0.001785102 0.9999612
vn 0.008626878 -0.001785102 0.9999612
vn 0.008626878 -0.001785102 0.9999612
vn -0.2468157 0.9690624 0
vn -0.2468157 0.9690624 0
vn -0.2468157 0.9690624 0
vn -0.2468157 0.9690624 0
vn -0.06122122 0.2636831 -0.9626646
vn -0.06122122 0.2636831 -0.9626646
vn 0.9675795 0.2525668 0
vn 0.1922276 -0.6995871 0.6882052
vn -0.1909391 0.7566954 -0.6252634
vn -0.1909391 0.7566954 -0.6252634
vn -0.2428262 0.9539003 -0.1763793
vn -0.2428262 0.9539003 -0.1763793
vn 0.008626878 -0.001785102 0.9999612
vn 0.008626878 -0.001785102 0.9999612
vn 0.008626878 -0.001785102 0.9999612
vn 0.008626878 -0.001785102 0.9999612
vn 0.008626878 -0.001785102 -0.9999612
vn 0.008626878 -0.001785102 -0.9999612
vn 0.008626878 -0.001785102 -0.9999612
vn 0.008626878 -0.001785102 -0.9999612
vn -0.2468157 0.9690624 0
vn -0.2468157 0.9690624 0
vn -0.2468157 0.9690624 0
vn -0.2468157 0.9690624 0
vn -0.06521253 0.2788527 0.9581171
vn -0.06521253 0.2788527 0.9581171
vn 0.9675795 0.2525668 0
vn 0.1922276 -0.6995871 -0.6882052
vn -0.1969261 0.7794498 0.5947084
vn -0.1969261 0.7794498 0.5947084
vn -0.2428262 0.9539003 0.1763793
vn -0.2428262 0.9539003 0.1763793
vn 0.9675795 0.2525668 0
vn 0.9675795 0.2525668 0
vn -0.9665874 -0.2563373 0
vn -0.9665874 -0.2563373 0
vn -0.9665874 -0.2563373 0
vn -0.9665874 -0.2563373 0
vn -0.2468157 0.9690624 0
vn -0.2468157 0.9690624 0
vn -0.2468157 0.9690624 0
vn 0.008626878 -0.001785102 -0.9999612
vn 0.008626878 -0.001785102 -0.9999612
vn 0.9675795 0.2525668 0
vn 0.9675795 0.2525668 0
vn 0.9675795 0.2525668 0
vn 0.01660952 -0.03212432 0.9993458
vn 0.1922276 -0.6995871 0.6882052
vn 0.01660952 -0.03212432 0.9993458
vn -0.9665874 -0.2563373 0
vn -0.9665874 -0.2563373 0
vn -0.9665874 -0.2563373 0
vn -0.9665874 -0.2563373 0
vn 0.9675795 0.2525668 0
vn -0.9665874 -0.2563373 0
vn 0.9675795 0.2525668 0
vn -0.9665874 -0.2563373 0
vn 0.9675795 0.2525668 0
vn 0.9675795 0.2525668 0
vn 0.9675795 0.2525668 0
vn 0.9675795 0.2525668 0
vn -0.9665874 -0.2563373 0
vn -0.9665874 -0.2563373 0
vn -0.9665874 -0.2563373 0
vn -0.9665874 -0.2563373 0
vn -0.2468157 0.9690624 0
vn -0.2468157 0.9690624 0
vn -0.2468157 0.9690624 0
vn 0.008626878 -0.001785102 0.9999612
vn 0.008626878 -0.001785102 0.9999612
vn 0.9675795 0.2525668 0
vn 0.9675795 0.2525668 0
vn 0.9675795 0.2525668 0
vn 0.01860518 -0.03970912 -0.999038
vn 0.01860518 -0.03970912 -0.999038
vn 0.1922276 -0.6995871 -0.6882052
vn -0.9665874 -0.2563373 0
vn -0.9665874 -0.2563373 0
vn -0.9665874 -0.2563373 0
vn -0.9665874 -0.2563373 0
vn 0.9675795 0.2525668 0
vn -0.9665874 -0.2563373 0
vn 0.9675795 0.2525668 0
vn -0.9665874 -0.2563373 0
vn 0.9675795 0.2525668 0
vn 0.9675795 0.2525668 0
vn -0.2468157 0.9690624 0
vn -0.2468157 0.9690624 0
vn 0.009682829 -0.001507231 -0.999952
vn 0.009682829 -0.001507231 -0.999952
vn 0.009682829 -0.001507231 -0.999952
vn 0.009682829 -0.001507231 -0.999952
vn 0.009682829 -0.001507231 0.999952
vn 0.009682829 -0.001507231 0.999952
vn 0.009682829 -0.001507231 0.999952
vn 0.009682829 -0.001507231 0.999952
vn -0.2457573 0.9693314 0
vn -0.2457573 0.9693314 0
vn -0.2457573 0.9693314 0
vn -0.2457573 0.9693314 0
vn -0.06016461 0.2639585 -0.9626558
vn -0.06016461 0.2639585 -0.9626558
vn 0.9675195 0.2527961 0
vn 0.1932818 -0.6993029 0.6881989
vn -0.1898813 0.7569663 -0.6252577
vn -0.1898813 0.7569663 -0.6252577
vn -0.241768 0.9541694 -0.1763777
vn -0.241768 0.9541694 -0.1763777
vn 0.009682829 -0.001507231 0.999952
vn 0.009682829 -0.001507231 0.999952
vn 0.009682829 -0.001507231 0.999952
vn 0.009682829 -0.001507231 0.999952
vn 0.009682829 -0.001507231 -0.999952
vn 0.009682829 -0.001507231 -0.999952
vn 0.009682829 -0.001507231 -0.999952
vn 0.009682829 -0.001507231 -0.999952
vn -0.2457573 0.9693314 0
vn -0.2457573 0.9693314 0
vn -0.2457573 0.9693314 0
vn -0.2457573 0.9693314 0
vn -0.0641559 0.279128 0.9581084
vn -0.0641559 0.279128 0.9581084
vn 0.9675195 0.2527961 0
vn 0.1932818 -0.6993029 -0.6881989
vn -0.1958682 0.7797205 0.594703
vn -0.1958682 0.7797205 0.594703
vn -0.241768 0.9541694 0.1763777
vn -0.241768 0.9541694 0.1763777
vn 0.9675195 0.2527961 0
vn 0.9675195 0.2527961 0
vn -0.9666482 -0.2561082 0
vn -0.9666482 -0.2561082 0
vn -0.9666482 -0.2561082 0
vn -0.9666482 -0.2561082 0
vn -0.2457573 0.9693314 0
vn -0.2457573 0.9693314 0
vn -0.2457573 0.9693314 0
vn 0.009682829 -0.001507231 -0.999952
vn 0.009682829 -0.001507231 -0.999952
vn 0.9675195 0.2527961 0
vn 0.9675195 0.2527961 0
vn 0.9675195 0.2527961 0
vn 0.01766539 -0.03184617 0.9993367
vn 0.1932818 -0.6993029 0.6881989
vn 0.01766539 -0.03184617 0.9993367
vn -0.9666482 -0.2561082 0
vn -0.9666482 -0.2561082 0
vn -0.9666482 -0.2561082 0
vn -0.9666482 -0.2561082 0
vn 0.9675195 0.2527961 0
vn -0.9666482 -0.2561082 0
vn 0.9675195 0.2527961 0
vn -0.9666482 -0.2561082 0
vn 0.9675195 0.2527961 0
vn 0.9675195 0.2527961 0
vn 0.9675195 0.2527961 0
vn 0.9675195 0.2527961 0
vn -0.9666482 -0.2561082 0
vn -0.9666482 -0.2561082 0
vn -0.9666482 -0.2561082 0
vn -0.9666482 -0.2561082 0
vn -0.2457573 0.9693314 0
vn -0.2457573 0.9693314 0
vn -0.2457573 0.9693314 0
vn 0.009682829 -0.001507231 0.999952
vn 0.009682829 -0.001507231 0.999952
vn 0.9675195 0.2527961 0
vn 0.9675195 0.2527961 0
vn 0.9675195 0.2527961 0
vn 0.01966103 -0.0394309 -0.9990289
vn 0.01966103 -0.0394309 -0.9990289
vn 0.1932818 -0.6993029 -0.6881989
vn -0.9666482 -0.2561082 0
vn -0.9666482 -0.2561082 0
vn -0.9666482 -0.2561082 0
vn -0.9666482 -0.2561082 0
vn 0.9675195 0.2527961 0
vn -0.9666482 -0.2561082 0
vn 0.9675195 0.2527961 0
vn -0.9666482 -0.2561082 0
vn 0.9675195 0.2527961 0
vn 0.9675195 0.2527961 0
vn -0.2457573 0.9693314 0
vn -0.2457573 0.9693314 0
vn 0.008491013 -0.001820854 -0.9999623
vn 0.008491013 -0.001820854 -0.9999623
vn 0.008491013 -0.001820854 -0.9999623
vn 0.008491013 -0.001820854 -0.9999623
vn 0.008491013 -0.001820854 0.9999623
vn 0.008491013 -0.001820854 0.9999623
vn 0.008491013 -0.001820854 0.9999623
vn 0.008491013 -0.001820854 0.9999623
vn -0.2469518 0.9690278 0
vn -0.2469518 0.9690278 0
vn -0.2469518 0.9690278 0
vn -0.2469518 0.9690278 0
vn -0.06135714 0.2636476 -0.9626657
vn -0.06135714 0.2636476 -0.9626657
vn 0.9675884 0.2525326 0
vn 0.1920919 -0.6996236 0.688206
vn -0.1910752 0.7566605 -0.6252641
vn -0.1910752 0.7566605 -0.6252641
vn -0.2429624 0.9538656 -0.1763795
vn -0.2429624 0.9538656 -0.1763795
vn 0.008491013 -0.001820854 0.9999623
vn 0.008491013 -0.001820854 0.9999623
vn 0.008491013 -0.001820854 0.9999623
vn 0.008491013 -0.001820854 0.9999623
vn 0.008491013 -0.001820854 -0.9999623
vn 0.008491013 -0.001820854 -0.9999623
vn 0.008491013 -0.001820854 -0.9999623
vn 0.008491013 -0.001820854 -0.9999623
vn -0.2469518 0.9690278 0
vn -0.2469518 0.9690278 0
vn -0.2469518 0.9690278 0
vn -0.2469518 0.9690278 0
vn -0.06534847 0.2788172 0.9581182
vn -0.06534847 0.2788172 0.9581182
vn 0.9675884 0.2525326 0
vn 0.1920919 -0.6996236 -0.688206
vn -0.1970621 0.7794149 0.5947092
vn -0.1970621 0.7794149 0.5947092
vn -0.2429624 0.9538656 0.1763795
vn -0.2429624 0.9538656 0.1763795
vn 0.9675884 0.2525326 0
vn 0.9675884 0.2525326 0
vn -0.9665784 -0.2563715 0
vn -0.9665784 -0.2563715 0
vn -0.9665784 -0.2563715 0
vn -0.9665784 -0.2563715 0
vn -0.2469518 0.9690278 0
vn -0.2469518 0.9690278 0
vn -0.2469518 0.9690278 0
vn 0.008491013 -0.001820854 -0.9999623
vn 0.008491013 -0.001820854 -0.9999623
vn 0.9675884 0.2525326 0
vn 0.9675884 0.2525326 0
vn 0.9675884 0.2525326 0
vn 0.01647366 -0.03216011 0.999347
vn 0.1920919 -0.6996236 0.688206
vn 0.01647366 -0.03216011 0.999347
vn -0.9665784 -0.2563715 0
vn -0.9665784 -0.2563715 0
vn -0.9665784 -0.2563715 0
vn -0.9665784 -0.2563715 0
vn 0.9675884 0.2525326 0
vn -0.9665784 -0.2563715 0
vn 0.9675884 0.2525326 0
vn -0.9665784 -0.2563715 0
vn 0.9675884 0.2525326 0
vn 0.9675884 0.2525326 0
vn 0.9675884 0.2525326 0
vn 0.9675884 0.2525326 0
vn -0.9665784 -0.2563715 0
vn -0.9665784 -0.2563715 0
vn -0.9665784 -0.2563715 0
vn -0.9665784 -0.2563715 0
vn -0.2469518 0.9690278 0
vn -0.2469518 0.9690278 0
vn -0.2469518 0.9690278 0
vn 0.008491013 -0.001820854 0.9999623
vn 0.008491013 -0.001820854 0.9999623
vn 0.9675884 0.2525326 0
vn 0.9675884 0.2525326 0
vn 0.9675884 0.2525326 0
vn 0.01846932 -0.03974492 -0.9990392
vn 0.01846932 -0.03974492 -0.9990392
vn 0.1920919 -0.6996236 -0.688206
vn -0.9665784 -0.2563715 0
vn -0.9665784 -0.2563715 0
vn -0.9665784 -0.2563715 0
vn -0.9665784 -0.2563715 0
vn 0.9675884 0.2525326 0
vn -0.9665784 -0.2563715 0
vn 0.9675884 0.2525326 0
vn -0.9665784 -0.2563715 0
vn 0.9675884 0.2525326 0
vn 0.9675884 0.2525326 0
vn -0.2469518 0.9690278 0
vn -0.2469518 0.9690278 0
vn 0.00753814 -0.006038294 -0.9999533
vn 0.00753814 -0.006038294 -0.9999533
vn 0.00753814 -0.006038294 -0.9999533
vn 0.00753814 -0.006038294 -0.9999533
vn 0.00753814 -0.006038294 0.9999533
vn 0.00753814 -0.006038294 0.9999533
vn 0.00753814 -0.006038294 0.9999533
vn 0.00753814 -0.006038294 0.9999533
vn 0.2629785 0.9648017 0
vn 0.2629785 0.9648017 0
vn 0.2629785 0.9648017 0
vn 0.2629785 0.9648017 0
vn 0.07738567 0.2594278 -0.9626571
vn 0.07738567 0.2594278 -0.9626571
vn 0.9666405 -0.2561371 0
vn -0.1760611 -0.7038348 0.6881998
vn 0.2071026 0.7524363 -0.6252586
vn 0.2071026 0.7524363 -0.6252586
vn 0.2589893 0.9496396 -0.1763779
vn 0.2589893 0.9496396 -0.1763779
vn 0.00753814 -0.006038294 0.9999533
vn 0.00753814 -0.006038294 0.9999533
vn 0.00753814 -0.006038294 0.9999533
vn 0.00753814 -0.006038294 0.9999533
vn 0.00753814 -0.006038294 -0.9999533
vn 0.00753814 -0.006038294 -0.9999533
vn 0.00753814 -0.006038294 -0.9999533
vn 0.00753814 -0.006038294 -0.9999533
vn 0.2629785 0.9648017 0
vn 0.2629785 0.9648017 0
vn 0.2629785 0.9648017 0
vn 0.2629785 0.9648017 0
vn 0.08137696 0.2745973 0.9581097
vn 0.08137696 0.2745973 0.9581097
vn 0.9666405 -0.2561371 0
vn -0.1760611 -0.7038348 -0.6881998
vn 0.2130895 0.7751905 0.5947038
vn 0.2130895 0.7751905 0.5947038
vn 0.2589893 0.9496396 0.1763779
vn 0.2589893 0.9496396 0.1763779
vn 0.9666405 -0.2561371 0
vn 0.9666405 -0.2561371 0
vn -0.9675271 0.2527672 0
vn -0.9675271 0.2527672 0
vn -0.9675271 0.2527672 0
vn -0.9675271 0.2527672 0
vn 0.2629785 0.9648017 0
vn 0.2629785 0.9648017 0
vn 0.2629785 0.9648017 0
vn 0.00753814 -0.006038294 -0.9999533
vn 0.00753814 -0.006038294 -0.9999533
vn 0.9666405 -0.2561371 0
vn 0.9666405 -0.2561371 0
vn 0.9666405 -0.2561371 0
vn -0.0004444357 -0.03637728 0.9993381
vn -0.1760611 -0.7038348 0.6881998
vn -0.0004444357 -0.03637728 0.9993381
vn -0.9675271 0.2527672 0
vn -0.9675271 0.2527672 0
vn -0.9675271 0.2527672 0
vn -0.9675271 0.2527672 0
vn 0.9666405 -0.2561371 0
vn -0.9675271 0.2527672 0
vn 0.9666405 -0.2561371 0
vn -0.9675271 0.2527672 0
vn 0.9666405 -0.2561371 0
vn 0.9666405 -0.2561371 0
vn 0.9666405 -0.2561371 0
vn 0.9666405 -0.2561371 0
vn -0.9675271 0.2527672 0
vn -0.9675271 0.2527672 0
vn -0.9675271 0.2527672 0
vn -0.9675271 0.2527672 0
vn 0.2629785 0.9648017 0
vn 0.2629785 0.9648017 0
vn 0.2629785 0.9648017 0
vn 0.00753814 -0.006038294 0.9999533
vn 0.00753814 -0.006038294 0.9999533
vn 0.9666405 -0.2561371 0
vn 0.9666405 -0.2561371 0
vn 0.9666405 -0.2561371 0
vn -0.002440079 -0.04396202 -0.9990302
vn -0.002440079 -0.04396202 -0.9990302
vn -0.1760611 -0.7038348 -0.6881998
vn -0.9675271 0.2527672 0
vn -0.9675271 0.2527672 0
vn -0.9675271 0.2527672 0
vn -0.9675271 0.2527672 0
vn 0.9666405 -0.2561371 0
vn -0.9675271 0.2527672 0
vn 0.9666405 -0.2561371 0
vn -0.9675271 0.2527672 0
vn 0.9666405 -0.2561371 0
vn 0.9666405 -0.2561371 0
vn 0.2629785 0.9648017 0
vn 0.2629785 0.9648017 0
vn -0.7176471 -0.6941177 -0.05642111
vn -0.6862745 -0.6705883 0.2816712
vn 0.3882353 -0.7176471 0.5781488
vn 0.7301458 -0.6832915 0
vn -0.2941177 0.9529412 -0.07347048
vn -0.145098 0.9607843 0.236305
vn 0.1607843 0.9529412 0.2570049
vn 0.3098039 0.945098 -0.103977
vn 0.003921539 0.9999924 0
vn -0.8196079 0.5607843 -0.1173196
vn -0.4352941 0.5921569 0.6781366
vn 0.4431373 0.5843138 0.679858
vn 0.8338527 0.551987 0
vn -0.8666667 -0.4901961 -0.09271828
vn -0.8196079 -0.4588235 0.3431092
vn 0.4666667 -0.5137255 0.7199363
vn 0.8774481 -0.4796717 0
vn -0.772549 0.6313726 -0.06735479
vn -0.4039216 0.6627451 0.6305682
vn 0.4117647 0.654902 0.6336823
vn 0.7803922 0.6235294 -0.04689462
vn -0.7633863 -0.6459423 0
vn -0.4039216 -0.6784314 0.6136597
vn 0.4039216 -0.6627451 0.6305682
vn 0.7704606 -0.6374877 0
vn 0.003921539 -0.9999924 0
vn 0.003921539 -0.9999924 0
vn 0.003921539 -0.9999924 0
vn 0.003921539 -0.9999924 0
vn 0.003921539 -0.9999924 0
vn -0.9921569 -0.05098039 -0.1141304
vn 0.003921539 -0.9999924 0
vn -0.9215686 -0.05098039 0.3848535
vn 0.003921539 -0.9999924 0
vn 0.003921569 -0.05882353 0.9982607
vn 0.003921539 -0.9999924 0
vn 0.9982744 -0.05872203 0
vn 0.003921539 -0.9999924 0
vn 0.003921539 -0.9999924 0
vn 0.003921539 -0.9999924 0
vn 0.003921539 -0.9999924 0
vn 0.003921539 -0.9999924 0
vn -0.9999924 -0.003921539 0
vn -0.9999924 -0.003921539 0
vn -0.9137255 -0.003921569 0.4063131
vn -0.9137255 -0.003921569 0.4063131
vn 0.003921569 -0.003921569 0.9999846
vn 0.003921569 -0.003921569 0.9999846
vn 0.9058824 -0.003921569 0.4235112
vn 0.9058824 -0.003921569 0.4235112
vn -0.6862745 -0.6705883 -0.2816712
vn 0.3882353 -0.7176471 -0.5781488
vn -0.145098 0.9607843 -0.236305
vn 0.1607843 0.9529412 -0.2570049
vn -0.4352941 0.5921569 -0.6781366
vn 0.4431373 0.5843138 -0.679858
vn -0.8196079 -0.4588235 -0.3431092
vn 0.4666667 -0.5137255 -0.7199363
vn -0.4039216 0.6627451 -0.6305682
vn 0.4117647 0.654902 -0.6336823
vn -0.4039216 -0.6784314 -0.6136597
vn 0.4039216 -0.6627451 -0.6305682
vn 0.003921539 -0.9999924 0
vn 0.003921539 -0.9999924 0
vn -0.9215686 -0.05098039 -0.3848535
vn 0.003921539 -0.9999924 0
vn 0.003921569 -0.05882353 -0.9982607
vn 0.003921539 -0.9999924 0
vn 0.003921539 -0.9999924 0
vn 0.003921539 -0.9999924 0
vn -0.9137255 -0.003921569 -0.4063131
vn -0.9137255 -0.003921569 -0.4063131
vn 0.003921569 -0.003921569 -0.9999846
vn 0.003921569 -0.003921569 -0.9999846
vn 0.003921569 -0.6470588 0.76243
vn 0.003921569 -0.4431373 0.8964452
vn 0.3882353 -0.7176471 0.5781488
vn 0.4666667 -0.5137255 0.7199363
vn -0.145098 0.9607843 0.236305
vn -0.2941177 0.9529412 -0.07347048
vn -0.4352941 0.5921569 0.6781366
vn 0.1607843 0.9529412 0.2570049
vn -0.145098 0.9607843 0.236305
vn 0.4431373 0.5843138 0.679858
vn 0.3098039 0.945098 -0.103977
vn 0.1607843 0.9529412 0.2570049
vn -0.4039216 -0.6784314 0.6136597
vn 0.4039216 -0.6627451 0.6305682
vn -0.4039216 0.6627451 0.6305682
vn 0.4117647 0.654902 0.6336823
vn 0.003921569 -0.003921569 0.9999846
vn 0.003921569 -0.003921569 0.9999846
vn 0.9058824 -0.003921569 0.4235112
vn 0.9058824 -0.003921569 0.4235112
vn 0.9651236 -0.2617947 0
vn 0.9137255 -0.2470588 -0.3225952
vn 0.9137255 -0.2470588 -0.3225952
vn 0.9651236 -0.2617947 0
vn 0.003921569 -0.05882353 0.9982607
vn 0.003921569 -0.2392157 -0.9709585
vn 0.003921569 -0.2392157 -0.9709585
vn 0.9294118 -0.05098039 0.3655062
vn -0.9607843 -0.254902 -0.1091718
vn -0.9607843 -0.254902 -0.1091718
vn -0.9043747 -0.4267395 0
vn -0.8509804 -0.4039216 0.335678
vn 0.003921569 -0.4039216 0.9147852
vn 0.003921569 -0.4039216 0.9147852
vn 0.8509804 -0.4039216 0.335678
vn 0.9013403 -0.4331116 0
vn -0.7176471 -0.6941177 -0.05642111
vn -0.8666667 -0.4901961 -0.09271828
vn 0.003921569 -0.6470588 -0.76243
vn 0.003921569 -0.4431373 -0.8964452
vn 0.3882353 -0.7176471 -0.5781488
vn 0.8774481 -0.4796717 0
vn 0.4666667 -0.5137255 -0.7199363
vn 0.7301458 -0.6832915 0
vn -0.8196079 0.5607843 -0.1173196
vn -0.145098 0.9607843 -0.236305
vn -0.2941177 0.9529412 -0.07347048
vn -0.4352941 0.5921569 -0.6781366
vn 0.1607843 0.9529412 -0.2570049
vn -0.145098 0.9607843 -0.236305
vn 0.4431373 0.5843138 -0.679858
vn 0.3098039 0.945098 -0.103977
vn 0.1607843 0.9529412 -0.2570049
vn 0.8338527 0.551987 0
vn -0.7633863 -0.6459423 0
vn -0.4039216 -0.6784314 -0.6136597
vn 0.7704606 -0.6374877 0
vn 0.4039216 -0.6627451 -0.6305682
vn -0.772549 0.6313726 -0.06735479
vn -0.4039216 0.6627451 -0.6305682
vn 0.4117647 0.654902 -0.6336823
vn 0.7803922 0.6235294 -0.04689462
vn -0.9999924 -0.003921539 0
vn -0.9999924 -0.003921539 0
vn 0.003921569 -0.003921569 -0.9999846
vn 0.003921569 -0.003921569 -0.9999846
vn 0.9058824 -0.003921569 -0.4235112
vn 0.9058824 -0.003921569 -0.4235112
vn 0.9058824 -0.003921569 -0.4235112
vn 0.9058824 -0.003921569 -0.4235112
vn -0.9921569 -0.05098039 -0.1141304
vn 0.9137255 -0.2470588 0.3225952
vn 0.9137255 -0.2470588 0.3225952
vn 0.003921569 -0.05882353 -0.9982607
vn 0.003921569 -0.2392157 0.9709585
vn 0.003921569 -0.2392157 0.9709585
vn 0.9294118 -0.05098039 -0.3655062
vn 0.9982744 -0.05872203 0
vn -0.9043747 -0.4267395 0
vn -0.8509804 -0.4039216 -0.335678
vn 0.003921569 -0.4039216 -0.9147852
vn 0.003921569 -0.4039216 -0.9147852
vn 0.8509804 -0.4039216 -0.335678
vn 0.9013403 -0.4331116 0
vn -0.8823529 0.3098039 0.3542242
vn -0.9372549 0.3333333 -0.1021867
vn 0.003921569 0.2941177 0.9557612
vn 0.003921569 0.2941177 0.9557612
vn 0.003921569 -0.2392157 -0.9709585
vn 0.003921569 -0.2392157 -0.9709585
vn 0.945098 0.3254902 -0.02908291
vn 0.8823529 0.3019608 0.3609335
vn -0.9058824 -0.2392157 -0.3495039
vn -0.9058824 -0.2392157 -0.3495039
vn -0.2235294 -0.9137255 0.3393233
vn -0.4352941 -0.8980392 -0.06359705
vn -0.4352941 0.8901961 -0.1344246
vn -0.2235294 0.9058824 0.3597385
vn 0.2313726 -0.9058824 0.3547448
vn -0.2235294 -0.9137255 0.3393233
vn -0.2235294 0.9058824 0.3597385
vn 0.2313726 0.8980392 0.3741554
vn 0.4487739 -0.8936453 0
vn 0.2313726 -0.9058824 0.3547448
vn 0.2313726 0.8980392 0.3741554
vn 0.4509804 0.8901961 -0.06455705
vn -0.8823529 0.3098039 -0.3542242
vn -0.9372549 0.3333333 -0.1021867
vn 0.003921569 0.2941177 -0.9557612
vn 0.003921569 0.2941177 -0.9557612
vn 0.003921569 -0.2392157 0.9709585
vn 0.003921569 -0.2392157 0.9709585
vn 0.945098 0.3254902 -0.02908291
vn 0.8823529 0.3019608 -0.3609335
vn -0.9058824 -0.2392157 0.3495039
vn -0.9058824 -0.2392157 0.3495039
vn -0.2235294 -0.9137255 -0.3393233
vn -0.4352941 -0.8980392 -0.06359705
vn -0.4352941 0.8901961 -0.1344246
vn -0.2235294 0.9058824 -0.3597385
vn 0.2313726 -0.9058824 -0.3547448
vn -0.2235294 -0.9137255 -0.3393233
vn -0.2235294 0.9058824 -0.3597385
vn 0.2313726 0.8980392 -0.3741554
vn 0.4487739 -0.8936453 0
vn 0.2313726 -0.9058824 -0.3547448
vn 0.2313726 0.8980392 -0.3741554
vn 0.4509804 0.8901961 -0.06455705
vn 0.7246125 -0.6891513 -0.002702519
vn 0.9999927 -0.002702433 -0.002702552
vn 0.7246122 0.6891516 -0.002702519
vn 0.7246125 -0.6891513 -0.002702519
vn 0.9999927 -0.002702433 -0.002702552
vn 0.7246122 0.6891516 -0.002702519
vn 0.2561891 0.9666263 -0.000767824
vn -0.2503307 0.9681582 -0.002099686
vn 0.2561891 0.9666263 -0.000767824
vn -0.2503307 0.9681582 -0.002099686
vn 0.2561891 0.9666263 -0.000767824
vn 0.2561891 0.9666263 -0.000767824
vn 0.0005972735 0.9999998 0
vn -0.9996687 -0.02573964 0
vn 0.9996687 -0.02573964 0
vn -0.9996687 -0.02573964 0
vn 0.2561891 0.9666263 -0.000767824
vn 0.0005972735 0.9999998 0
vn 0.9996687 -0.02573964 0
vn -0.9996687 -0.02573964 0
vn 0.647437 0.762119 0
vn 0.647437 0.762119 0
vn -0.6444083 0.7646467 -0.007305669
vn -0.6444083 0.7646467 -0.007305669
vn -0.699997 0.714124 -0.005586269
vn -0.699997 0.714124 -0.005586269
vn 0.7028359 0.7113519 0
vn 0.7028359 0.7113519 0
vn -0.9996687 -0.02573964 0
vn -0.2503307 0.9681582 -0.002099686
vn 0.9996687 -0.02573964 0
vn 0.9996687 -0.02573964 0
vn 0.647437 0.762119 0
vn 0.647437 0.762119 0
vn -0.6444083 0.7646467 -0.007305669
vn -0.6444083 0.7646467 -0.007305669
vn 0.0005972735 0.9999998 0
vn 0.0005972735 0.9999998 0
vn -0.2503307 0.9681582 -0.002099686
vn -0.2503307 0.9681582 -0.002099686
vn -0.699997 0.714124 -0.005586269
vn -0.699997 0.714124 -0.005586269
vn 0.7028359 0.7113519 0
vn 0.7028359 0.7113519 0
vn -0.7176471 -0.6941177 -0.05642111
vn -0.6862745 -0.6705883 0.2816712
vn 0.3882353 -0.7176471 0.5781488
vn 0.7301458 -0.6832915 0
vn -0.2941177 0.9529412 -0.07347048
vn -0.145098 0.9607843 0.236305
vn 0.1607843 0.9529412 0.2570049
vn 0.3098039 0.945098 -0.103977
vn 0.003921539 0.9999924 0
vn -0.8196079 0.5607843 -0.1173196
vn -0.4352941 0.5921569 0.6781366
vn 0.4431373 0.5843138 0.679858
vn 0.8338527 0.551987 0
vn -0.8666667 -0.4901961 -0.09271828
vn -0.8196079 -0.4588235 0.3431092
vn 0.4666667 -0.5137255 0.7199363
vn 0.8774481 -0.4796717 0
vn -0.772549 0.6313726 -0.06735479
vn -0.4039216 0.6627451 0.6305682
vn 0.4117647 0.654902 0.6336823
vn 0.7803922 0.6235294 -0.04689462
vn -0.7633863 -0.6459423 0
vn -0.4039216 -0.6784314 0.6136597
vn 0.4039216 -0.6627451 0.6305682
vn 0.7704606 -0.6374877 0
vn 0.003921539 -0.9999924 0
vn 0.003921539 -0.9999924 0
vn 0.003921539 -0.9999924 0
vn 0.003921539 -0.9999924 0
vn 0.003921539 -0.9999924 0
vn -0.9921569 -0.05098039 -0.1141304
vn 0.003921539 -0.9999924 0
vn -0.9215686 -0.05098039 0.3848535
vn 0.003921539 -0.9999924 0
vn 0.003921569 -0.05882353 0.9982607
vn 0.003921539 -0.9999924 0
vn 0.9982744 -0.05872203 0
vn 0.003921539 -0.9999924 0
vn 0.003921539 -0.9999924 0
vn 0.003921539 -0.9999924 0
vn 0.003921539 -0.9999924 0
vn 0.003921539 -0.9999924 0
vn -0.9999924 -0.003921539 0
vn -0.9999924 -0.003921539 0
vn -0.9137255 -0.003921569 0.4063131
vn -0.9137255 -0.003921569 0.4063131
vn 0.003921569 -0.003921569 0.9999846
vn 0.003921569 -0.003921569 0.9999846
vn 0.9058824 -0.003921569 0.4235112
vn 0.9058824 -0.003921569 0.4235112
vn -0.6862745 -0.6705883 -0.2816712
vn 0.3882353 -0.7176471 -0.5781488
vn -0.145098 0.9607843 -0.236305
vn 0.1607843 0.9529412 -0.2570049
vn -0.4352941 0.5921569 -0.6781366
vn 0.4431373 0.5843138 -0.679858
vn -0.8196079 -0.4588235 -0.3431092
vn 0.4666667 -0.5137255 -0.7199363
vn -0.4039216 0.6627451 -0.6305682
vn 0.4117647 0.654902 -0.6336823
vn -0.4039216 -0.6784314 -0.6136597
vn 0.4039216 -0.6627451 -0.6305682
vn 0.003921539 -0.9999924 0
vn 0.003921539 -0.9999924 0
vn -0.9215686 -0.05098039 -0.3848535
vn 0.003921539 -0.9999924 0
vn 0.003921569 -0.05882353 -0.9982607
vn 0.003921539 -0.9999924 0
vn 0.003921539 -0.9999924 0
vn 0.003921539 -0.9999924 0
vn -0.9137255 -0.003921569 -0.4063131
vn -0.9137255 -0.003921569 -0.4063131
vn 0.003921569 -0.003921569 -0.9999846
vn 0.003921569 -0.003921569 -0.9999846
vn 0.003921569 -0.6470588 0.76243
vn 0.003921569 -0.4431373 0.8964452
vn 0.3882353 -0.7176471 0.5781488
vn 0.4666667 -0.5137255 0.7199363
vn -0.145098 0.9607843 0.236305
vn -0.2941177 0.9529412 -0.07347048
vn -0.4352941 0.5921569 0.6781366
vn 0.1607843 0.9529412 0.2570049
vn -0.145098 0.9607843 0.236305
vn 0.4431373 0.5843138 0.679858
vn 0.3098039 0.945098 -0.103977
vn 0.1607843 0.9529412 0.2570049
vn -0.4039216 -0.6784314 0.6136597
vn 0.4039216 -0.6627451 0.6305682
vn -0.4039216 0.6627451 0.6305682
vn 0.4117647 0.654902 0.6336823
vn 0.003921569 -0.003921569 0.9999846
vn 0.003921569 -0.003921569 0.9999846
vn 0.9058824 -0.003921569 0.4235112
vn 0.9058824 -0.003921569 0.4235112
vn 0.9651236 -0.2617947 0
vn 0.9137255 -0.2470588 -0.3225952
vn 0.9137255 -0.2470588 -0.3225952
vn 0.9651236 -0.2617947 0
vn 0.003921569 -0.05882353 0.9982607
vn 0.003921569 -0.2392157 -0.9709585
vn 0.003921569 -0.2392157 -0.9709585
vn 0.9294118 -0.05098039 0.3655062
vn -0.9607843 -0.254902 -0.1091718
vn -0.9607843 -0.254902 -0.1091718
vn -0.9043747 -0.4267395 0
vn -0.8509804 -0.4039216 0.335678
vn 0.003921569 -0.4039216 0.9147852
vn 0.003921569 -0.4039216 0.9147852
vn 0.8509804 -0.4039216 0.335678
vn 0.9013403 -0.4331116 0
vn -0.7176471 -0.6941177 -0.05642111
vn -0.8666667 -0.4901961 -0.09271828
vn 0.003921569 -0.6470588 -0.76243
vn 0.003921569 -0.4431373 -0.8964452
vn 0.3882353 -0.7176471 -0.5781488
vn 0.8774481 -0.4796717 0
vn 0.4666667 -0.5137255 -0.7199363
vn 0.7301458 -0.6832915 0
vn -0.8196079 0.5607843 -0.1173196
vn -0.145098 0.9607843 -0.236305
vn -0.2941177 0.9529412 -0.07347048
vn -0.4352941 0.5921569 -0.6781366
vn 0.1607843 0.9529412 -0.2570049
vn -0.145098 0.9607843 -0.236305
vn 0.4431373 0.5843138 -0.679858
vn 0.3098039 0.945098 -0.103977
vn 0.1607843 0.9529412 -0.2570049
vn 0.8338527 0.551987 0
vn -0.7633863 -0.6459423 0
vn -0.4039216 -0.6784314 -0.6136597
vn 0.7704606 -0.6374877 0
vn 0.4039216 -0.6627451 -0.6305682
vn -0.772549 0.6313726 -0.06735479
vn -0.4039216 0.6627451 -0.6305682
vn 0.4117647 0.654902 -0.6336823
vn 0.7803922 0.6235294 -0.04689462
vn -0.9999924 -0.003921539 0
vn -0.9999924 -0.003921539 0
vn 0.003921569 -0.003921569 -0.9999846
vn 0.003921569 -0.003921569 -0.9999846
vn 0.9058824 -0.003921569 -0.4235112
vn 0.9058824 -0.003921569 -0.4235112
vn 0.9058824 -0.003921569 -0.4235112
vn 0.9058824 -0.003921569 -0.4235112
vn -0.9921569 -0.05098039 -0.1141304
vn 0.9137255 -0.2470588 0.3225952
vn 0.9137255 -0.2470588 0.3225952
vn 0.003921569 -0.05882353 -0.9982607
vn 0.003921569 -0.2392157 0.9709585
vn 0.003921569 -0.2392157 0.9709585
vn 0.9294118 -0.05098039 -0.3655062
vn 0.9982744 -0.05872203 0
vn -0.9043747 -0.4267395 0
vn -0.8509804 -0.4039216 -0.335678
vn 0.003921569 -0.4039216 -0.9147852
vn 0.003921569 -0.4039216 -0.9147852
vn 0.8509804 -0.4039216 -0.335678
vn 0.9013403 -0.4331116 0
vn -0.8823529 0.3098039 0.3542242
vn -0.9372549 0.3333333 -0.1021867
vn 0.003921569 0.2941177 0.9557612
vn 0.003921569 0.2941177 0.9557612
vn 0.003921569 -0.2392157 -0.9709585
vn 0.003921569 -0.2392157 -0.9709585
vn 0.945098 0.3254902 -0.02908291
vn 0.8823529 0.3019608 0.3609335
vn -0.9058824 -0.2392157 -0.3495039
vn -0.9058824 -0.2392157 -0.3495039
vn -0.2235294 -0.9137255 0.3393233
vn -0.4352941 -0.8980392 -0.06359705
vn -0.4352941 0.8901961 -0.1344246
vn -0.2235294 0.9058824 0.3597385
vn 0.2313726 -0.9058824 0.3547448
vn -0.2235294 -0.9137255 0.3393233
vn -0.2235294 0.9058824 0.3597385
vn 0.2313726 0.8980392 0.3741554
vn 0.4487739 -0.8936453 0
vn 0.2313726 -0.9058824 0.3547448
vn 0.2313726 0.8980392 0.3741554
vn 0.4509804 0.8901961 -0.06455705
vn -0.8823529 0.3098039 -0.3542242
vn -0.9372549 0.3333333 -0.1021867
vn 0.003921569 0.2941177 -0.9557612
vn 0.003921569 0.2941177 -0.9557612
vn 0.003921569 -0.2392157 0.9709585
vn 0.003921569 -0.2392157 0.9709585
vn 0.945098 0.3254902 -0.02908291
vn 0.8823529 0.3019608 -0.3609335
vn -0.9058824 -0.2392157 0.3495039
vn -0.9058824 -0.2392157 0.3495039
vn -0.2235294 -0.9137255 -0.3393233
vn -0.4352941 -0.8980392 -0.06359705
vn -0.4352941 0.8901961 -0.1344246
vn -0.2235294 0.9058824 -0.3597385
vn 0.2313726 -0.9058824 -0.3547448
vn -0.2235294 -0.9137255 -0.3393233
vn -0.2235294 0.9058824 -0.3597385
vn 0.2313726 0.8980392 -0.3741554
vn 0.4487739 -0.8936453 0
vn 0.2313726 -0.9058824 -0.3547448
vn 0.2313726 0.8980392 -0.3741554
vn 0.4509804 0.8901961 -0.06455705
vn 0.9999876 -0.004976747 0
vn 0.6929637 0.7196013 -0.04444379
vn 0.8446354 0.5353419 0
vn 0.6929637 0.7196013 -0.04444379
vn 0.8446354 0.5353419 0
vn 0.9999876 -0.004976747 0
vn 0.9408994 0.3386864 0
vn 0.9408994 0.3386864 0
vn 0.7936125 0.6084235 0
vn 0.7936125 0.6084235 0
vn 0.9085822 0.4177063 0
vn 0.9085822 0.4177063 0
vn 0.9927266 0.1194063 -0.01536822
vn 0.9927266 0.1194063 -0.01536822
vn 0.8572612 -0.5148818 0
vn 0.8572612 -0.5148818 0
vn 0.8572612 -0.5148818 0
vn 0.8572612 -0.5148818 0
vn 0.9999876 -0.004976747 0
vn 0.9999876 -0.004976747 0
vn 0.6929637 0.7196013 -0.04444379
vn 0.8446354 0.5353419 0
vn 0.9999876 -0.004976747 0
vn 0.9408994 0.3386864 0
vn 0.7936125 0.6084235 0
vn 0.9085822 0.4177063 0
vn 0.9927266 0.1194063 -0.01536822
vn 0.8572612 -0.5148818 0
vn 0.8572612 -0.5148818 0
vn 0.9999876 -0.004976747 0
vn 0.6929637 0.7196013 -0.04444379
vn 0.6929637 0.7196013 -0.04444379
vn 0.6929637 0.7196013 -0.04444379
vn 0.5032125 0.859589 -0.08879176
vn 0.5032125 0.859589 -0.08879176
vn 0.5020176 0.8648574 0
vn -0.6834947 0.7297732 -0.01631137
vn -0.6834947 0.7297732 -0.01631137
vn -0.6834947 0.7297732 -0.01631137
vn -0.6834947 0.7297732 -0.01631137
vn -0.6834947 0.7297732 -0.01631137
vn -0.6834947 0.7297732 -0.01631137
vn -0.6834947 0.7297732 -0.01631137
vn -0.6834947 0.7297732 -0.01631137
vn -0.6834947 0.7297732 -0.01631137
vn -0.6834947 0.7297732 -0.01631137
vn -0.6834947 0.7297732 -0.01631137
vn -0.6834947 0.7297732 -0.01631137
vn -0.6834947 0.7297732 -0.01631137
vn -0.6834947 0.7297732 -0.01631137
vn -0.6834947 0.7297732 -0.01631137
vn -0.6834947 0.7297732 -0.01631137
vn -0.9881698 -0.005464003 0.1532663
vn -0.9881698 -0.005464003 0.1532663
vn -0.9881698 -0.005464003 0.1532663
vn -0.9881698 -0.005464003 0.1532663
vn 0.000807932 0.9999851 0.005403857
vn 0.000807932 0.9999851 0.005403857
vn -0.3316381 0.05501505 0.9418012
vn 0.000807932 0.9999851 0.005403857
vn -0.2137446 0.1154941 0.9700384
vn -0.2137446 0.1154941 0.9700384
vn -0.3316381 0.05501505 0.9418012
vn -0.4649893 -0.005464004 0.8852995
vn 0.000807932 0.9999851 0.005403857
vn 0.000807932 0.9999851 0.005403857
vn 0.9877579 -0.005464003 0.1558989
vn 0.9877579 -0.005464003 0.1558989
vn 0.9877579 -0.005464003 0.1558989
vn 0.9877579 -0.005464003 0.1558989
vn -0.000822329 0.9999851 0.005401686
vn -0.000822329 0.9999851 0.005401686
vn 0.3291273 0.05501503 0.9426816
vn -0.000822329 0.9999851 0.005401686
vn 0.2111589 0.1154941 0.9706045
vn 0.2111589 0.1154941 0.9706045
vn 0.3291273 0.05501503 0.9426816
vn 0.4626285 -0.005464003 0.8865354
vn -0.000822329 0.9999851 0.005401686
vn -0.000822329 0.9999851 0.005401686
vn -0.5413182 0.8408166 -0.001425846
vn -0.5413182 0.8408166 -0.001425846
vn -0.5413182 0.8408166 -0.001425846
vn -0.5413182 0.8408166 -0.001425846
vn 0.5344567 -0.8451946 -0.001425862
vn 0.5344567 -0.8451946 -0.001425862
vn 0.5344567 -0.8451946 -0.001425862
vn 0.5344567 -0.8451946 -0.001425862
vn 0.8430126 0.5378919 -0.00137399
vn 0.8430126 0.5378919 -0.00137399
vn 0.8430126 0.5378919 -0.00137399
vn 0.8430126 0.5378919 -0.00137399
vn -0.2803152 0.959907 -0.001421852
vn -0.2803152 0.959907 -0.001421852
vn -0.009435122 -0.006020148 -0.9999374
vn -0.259301 -0.9657955 -0.001397834
vn 0.3385464 0.9409487 -0.00139359
vn 0.3385464 0.9409487 -0.00139359
vn 0.7391925 0.6734929 -0.001375528
vn 0.7391925 0.6734929 -0.001375528
vn 0.5344567 -0.8451946 -0.001425862
vn 0.5344567 -0.8451946 -0.001425862
vn 0.5344567 -0.8451946 -0.001425862
vn 0.5344567 -0.8451946 -0.001425862
vn -0.5413182 0.8408166 -0.001425846
vn -0.5413182 0.8408166 -0.001425846
vn -0.5413182 0.8408166 -0.001425846
vn -0.5413182 0.8408166 -0.001425846
vn 0.8430126 0.5378919 -0.00137399
vn 0.8430126 0.5378919 -0.00137399
vn 0.8430126 0.5378919 -0.00137399
vn 0.8430126 0.5378919 -0.00137399
vn 0.7634221 -0.6458984 -0.001421393
vn 0.7634221 -0.6458984 -0.001421393
vn -0.009435122 -0.006020148 -0.9999374
vn -0.9851359 0.1717712 -0.001397823
vn 0.9986797 -0.05135118 -0.001391695
vn 0.9986797 -0.05135118 -0.001391695
vn 0.9222453 0.3866026 -0.00137553
vn 0.9222453 0.3866026 -0.00137553
vn -0.009435122 -0.006020148 -0.9999374
vn -0.009435122 -0.006020148 -0.9999374
vn -0.009435106 -0.006020173 0.9999374
vn -0.009435106 -0.006020173 0.9999374
vn -0.009435106 -0.006020173 0.9999374
vn -0.009435106 -0.006020173 0.9999374
vn 0.8430126 0.5378919 -0.00137399
vn 0.8430126 0.5378919 -0.00137399
vn 0.8430126 0.5378919 -0.00137399
vn -0.5413182 0.8408166 -0.001425846
vn -0.5413182 0.8408166 -0.001425846
vn -0.009435122 -0.006020148 -0.9999374
vn -0.009435122 -0.006020148 -0.9999374
vn -0.009435122 -0.006020148 -0.9999374
vn 0.5066557 -0.8621473 -0.001425794
vn -0.259301 -0.9657955 -0.001397834
vn 0.5066557 -0.8621473 -0.001425794
vn -0.009435106 -0.006020173 0.9999374
vn -0.009435106 -0.006020173 0.9999374
vn -0.009435106 -0.006020173 0.9999374
vn -0.009435106 -0.006020173 0.9999374
vn -0.009435122 -0.006020148 -0.9999374
vn -0.009435106 -0.006020173 0.9999374
vn -0.009435122 -0.006020148 -0.9999374
vn -0.009435106 -0.006020173 0.9999374
vn -0.009435122 -0.006020148 -0.9999374
vn -0.009435122 -0.006020148 -0.9999374
vn -0.009435122 -0.006020148 -0.9999374
vn -0.009435122 -0.006020148 -0.9999374
vn -0.009435106 -0.006020173 0.9999374
vn -0.009435106 -0.006020173 0.9999374
vn -0.009435106 -0.006020173 0.9999374
vn -0.009435106 -0.006020173 0.9999374
vn 0.8430126 0.5378919 -0.00137399
vn 0.8430126 0.5378919 -0.00137399
vn 0.8430126 0.5378919 -0.00137399
vn 0.5344567 -0.8451946 -0.001425862
vn 0.5344567 -0.8451946 -0.001425862
vn -0.009435122 -0.006020148 -0.9999374
vn -0.009435122 -0.006020148 -0.9999374
vn -0.009435122 -0.006020148 -0.9999374
vn -0.5750883 0.8180901 -0.001425745
vn -0.5750883 0.8180901 -0.001425745
vn -0.9851359 0.1717712 -0.001397823
vn -0.009435106 -0.006020173 0.9999374
vn -0.009435106 -0.006020173 0.9999374
vn -0.009435106 -0.006020173 0.9999374
vn -0.009435106 -0.006020173 0.9999374
vn -0.009435122 -0.006020148 -0.9999374
vn -0.009435106 -0.006020173 0.9999374
vn -0.009435122 -0.006020148 -0.9999374
vn -0.009435106 -0.006020173 0.9999374
vn -0.009435122 -0.006020148 -0.9999374
vn -0.009435122 -0.006020148 -0.9999374
vn 0.8430126 0.5378919 -0.00137399
vn 0.8430126 0.5378919 -0.00137399
vn -0.7137585 -0.7003865 -0.002784528
vn -0.7137585 -0.7003865 -0.002784528
vn -0.7137585 -0.7003865 -0.002784528
vn -0.7137585 -0.7003865 -0.002784528
vn 0.7232941 0.6905345 -0.002784742
vn 0.7232941 0.6905345 -0.002784742
vn 0.7232941 0.6905345 -0.002784742
vn 0.7232941 0.6905345 -0.002784742
vn -0.6954785 0.7185451 -0.001592798
vn -0.6954785 0.7185451 -0.001592798
vn -0.6954785 0.7185451 -0.001592798
vn -0.6954785 0.7185451 -0.001592798
vn -0.9516053 -0.3073118 -0.002595969
vn -0.9516053 -0.3073118 -0.002595969
vn 0.006714093 -0.006936992 -0.9999533
vn 0.9539851 -0.2998478 -0.001929944
vn -0.9316182 0.3634337 -0.001855406
vn -0.9316182 0.3634337 -0.001855406
vn -0.765123 0.6438821 -0.001609737
vn -0.765123 0.6438821 -0.001609737
vn 0.7232941 0.6905345 -0.002784742
vn 0.7232941 0.6905345 -0.002784742
vn 0.7232941 0.6905345 -0.002784742
vn 0.7232941 0.6905345 -0.002784742
vn -0.7137585 -0.7003865 -0.002784528
vn -0.7137585 -0.7003865 -0.002784528
vn -0.7137585 -0.7003865 -0.002784528
vn -0.7137585 -0.7003865 -0.002784528
vn -0.6954785 0.7185451 -0.001592798
vn -0.6954785 0.7185451 -0.001592798
vn -0.6954785 0.7185451 -0.001592798
vn -0.6954785 0.7185451 -0.001592798
vn 0.3149115 0.9491175 -0.002576129
vn 0.3149115 0.9491175 -0.002576129
vn 0.006714093 -0.006936992 -0.9999533
vn 0.2685723 -0.9632576 -0.001929842
vn -0.3604639 0.9327714 -0.0018247
vn -0.3604639 0.9327714 -0.0018247
vn -0.6185836 0.7857174 -0.001609758
vn -0.6185836 0.7857174 -0.001609758
vn 0.006714093 -0.006936992 -0.9999533
vn 0.006714093 -0.006936992 -0.9999533
vn 0.006714308 -0.006936785 0.9999533
vn 0.006714308 -0.006936785 0.9999533
vn 0.006714308 -0.006936785 0.9999533
vn 0.006714308 -0.006936785 0.9999533
vn -0.6954785 0.7185451 -0.001592798
vn -0.6954785 0.7185451 -0.001592798
vn -0.6954785 0.7185451 -0.001592798
vn -0.7137585 -0.7003865 -0.002784528
vn -0.7137585 -0.7003865 -0.002784528
vn 0.006714093 -0.006936992 -0.9999533
vn 0.006714093 -0.006936992 -0.9999533
vn 0.006714093 -0.006936992 -0.9999533
vn 0.7600341 0.6498771 -0.002781232
vn 0.9539851 -0.2998478 -0.001929944
vn 0.7600341 0.6498771 -0.002781232
vn 0.006714308 -0.006936785 0.9999533
vn 0.006714308 -0.006936785 0.9999533
vn 0.006714308 -0.006936785 0.9999533
vn 0.006714308 -0.006936785 0.9999533
vn 0.006714093 -0.006936992 -0.9999533
vn 0.006714308 -0.006936785 0.9999533
vn 0.006714093 -0.006936992 -0.9999533
vn 0.006714308 -0.006936785 0.9999533
vn 0.006714093 -0.006936992 -0.9999533
vn 0.006714093 -0.006936992 -0.9999533
vn 0.006714093 -0.006936992 -0.9999533
vn 0.006714093 -0.006936992 -0.9999533
vn 0.006714308 -0.006936785 0.9999533
vn 0.006714308 -0.006936785 0.9999533
vn 0.006714308 -0.006936785 0.9999533
vn 0.006714308 -0.006936785 0.9999533
vn -0.6954785 0.7185451 -0.001592798
vn -0.6954785 0.7185451 -0.001592798
vn -0.6954785 0.7185451 -0.001592798
vn 0.7232941 0.6905345 -0.002784742
vn 0.7232941 0.6905345 -0.002784742
vn 0.006714093 -0.006936992 -0.9999533
vn 0.006714093 -0.006936992 -0.9999533
vn 0.006714093 -0.006936992 -0.9999533
vn -0.6641577 -0.7475873 -0.002779267
vn -0.6641577 -0.7475873 -0.002779267
vn 0.2685723 -0.9632576 -0.001929842
vn 0.006714308 -0.006936785 0.9999533
vn 0.006714308 -0.006936785 0.9999533
vn 0.006714308 -0.006936785 0.9999533
vn 0.006714308 -0.006936785 0.9999533
vn 0.006714093 -0.006936992 -0.9999533
vn 0.006714308 -0.006936785 0.9999533
vn 0.006714093 -0.006936992 -0.9999533
vn 0.006714308 -0.006936785 0.9999533
vn 0.006714093 -0.006936992 -0.9999533
vn 0.006714093 -0.006936992 -0.9999533
vn -0.6954785 0.7185451 -0.001592798
vn -0.6954785 0.7185451 -0.001592798
vn -0.7135437 -0.7006062 -0.002509447
vn -0.7135437 -0.7006062 -0.002509447
vn -0.7135437 -0.7006062 -0.002509447
vn -0.7135437 -0.7006062 -0.002509447
vn 0.7235067 0.6903127 -0.002509661
vn 0.7235067 0.6903127 -0.002509661
vn 0.7235067 0.6903127 -0.002509661
vn 0.7235067 0.6903127 -0.002509661
vn -0.6954788 0.7185454 -0.001373871
vn -0.6954788 0.7185454 -0.001373871
vn -0.6954788 0.7185454 -0.001373871
vn -0.6954788 0.7185454 -0.001373871
vn -0.9568619 -0.2905338 -0.002318941
vn -0.9568619 -0.2905338 -0.002318941
vn 0.007783799 -0.008042174 -0.9999373
vn 0.9483848 -0.3171177 -0.001680838
vn -0.9255461 0.3786316 -0.001612174
vn -0.9255461 0.3786316 -0.001612174
vn -0.7623134 0.6472066 -0.001389088
vn -0.7623134 0.6472066 -0.001389088
vn 0.7235067 0.6903127 -0.002509661
vn 0.7235067 0.6903127 -0.002509661
vn 0.7235067 0.6903127 -0.002509661
vn 0.7235067 0.6903127 -0.002509661
vn -0.7135437 -0.7006062 -0.002509447
vn -0.7135437 -0.7006062 -0.002509447
vn -0.7135437 -0.7006062 -0.002509447
vn -0.7135437 -0.7006062 -0.002509447
vn -0.6954788 0.7185454 -0.001373871
vn -0.6954788 0.7185454 -0.001373871
vn -0.6954788 0.7185454 -0.001373871
vn -0.6954788 0.7185454 -0.001373871
vn 0.297574 0.954696 -0.002299182
vn 0.297574 0.954696 -0.002299182
vn 0.007783799 -0.008042174 -0.9999373
vn 0.2860157 -0.9582234 -0.001680739
vn -0.3748722 0.9270751 -0.001584037
vn -0.3748722 0.9270751 -0.001584037
vn -0.621998 0.7830176 -0.001389109
vn -0.621998 0.7830176 -0.001389109
vn 0.007783799 -0.008042174 -0.9999373
vn 0.007783799 -0.008042174 -0.9999373
vn 0.007784013 -0.008041968 0.9999373
vn 0.007784013 -0.008041968 0.9999373
vn 0.007784013 -0.008041968 0.9999373
vn 0.007784013 -0.008041968 0.9999373
vn -0.6954788 0.7185454 -0.001373871
vn -0.6954788 0.7185454 -0.001373871
vn -0.6954788 0.7185454 -0.001373871
vn -0.7135437 -0.7006062 -0.002509447
vn -0.7135437 -0.7006062 -0.002509447
vn 0.007783799 -0.008042174 -0.9999373
vn 0.007783799 -0.008042174 -0.9999373
vn 0.007783799 -0.008042174 -0.9999373
vn 0.7618228 0.6477807 -0.002506068
vn 0.9483848 -0.3171177 -0.001680838
vn 0.7618228 0.6477807 -0.002506068
vn 0.007784013 -0.008041968 0.9999373
vn 0.007784013 -0.008041968 0.9999373
vn 0.007784013 -0.008041968 0.9999373
vn 0.007784013 -0.008041968 0.9999373
vn 0.007783799 -0.008042174 -0.9999373
vn 0.007784013 -0.008041968 0.9999373
vn 0.007783799 -0.008042174 -0.9999373
vn 0.007784013 -0.008041968 0.9999373
vn 0.007783799 -0.008042174 -0.9999373
vn 0.007783799 -0.008042174 -0.9999373
vn 0.007783799 -0.008042174 -0.9999373
vn 0.007783799 -0.008042174 -0.9999373
vn 0.007784013 -0.008041968 0.9999373
vn 0.007784013 -0.008041968 0.9999373
vn 0.007784013 -0.008041968 0.9999373
vn 0.007784013 -0.008041968 0.9999373
vn -0.6954788 0.7185454 -0.001373871
vn -0.6954788 0.7185454 -0.001373871
vn -0.6954788 0.7185454 -0.001373871
vn 0.7235067 0.6903127 -0.002509661
vn 0.7235067 0.6903127 -0.002509661
vn 0.007783799 -0.008042174 -0.9999373
vn 0.007783799 -0.008042174 -0.9999373
vn 0.007783799 -0.008042174 -0.9999373
vn -0.6616406 -0.7498169 -0.002504062
vn -0.6616406 -0.7498169 -0.002504062
vn 0.2860157 -0.9582234 -0.001680739
vn 0.007784013 -0.008041968 0.9999373
vn 0.007784013 -0.008041968 0.9999373
vn 0.007784013 -0.008041968 0.9999373
vn 0.007784013 -0.008041968 0.9999373
vn 0.007783799 -0.008042174 -0.9999373
vn 0.007784013 -0.008041968 0.9999373
vn 0.007783799 -0.008042174 -0.9999373
vn 0.007784013 -0.008041968 0.9999373
vn 0.007783799 -0.008042174 -0.9999373
vn 0.007783799 -0.008042174 -0.9999373
vn -0.6954788 0.7185454 -0.001373871
vn -0.6954788 0.7185454 -0.001373871
vn -0.7137628 -0.7003824 -0.002677267
vn -0.7137628 -0.7003824 -0.002677267
vn -0.7137628 -0.7003824 -0.002677267
vn -0.7137628 -0.7003824 -0.002677267
vn 0.7232903 0.6905389 -0.002677481
vn 0.7232903 0.6905389 -0.002677481
vn 0.7232903 0.6905389 -0.002677481
vn 0.7232903 0.6905389 -0.002677481
vn -0.6954786 0.7185452 -0.001532754
vn -0.6954786 0.7185452 -0.001532754
vn -0.6954786 0.7185452 -0.001532754
vn -0.6954786 0.7185452 -0.001532754
vn -0.9515013 -0.3076349 -0.002496386
vn -0.9515013 -0.3076349 -0.002496386
vn 0.006977069 -0.007208689 -0.9999497
vn 0.954093 -0.2995048 -0.00185684
vn -0.9317364 0.363131 -0.001785197
vn -0.9317364 0.363131 -0.001785197
vn -0.7651792 0.6438156 -0.001549041
vn -0.7651792 0.6438156 -0.001549041
vn 0.7232903 0.6905389 -0.002677481
vn 0.7232903 0.6905389 -0.002677481
vn 0.7232903 0.6905389 -0.002677481
vn 0.7232903 0.6905389 -0.002677481
vn -0.7137628 -0.7003824 -0.002677267
vn -0.7137628 -0.7003824 -0.002677267
vn -0.7137628 -0.7003824 -0.002677267
vn -0.7137628 -0.7003824 -0.002677267
vn -0.6954786 0.7185452 -0.001532754
vn -0.6954786 0.7185452 -0.001532754
vn -0.6954786 0.7185452 -0.001532754
vn -0.6954786 0.7185452 -0.001532754
vn 0.3152454 0.9490069 -0.002477356
vn 0.3152454 0.9490069 -0.002477356
vn 0.006977069 -0.007208689 -0.9999497
vn 0.268226 -0.9633542 -0.001856737
vn -0.3601768 0.9328824 -0.001755689
vn -0.3601768 0.9328824 -0.001755689
vn -0.6185153 0.7857713 -0.001549063
vn -0.6185153 0.7857713 -0.001549063
vn 0.006977069 -0.007208689 -0.9999497
vn 0.006977069 -0.007208689 -0.9999497
vn 0.006977283 -0.007208481 0.9999497
vn 0.006977283 -0.007208481 0.9999497
vn 0.006977283 -0.007208481 0.9999497
vn 0.006977283 -0.007208481 0.9999497
vn -0.6954786 0.7185452 -0.001532754
vn -0.6954786 0.7185452 -0.001532754
vn -0.6954786 0.7185452 -0.001532754
vn -0.7137628 -0.7003824 -0.002677267
vn -0.7137628 -0.7003824 -0.002677267
vn 0.006977069 -0.007208689 -0.9999497
vn 0.006977069 -0.007208689 -0.9999497
vn 0.006977069 -0.007208689 -0.9999497
vn 0.7600001 0.6499174 -0.002674115
vn 0.954093 -0.2995048 -0.00185684
vn 0.7600001 0.6499174 -0.002674115
vn 0.006977283 -0.007208481 0.9999497
vn 0.006977283 -0.007208481 0.9999497
vn 0.006977283 -0.007208481 0.9999497
vn 0.006977283 -0.007208481 0.9999497
vn 0.006977069 -0.007208689 -0.9999497
vn 0.006977283 -0.007208481 0.9999497
vn 0.006977069 -0.007208689 -0.9999497
vn 0.006977283 -0.007208481 0.9999497
vn 0.006977069 -0.007208689 -0.9999497
vn 0.006977069 -0.007208689 -0.9999497
vn 0.006977069 -0.007208689 -0.9999497
vn 0.006977069 -0.007208689 -0.9999497
vn 0.006977283 -0.007208481 0.9999497
vn 0.006977283 -0.007208481 0.9999497
vn 0.006977283 -0.007208481 0.9999497
vn 0.006977283 -0.007208481 0.9999497
vn -0.6954786 0.7185452 -0.001532754
vn -0.6954786 0.7185452 -0.001532754
vn -0.6954786 0.7185452 -0.001532754
vn 0.7232903 0.6905389 -0.002677481
vn 0.7232903 0.6905389 -0.002677481
vn 0.006977069 -0.007208689 -0.9999497
vn 0.006977069 -0.007208689 -0.9999497
vn 0.006977069 -0.007208689 -0.9999497
vn -0.664206 -0.7475448 -0.002672222
vn -0.664206 -0.7475448 -0.002672222
vn 0.268226 -0.9633542 -0.001856737
vn 0.006977283 -0.007208481 0.9999497
vn 0.006977283 -0.007208481 0.9999497
vn 0.006977283 -0.007208481 0.9999497
vn 0.006977283 -0.007208481 0.9999497
vn 0.006977069 -0.007208689 -0.9999497
vn 0.006977283 -0.007208481 0.9999497
vn 0.006977069 -0.007208689 -0.9999497
vn 0.006977283 -0.007208481 0.9999497
vn 0.006977069 -0.007208689 -0.9999497
vn 0.006977069 -0.007208689 -0.9999497
vn -0.6954786 0.7185452 -0.001532754
vn -0.6954786 0.7185452 -0.001532754
vn -0.7138239 -0.7003193 -0.002878417
vn -0.7138239 -0.7003193 -0.002878417
vn -0.7138239 -0.7003193 -0.002878417
vn -0.7138239 -0.7003193 -0.002878417
vn 0.7232292 0.6906021 -0.002878631
vn 0.7232292 0.6906021 -0.002878631
vn 0.7232292 0.6906021 -0.002878631
vn 0.7232292 0.6906021 -0.002878631
vn -0.6954785 0.718545 -0.001669343
vn -0.6954785 0.718545 -0.001669343
vn -0.6954785 0.718545 -0.001669343
vn -0.6954785 0.718545 -0.001669343
vn -0.9499226 -0.3124735 -0.00269062
vn -0.9499226 -0.3124735 -0.00269062
vn 0.00640627 -0.006618958 -0.9999576
vn 0.9557068 -0.2943135 -0.002016284
vn -0.9335099 0.3585463 -0.001939874
vn -0.9335099 0.3585463 -0.001939874
vn -0.766028 0.642805 -0.001686851
vn -0.766028 0.642805 -0.001686851
vn 0.7232292 0.6906021 -0.002878631
vn 0.7232292 0.6906021 -0.002878631
vn 0.7232292 0.6906021 -0.002878631
vn 0.7232292 0.6906021 -0.002878631
vn -0.7138239 -0.7003193 -0.002878417
vn -0.7138239 -0.7003193 -0.002878417
vn -0.7138239 -0.7003193 -0.002878417
vn -0.7138239 -0.7003193 -0.002878417
vn -0.6954785 0.718545 -0.001669343
vn -0.6954785 0.718545 -0.001669343
vn -0.6954785 0.718545 -0.001669343
vn -0.6954785 0.718545 -0.001669343
vn 0.3202502 0.9473293 -0.002670775
vn 0.3202502 0.9473293 -0.002670775
vn 0.00640627 -0.006618958 -0.9999576
vn 0.2629849 -0.9647979 -0.002016181
vn -0.355826 0.9345503 -0.001908344
vn -0.355826 0.9345503 -0.001908344
vn -0.6174777 0.7865866 -0.001686873
vn -0.6174777 0.7865866 -0.001686873
vn 0.00640627 -0.006618958 -0.9999576
vn 0.00640627 -0.006618958 -0.9999576
vn 0.006406484 -0.00661875 0.9999576
vn 0.006406484 -0.00661875 0.9999576
vn 0.006406484 -0.00661875 0.9999576
vn 0.006406484 -0.00661875 0.9999576
vn -0.6954785 0.718545 -0.001669343
vn -0.6954785 0.718545 -0.001669343
vn -0.6954785 0.718545 -0.001669343
vn -0.7138239 -0.7003193 -0.002878417
vn -0.7138239 -0.7003193 -0.002878417
vn 0.00640627 -0.006618958 -0.9999576
vn 0.00640627 -0.006618958 -0.9999576
vn 0.00640627 -0.006618958 -0.9999576
vn 0.7594869 0.6505163 -0.002875149
vn 0.9557068 -0.2943135 -0.002016284
vn 0.7594869 0.6505163 -0.002875149
vn 0.006406484 -0.00661875 0.9999576
vn 0.006406484 -0.00661875 0.9999576
vn 0.006406484 -0.00661875 0.9999576
vn 0.006406484 -0.00661875 0.9999576
vn 0.00640627 -0.006618958 -0.9999576
vn 0.006406484 -0.00661875 0.9999576
vn 0.00640627 -0.006618958 -0.9999576
vn 0.006406484 -0.00661875 0.9999576
vn 0.00640627 -0.006618958 -0.9999576
vn 0.00640627 -0.006618958 -0.9999576
vn 0.00640627 -0.006618958 -0.9999576
vn 0.00640627 -0.006618958 -0.9999576
vn 0.006406484 -0.00661875 0.9999576
vn 0.006406484 -0.00661875 0.9999576
vn 0.006406484 -0.00661875 0.9999576
vn 0.006406484 -0.00661875 0.9999576
vn -0.6954785 0.718545 -0.001669343
vn -0.6954785 0.718545 -0.001669343
vn -0.6954785 0.718545 -0.001669343
vn 0.7232292 0.6906021 -0.002878631
vn 0.7232292 0.6906021 -0.002878631
vn 0.00640627 -0.006618958 -0.9999576
vn 0.00640627 -0.006618958 -0.9999576
vn 0.00640627 -0.006618958 -0.9999576
vn -0.6649249 -0.7469047 -0.002873198
vn -0.6649249 -0.7469047 -0.002873198
vn 0.2629849 -0.9647979 -0.002016181
vn 0.006406484 -0.00661875 0.9999576
vn 0.006406484 -0.00661875 0.9999576
vn 0.006406484 -0.00661875 0.9999576
vn 0.006406484 -0.00661875 0.9999576
vn 0.00640627 -0.006618958 -0.9999576
vn 0.006406484 -0.00661875 0.9999576
vn 0.00640627 -0.006618958 -0.9999576
vn 0.006406484 -0.00661875 0.9999576
vn 0.00640627 -0.006618958 -0.9999576
vn 0.00640627 -0.006618958 -0.9999576
vn -0.6954785 0.718545 -0.001669343
vn -0.6954785 0.718545 -0.001669343
vn -0.7138047 -0.7003395 -0.002713507
vn -0.7138047 -0.7003395 -0.002713507
vn -0.7138047 -0.7003395 -0.002713507
vn -0.7138047 -0.7003395 -0.002713507
vn 0.7232487 0.6905823 -0.002713721
vn 0.7232487 0.6905823 -0.002713721
vn 0.7232487 0.6905823 -0.002713721
vn 0.7232487 0.6905823 -0.002713721
vn -0.6954786 0.7185452 -0.001567241
vn -0.6954786 0.7185452 -0.001567241
vn -0.6954786 0.7185452 -0.001567241
vn -0.6954786 0.7185452 -0.001567241
vn -0.9504268 -0.310938 -0.002534477
vn -0.9504268 -0.310938 -0.002534477
vn 0.006823563 -0.007050092 -0.9999518
vn 0.9551949 -0.2959714 -0.001894783
vn -0.9329462 0.3600113 -0.001822551
vn -0.9329462 0.3600113 -0.001822551
vn -0.7657567 0.6431284 -0.001583747
vn -0.7657567 0.6431284 -0.001583747
vn 0.7232487 0.6905823 -0.002713721
vn 0.7232487 0.6905823 -0.002713721
vn 0.7232487 0.6905823 -0.002713721
vn 0.7232487 0.6905823 -0.002713721
vn -0.7138047 -0.7003395 -0.002713507
vn -0.7138047 -0.7003395 -0.002713507
vn -0.7138047 -0.7003395 -0.002713507
vn -0.7138047 -0.7003395 -0.002713507
vn -0.6954786 0.7185452 -0.001567241
vn -0.6954786 0.7185452 -0.001567241
vn -0.6954786 0.7185452 -0.001567241
vn -0.6954786 0.7185452 -0.001567241
vn 0.3186617 0.9478651 -0.002515591
vn 0.3186617 0.9478651 -0.002515591
vn 0.006823563 -0.007050092 -0.9999518
vn 0.2646585 -0.9643403 -0.00189468
vn -0.3572164 0.93402 -0.00179277
vn -0.3572164 0.93402 -0.00179277
vn -0.6178096 0.7863261 -0.001583769
vn -0.6178096 0.7863261 -0.001583769
vn 0.006823563 -0.007050092 -0.9999518
vn 0.006823563 -0.007050092 -0.9999518
vn 0.006823778 -0.007049886 0.9999518
vn 0.006823778 -0.007049886 0.9999518
vn 0.006823778 -0.007049886 0.9999518
vn 0.006823778 -0.007049886 0.9999518
vn -0.6954786 0.7185452 -0.001567241
vn -0.6954786 0.7185452 -0.001567241
vn -0.6954786 0.7185452 -0.001567241
vn -0.7138047 -0.7003395 -0.002713507
vn -0.7138047 -0.7003395 -0.002713507
vn 0.006823563 -0.007050092 -0.9999518
vn 0.006823563 -0.007050092 -0.9999518
vn 0.006823563 -0.007050092 -0.9999518
vn 0.7596499 0.6503267 -0.002710399
vn 0.9551949 -0.2959714 -0.001894783
vn 0.7596499 0.6503267 -0.002710399
vn 0.006823778 -0.007049886 0.9999518
vn 0.006823778 -0.007049886 0.9999518
vn 0.006823778 -0.007049886 0.9999518
vn 0.006823778 -0.007049886 0.9999518
vn 0.006823563 -0.007050092 -0.9999518
vn 0.006823778 -0.007049886 0.9999518
vn 0.006823563 -0.007050092 -0.9999518
vn 0.006823778 -0.007049886 0.9999518
vn 0.006823563 -0.007050092 -0.9999518
vn 0.006823563 -0.007050092 -0.9999518
vn 0.006823563 -0.007050092 -0.9999518
vn 0.006823563 -0.007050092 -0.9999518
vn 0.006823778 -0.007049886 0.9999518
vn 0.006823778 -0.007049886 0.9999518
vn 0.006823778 -0.007049886 0.9999518
vn 0.006823778 -0.007049886 0.9999518
vn -0.6954786 0.7185452 -0.001567241
vn -0.6954786 0.7185452 -0.001567241
vn -0.6954786 0.7185452 -0.001567241
vn 0.7232487 0.6905823 -0.002713721
vn 0.7232487 0.6905823 -0.002713721
vn 0.006823563 -0.007050092 -0.9999518
vn 0.006823563 -0.007050092 -0.9999518
vn 0.006823563 -0.007050092 -0.9999518
vn -0.6646973 -0.747108 -0.002708526
vn -0.6646973 -0.747108 -0.002708526
vn 0.2646585 -0.9643403 -0.00189468
vn 0.006823778 -0.007049886 0.9999518
vn 0.006823778 -0.007049886 0.9999518
vn 0.006823778 -0.007049886 0.9999518
vn 0.006823778 -0.007049886 0.9999518
vn 0.006823563 -0.007050092 -0.9999518
vn 0.006823778 -0.007049886 0.9999518
vn 0.006823563 -0.007050092 -0.9999518
vn 0.006823778 -0.007049886 0.9999518
vn 0.006823563 -0.007050092 -0.9999518
vn 0.006823563 -0.007050092 -0.9999518
vn -0.6954786 0.7185452 -0.001567241
vn -0.6954786 0.7185452 -0.001567241
vn 0.6626008 0.7450522 -0.07653329
vn 0.4672477 0.8821986 -0.05835318
vn 0.004396092 0.9999903 0
vn -0.4577748 0.8808811 -0.120378
vn -0.659968 0.7446412 -0.09975827
vn 0.6626008 0.7450522 -0.07653329
vn 0.4672477 0.8821986 -0.05835318
vn 0.004396092 0.9999903 0
vn -0.4577748 0.8808811 -0.120378
vn -0.659968 0.7446412 -0.09975827
vn 0.6626 0.7450522 -0.07654017
vn 0.4672471 0.8821987 -0.05835758
vn 0.004395638 0.9999903 0
vn -0.4577751 0.8808812 -0.1203755
vn -0.6599683 0.7446413 -0.09975549
vn 0.6626 0.7450522 -0.07654017
vn 0.4672471 0.8821987 -0.05835758
vn 0.004395638 0.9999903 0
vn -0.4577751 0.8808812 -0.1203755
vn -0.6599683 0.7446413 -0.09975549
vn -0.7246136 -0.6891524 0.001999186
vn -0.9999943 -0.002702438 0.001999154
vn -0.7246134 0.6891527 0.001999186
vn -0.7246136 -0.6891524 0.001999186
vn -0.9999943 -0.002702438 0.001999154
vn -0.7246134 0.6891527 0.001999186
vn -0.7135661 -0.7005835 -0.002498283
vn -0.7135661 -0.7005835 -0.002498283
vn -0.7135661 -0.7005835 -0.002498283
vn -0.7135661 -0.7005835 -0.002498283
vn 0.7234848 0.6903358 -0.002498497
vn 0.7234848 0.6903358 -0.002498497
vn 0.7234848 0.6903358 -0.002498497
vn 0.7234848 0.6903358 -0.002498497
vn -0.6954788 0.7185454 -0.001373871
vn -0.6954788 0.7185454 -0.001373871
vn -0.6954788 0.7185454 -0.001373871
vn -0.6954788 0.7185454 -0.001373871
vn -0.9563347 -0.2922644 -0.002310765
vn -0.9563347 -0.2922644 -0.002310765
vn 0.007783801 -0.008042176 -0.9999373
vn 0.9489622 -0.3153855 -0.001679241
vn -0.9261668 0.3771108 -0.00161101
vn -0.9261668 0.3771108 -0.00161101
vn -0.7625943 0.6468756 -0.001389028
vn -0.7625943 0.6468756 -0.001389028
vn 0.7234848 0.6903358 -0.002498497
vn 0.7234848 0.6903358 -0.002498497
vn 0.7234848 0.6903358 -0.002498497
vn 0.7234848 0.6903358 -0.002498497
vn -0.7135661 -0.7005835 -0.002498283
vn -0.7135661 -0.7005835 -0.002498283
vn -0.7135661 -0.7005835 -0.002498283
vn -0.7135661 -0.7005835 -0.002498283
vn -0.6954788 0.7185454 -0.001373871
vn -0.6954788 0.7185454 -0.001373871
vn -0.6954788 0.7185454 -0.001373871
vn -0.6954788 0.7185454 -0.001373871
vn 0.2993611 0.9541372 -0.002291289
vn 0.2993611 0.9541372 -0.002291289
vn 0.007783801 -0.008042176 -0.9999373
vn 0.2842656 -0.9587441 -0.001679142
vn -0.3734314 0.9276565 -0.001583038
vn -0.3734314 0.9276565 -0.001583038
vn -0.621658 0.7832876 -0.001389049
vn -0.621658 0.7832876 -0.001389049
vn 0.007783801 -0.008042176 -0.9999373
vn 0.007783801 -0.008042176 -0.9999373
vn 0.007784015 -0.00804197 0.9999373
vn 0.007784015 -0.00804197 0.9999373
vn 0.007784015 -0.00804197 0.9999373
vn 0.007784015 -0.00804197 0.9999373
vn -0.6954788 0.7185454 -0.001373871
vn -0.6954788 0.7185454 -0.001373871
vn -0.6954788 0.7185454 -0.001373871
vn -0.7135661 -0.7005835 -0.002498283
vn -0.7135661 -0.7005835 -0.002498283
vn 0.007783801 -0.008042176 -0.9999373
vn 0.007783801 -0.008042176 -0.9999373
vn 0.007783801 -0.008042176 -0.9999373
vn 0.7616376 0.6479984 -0.002494965
vn 0.9489622 -0.3153855 -0.001679241
vn 0.7616376 0.6479984 -0.002494965
vn 0.007784015 -0.00804197 0.9999373
vn 0.007784015 -0.00804197 0.9999373
vn 0.007784015 -0.00804197 0.9999373
vn 0.007784015 -0.00804197 0.9999373
vn 0.007783801 -0.008042176 -0.9999373
vn 0.007784015 -0.00804197 0.9999373
vn 0.007783801 -0.008042176 -0.9999373
vn 0.007784015 -0.00804197 0.9999373
vn 0.007783801 -0.008042176 -0.9999373
vn 0.007783801 -0.008042176 -0.9999373
vn 0.007783801 -0.008042176 -0.9999373
vn 0.007783801 -0.008042176 -0.9999373
vn 0.007784015 -0.00804197 0.9999373
vn 0.007784015 -0.00804197 0.9999373
vn 0.007784015 -0.00804197 0.9999373
vn 0.007784015 -0.00804197 0.9999373
vn -0.6954788 0.7185454 -0.001373871
vn -0.6954788 0.7185454 -0.001373871
vn -0.6954788 0.7185454 -0.001373871
vn 0.7234848 0.6903358 -0.002498497
vn 0.7234848 0.6903358 -0.002498497
vn 0.007783801 -0.008042176 -0.9999373
vn 0.007783801 -0.008042176 -0.9999373
vn 0.007783801 -0.008042176 -0.9999373
vn -0.661902 -0.7495862 -0.00249299
vn -0.661902 -0.7495862 -0.00249299
vn 0.2842656 -0.9587441 -0.001679142
vn 0.007784015 -0.00804197 0.9999373
vn 0.007784015 -0.00804197 0.9999373
vn 0.007784015 -0.00804197 0.9999373
vn 0.007784015 -0.00804197 0.9999373
vn 0.007783801 -0.008042176 -0.9999373
vn 0.007784015 -0.00804197 0.9999373
vn 0.007783801 -0.008042176 -0.9999373
vn 0.007784015 -0.00804197 0.9999373
vn 0.007783801 -0.008042176 -0.9999373
vn 0.007783801 -0.008042176 -0.9999373
vn -0.6954788 0.7185454 -0.001373871
vn -0.6954788 0.7185454 -0.001373871
vn -0.7135054 -0.7006451 -0.002528569
vn -0.7135054 -0.7006451 -0.002528569
vn -0.7135054 -0.7006451 -0.002528569
vn -0.7135054 -0.7006451 -0.002528569
vn 0.7235444 0.6902732 -0.002528783
vn 0.7235444 0.6902732 -0.002528783
vn 0.7235444 0.6902732 -0.002528783
vn 0.7235444 0.6902732 -0.002528783
vn -0.6954788 0.7185454 -0.001373871
vn -0.6954788 0.7185454 -0.001373871
vn -0.6954788 0.7185454 -0.001373871
vn -0.6954788 0.7185454 -0.001373871
vn -0.9577555 -0.2875743 -0.002332893
vn -0.9577555 -0.2875743 -0.002332893
vn 0.007783804 -0.00804218 -0.9999374
vn 0.9473975 -0.3200548 -0.001683534
vn -0.9244877 0.3812085 -0.001614137
vn -0.9244877 0.3812085 -0.001614137
vn -0.7618374 0.6477667 -0.001389187
vn -0.7618374 0.6477667 -0.001389187
vn 0.7235444 0.6902732 -0.002528783
vn 0.7235444 0.6902732 -0.002528783
vn 0.7235444 0.6902732 -0.002528783
vn 0.7235444 0.6902732 -0.002528783
vn -0.7135054 -0.7006451 -0.002528569
vn -0.7135054 -0.7006451 -0.002528569
vn -0.7135054 -0.7006451 -0.002528569
vn -0.7135054 -0.7006451 -0.002528569
vn -0.6954788 0.7185454 -0.001373871
vn -0.6954788 0.7185454 -0.001373871
vn -0.6954788 0.7185454 -0.001373871
vn -0.6954788 0.7185454 -0.001373871
vn 0.2945184 0.9556431 -0.002312646
vn 0.2945184 0.9556431 -0.002312646
vn 0.007783804 -0.00804218 -0.9999374
vn 0.2889835 -0.9573326 -0.001683436
vn -0.3773132 0.9260843 -0.00158572
vn -0.3773132 0.9260843 -0.00158572
vn -0.6225733 0.7825603 -0.001389208
vn -0.6225733 0.7825603 -0.001389208
vn 0.007783804 -0.00804218 -0.9999374
vn 0.007783804 -0.00804218 -0.9999374
vn 0.007784018 -0.008041973 0.9999374
vn 0.007784018 -0.008041973 0.9999374
vn 0.007784018 -0.008041973 0.9999374
vn 0.007784018 -0.008041973 0.9999374
vn -0.6954788 0.7185454 -0.001373871
vn -0.6954788 0.7185454 -0.001373871
vn -0.6954788 0.7185454 -0.001373871
vn -0.7135054 -0.7006451 -0.002528569
vn -0.7135054 -0.7006451 -0.002528569
vn 0.007783804 -0.00804218 -0.9999374
vn 0.007783804 -0.00804218 -0.9999374
vn 0.007783804 -0.00804218 -0.9999374
vn 0.7621397 0.6474077 -0.002525084
vn 0.9473975 -0.3200548 -0.001683534
vn 0.7621397 0.6474077 -0.002525084
vn 0.007784018 -0.008041973 0.9999374
vn 0.007784018 -0.008041973 0.9999374
vn 0.007784018 -0.008041973 0.9999374
vn 0.007784018 -0.008041973 0.9999374
vn 0.007783804 -0.00804218 -0.9999374
vn 0.007784018 -0.008041973 0.9999374
vn 0.007783804 -0.00804218 -0.9999374
vn 0.007784018 -0.008041973 0.9999374
vn 0.007783804 -0.00804218 -0.9999374
vn 0.007783804 -0.00804218 -0.9999374
vn 0.007783804 -0.00804218 -0.9999374
vn 0.007783804 -0.00804218 -0.9999374
vn 0.007784018 -0.008041973 0.9999374
vn 0.007784018 -0.008041973 0.9999374
vn 0.007784018 -0.008041973 0.9999374
vn 0.007784018 -0.008041973 0.9999374
vn -0.6954788 0.7185454 -0.001373871
vn -0.6954788 0.7185454 -0.001373871
vn -0.6954788 0.7185454 -0.001373871
vn 0.7235444 0.6902732 -0.002528783
vn 0.7235444 0.6902732 -0.002528783
vn 0.007783804 -0.00804218 -0.9999374
vn 0.007783804 -0.00804218 -0.9999374
vn 0.007783804 -0.00804218 -0.9999374
vn -0.6611927 -0.750212 -0.002523025
vn -0.6611927 -0.750212 -0.002523025
vn 0.2889835 -0.9573326 -0.001683436
vn 0.007784018 -0.008041973 0.9999374
vn 0.007784018 -0.008041973 0.9999374
vn 0.007784018 -0.008041973 0.9999374
vn 0.007784018 -0.008041973 0.9999374
vn 0.007783804 -0.00804218 -0.9999374
vn 0.007784018 -0.008041973 0.9999374
vn 0.007783804 -0.00804218 -0.9999374
vn 0.007784018 -0.008041973 0.9999374
vn 0.007783804 -0.00804218 -0.9999374
vn 0.007783804 -0.00804218 -0.9999374
vn -0.6954788 0.7185454 -0.001373871
vn -0.6954788 0.7185454 -0.001373871
vn 0.676967 0.7358757 -0.01423348
vn 0.9383664 -0.3455531 -0.007839858
vn 0.676967 0.7358757 -0.01423348
vn 0.9383664 -0.3455531 -0.007839858
vn 0.975717 0.2190349 0
vn 0.975717 0.2190349 0
vn 0.513898 0.8556454 -0.0614797
vn 0.9983823 -0.04538456 -0.03424953
vn 0.513898 0.8556454 -0.0614797
vn 0.9983823 -0.04538456 -0.03424953
vn 0.8866446 0.4624514 0
vn 0.8866446 0.4624514 0
vn 0.006446749 -0.005751173 -0.9999627
vn 0.006446749 -0.005751173 -0.9999627
vn 0.006446749 -0.005751173 -0.9999627
vn 0.006446749 -0.005751173 -0.9999627
vn 0.006446749 -0.005751173 0.9999627
vn 0.006446749 -0.005751173 0.9999627
vn 0.006446749 -0.005751173 0.9999627
vn 0.006446749 -0.005751173 0.9999627
vn 0.2618895 0.9650978 0
vn 0.2618895 0.9650978 0
vn 0.2618895 0.9650978 0
vn 0.2618895 0.9650978 0
vn 0.07629494 0.2597174 -0.9626661
vn 0.07629494 0.2597174 -0.9626661
vn 0.966575 -0.256384 0
vn -0.1771542 -0.7035542 0.6882063
vn 0.206013 0.7527305 -0.6252643
vn 0.206013 0.7527305 -0.6252643
vn 0.2579002 0.9499357 -0.1763796
vn 0.2579002 0.9499357 -0.1763796
vn 0.006446749 -0.005751173 0.9999627
vn 0.006446749 -0.005751173 0.9999627
vn 0.006446749 -0.005751173 0.9999627
vn 0.006446749 -0.005751173 0.9999627
vn 0.006446749 -0.005751173 -0.9999627
vn 0.006446749 -0.005751173 -0.9999627
vn 0.006446749 -0.005751173 -0.9999627
vn 0.006446749 -0.005751173 -0.9999627
vn 0.2618895 0.9650978 0
vn 0.2618895 0.9650978 0
vn 0.2618895 0.9650978 0
vn 0.2618895 0.9650978 0
vn 0.08028626 0.274887 0.9581186
vn 0.08028626 0.274887 0.9581186
vn 0.966575 -0.256384 0
vn -0.1771542 -0.7035542 -0.6882063
vn 0.212 0.7754849 0.5947093
vn 0.212 0.7754849 0.5947093
vn 0.2579002 0.9499357 0.1763796
vn 0.2579002 0.9499357 0.1763796
vn 0.966575 -0.256384 0
vn 0.966575 -0.256384 0
vn -0.9675916 0.2525201 0
vn -0.9675916 0.2525201 0
vn -0.9675916 0.2525201 0
vn -0.9675916 0.2525201 0
vn 0.2618895 0.9650978 0
vn 0.2618895 0.9650978 0
vn 0.2618895 0.9650978 0
vn 0.006446749 -0.005751173 -0.9999627
vn 0.006446749 -0.005751173 -0.9999627
vn 0.966575 -0.256384 0
vn 0.966575 -0.256384 0
vn 0.966575 -0.256384 0
vn -0.001535901 -0.03609044 0.9993473
vn -0.1771542 -0.7035542 0.6882063
vn -0.001535901 -0.03609044 0.9993473
vn -0.9675916 0.2525201 0
vn -0.9675916 0.2525201 0
vn -0.9675916 0.2525201 0
vn -0.9675916 0.2525201 0
vn 0.966575 -0.256384 0
vn -0.9675916 0.2525201 0
vn 0.966575 -0.256384 0
vn -0.9675916 0.2525201 0
vn 0.966575 -0.256384 0
vn 0.966575 -0.256384 0
vn 0.966575 -0.256384 0
vn 0.966575 -0.256384 0
vn -0.9675916 0.2525201 0
vn -0.9675916 0.2525201 0
vn -0.9675916 0.2525201 0
vn -0.9675916 0.2525201 0
vn 0.2618895 0.9650978 0
vn 0.2618895 0.9650978 0
vn 0.2618895 0.9650978 0
vn 0.006446749 -0.005751173 0.9999627
vn 0.006446749 -0.005751173 0.9999627
vn 0.966575 -0.256384 0
vn 0.966575 -0.256384 0
vn 0.966575 -0.256384 0
vn -0.003531563 -0.04367526 -0.9990395
vn -0.003531563 -0.04367526 -0.9990395
vn -0.1771542 -0.7035542 -0.6882063
vn -0.9675916 0.2525201 0
vn -0.9675916 0.2525201 0
vn -0.9675916 0.2525201 0
vn -0.9675916 0.2525201 0
vn 0.966575 -0.256384 0
vn -0.9675916 0.2525201 0
vn 0.966575 -0.256384 0
vn -0.9675916 0.2525201 0
vn 0.966575 -0.256384 0
vn 0.966575 -0.256384 0
vn 0.2618895 0.9650978 0
vn 0.2618895 0.9650978 0
vn -0.9858912 0.1637812 -0.03455606
vn -0.2242995 0.9743342 -0.01904019
vn -0.9858912 0.1637812 -0.03455606
vn -0.2242995 0.9743342 -0.01904019
vn -0.7173077 0.6967565 0
vn -0.7173077 0.6967565 0
vn 0.9278237 -0.05872179 0.3683679
vn 0.4423794 0.8965073 0.02398124
vn 0.951313 -0.1918275 0.2412589
vn 0.5285066 -0.8416965 0.1105791
vn 0.8689619 -0.4948791 0
vn 0.9356534 0.01957568 0.3523768
vn 0.9356534 0.01957568 0.3523768
vn 0.4423794 0.8965073 0.02398124
vn 0.951313 -0.1918275 0.2412589
vn 0.9669725 -0.2466357 0.06430446
vn 0.9356534 0.01957568 0.3523768
vn 0.826037 -0.5285066 0.1958153
vn 0.826037 -0.5285066 0.1958153
vn 0.9278237 -0.05872179 0.3683679
vn 0.4423794 0.8965073 0.02398124
vn 0.8808452 -0.4110604 0.2348212
vn 0.8490947 0.5282408 0
vn 0.9631261 -0.2690505 0
vn 0.2525792 -0.9675763 0
vn 0.2525792 -0.9675763 0
vn -0.01957568 -0.9982914 0.05505459
vn -0.01957568 -0.9982914 0.05505459
vn -0.9199966 -0.05872179 0.3875024
vn -0.4345523 0.8965073 0.08624925
vn -0.9434858 -0.1918275 0.2702532
vn -0.5206795 -0.8416965 0.1429681
vn -0.8651884 -0.4971876 0.06521945
vn -0.9278263 0.01957568 0.3724984
vn -0.9278263 0.01957568 0.3724984
vn -0.4345523 0.8965073 0.08624925
vn -0.9434858 -0.1918275 0.2702532
vn -0.9591453 -0.2466357 0.1386041
vn -0.9278263 0.01957568 0.3724984
vn -0.8182099 -0.5285066 0.2263036
vn -0.8182099 -0.5285066 0.2263036
vn -0.9199966 -0.05872179 0.3875024
vn -0.4345523 0.8965073 0.08624925
vn -0.8730181 -0.4110604 0.2624286
vn -0.8416991 0.5285093 0.1105466
vn -0.9591453 -0.270125 0.08409981
vn -0.2452845 -0.9694512 0
vn -0.2452845 -0.9694512 0
vn -0.02740543 -0.2857845 0.957902
vn -0.1761706 -0.5050174 0.8449387
vn -0.4032333 -0.5676554 0.7177537
vn 0.8602285 -0.5099087 0
vn 0.01174331 -0.176168 0.9842901
vn -0.02740543 -0.2857845 0.957902
vn -0.1761706 -0.5050174 0.8449387
vn -0.4032333 -0.5676554 0.7177537
vn -0.50502 -0.5206769 0.688368
vn 0.5441661 0.3014466 0.7829517
vn 0.01174331 -0.176168 0.9842901
vn -0.2231491 -0.09787054 0.9698587
vn -0.3797441 -0.1370193 0.9148881
vn -0.5519985 -0.1057003 0.8271186
vn -0.50502 0.4188928 0.7546414
vn -0.1683409 -0.09004078 0.9816079
vn -0.4580415 -0.5206769 0.7204815
vn -0.4188928 -0.5285066 0.7383831
vn -0.4580415 -0.5206769 0.7204815
vn -0.4188928 -0.5285066 0.7383831
vn 0.9669725 -0.238806 0.08908392
vn 0.9669725 -0.238806 0.08908392
vn 0.316227 -0.9486836 0
vn 0.6289733 -0.777427 0
vn 0.8512579 -0.5247476 0
vn 0.5441661 0.4580415 0.7029091
vn 0.1996572 -0.7712288 0.6044362
vn 0.2525792 -0.9675763 0
vn 0.1839978 -0.003913563 0.9829189
vn 0.1057003 -0.8103775 0.5762949
vn -0.01957568 -0.9982914 -0.05505459
vn 0.3562522 -0.003913563 0.9343817
vn 0.03523255 -0.2857845 0.957646
vn 0.1839978 -0.5050174 0.8432688
vn 0.4110604 -0.5676553 0.7132999
vn -0.8573586 -0.5128471 -0.0438634
vn -0.003916184 -0.176168 0.9843524
vn 0.03523255 -0.2857845 0.957646
vn 0.1839978 -0.5050174 0.8432688
vn 0.4110604 -0.5676553 0.7132999
vn 0.5128471 -0.5206769 0.6825566
vn -0.536339 0.3014466 0.788334
vn -0.003916184 -0.176168 0.9843524
vn 0.2309762 -0.09787054 0.9680245
vn 0.3875712 -0.1370193 0.9115999
vn 0.5598256 -0.1057003 0.8218411
vn 0.5128471 0.4188928 0.7493442
vn 0.176168 -0.09004079 0.9802334
vn 0.4658686 -0.5206769 0.7154453
vn 0.4267199 -0.5285066 0.7338875
vn 0.4658686 -0.5206769 0.7154453
vn 0.4267199 -0.5285066 0.7338875
vn -0.9591453 -0.238806 0.151697
vn -0.9591453 -0.238806 0.151697
vn -0.3091761 -0.9510048 0
vn -0.6224662 -0.7790585 0.07485753
vn -0.8490965 -0.5282377 0
vn -0.536339 0.4580415 0.7088995
vn -0.1918301 -0.7712288 0.6069657
vn -0.2452845 -0.9694512 0
vn -0.1761706 -0.003913563 0.9843519
vn 0.8490947 0.5282408 0
vn 0.8490947 0.5282408 0
vn 0.951313 -0.1918275 0.2412589
vn 0.951313 -0.1918275 0.2412589
vn 0.8808452 -0.4110604 0.2348212
vn 0.9356534 0.01957568 0.3523768
vn 0.238806 -0.9669725 0.08908392
vn -0.4173277 -0.9087561 0
vn 0.8689619 -0.4948791 0
vn 0.9631261 -0.2690505 0
vn -0.8416991 0.5285093 0.1105466
vn -0.8416991 0.5285093 0.1105466
vn -0.9434858 -0.1918275 0.2702532
vn -0.9434858 -0.1918275 0.2702532
vn -0.8730181 -0.4110604 0.2624286
vn -0.9278263 0.01957568 0.3724984
vn -0.2309788 -0.9669725 0.1077637
vn 0.423736 -0.9057857 0
vn -0.8651884 -0.4971876 0.06521945
vn -0.9591453 -0.270125 0.08409981
vn -0.50502 -0.5206769 0.688368
vn -0.3797441 -0.1370193 0.9148881
vn -0.2231491 -0.09787054 0.9698587
vn -0.5519985 -0.1057003 0.8271186
vn -0.1761706 0.7712314 0.6116911
vn -0.1761706 0.7712314 0.6116911
vn -0.50502 0.4188928 0.7546414
vn -0.1683409 -0.09004078 0.9816079
vn -0.4580415 0.8730181 0.1674437
vn -0.4580415 0.8730181 0.1674437
vn 0.8808452 -0.3092737 0.3584152
vn 0.8808452 -0.3092737 0.3584152
vn -0.003916184 -0.9982914 0.0582999
vn 0.4188901 -0.8730155 0.24975
vn 0.9158891 -0.4014315 0
vn 0.9158891 -0.4014315 0
vn 0.9982914 0.03523517 -0.04661221
vn 0.9982914 0.03523517 -0.04661221
vn 0.4658686 -0.8808452 -0.08413129
vn 0.4658686 -0.8808452 -0.08413129
vn 0.9510048 0.3091761 0
vn 0.9510048 0.3091761 0
vn 0.9510048 0.3091761 0
vn 0.9510048 0.3091761 0
vn 0.8512579 -0.5247476 0
vn 0.003913563 -0.003913563 0.9999847
vn 0.1839978 -0.003913563 0.9829189
vn 0.003913563 -0.003913563 0.9999847
vn 0.5441661 0.4580415 0.7029091
vn 0.1996572 -0.7712288 0.6044362
vn 0.5441661 0.3014466 0.7829517
vn 0.3562522 -0.003913563 0.9343817
vn 0.1057003 -0.8103775 0.5762949
vn 0.5128471 -0.5206769 0.6825566
vn 0.3875712 -0.1370193 0.9115999
vn 0.2309762 -0.09787054 0.9680245
vn 0.5598256 -0.1057003 0.8218411
vn 0.1839978 0.7712314 0.6093825
vn 0.5128471 0.4188928 0.7493442
vn 0.1839978 0.7712314 0.6093825
vn 0.176168 -0.09004079 0.9802334
vn 0.4658686 0.8730181 0.1442423
vn 0.4658686 0.8730181 0.1442423
vn -0.8730181 -0.3092737 0.3770798
vn -0.8730181 -0.3092737 0.3770798
vn 0.01174331 -0.9982914 0.05723906
vn -0.411063 -0.8730155 0.2624332
vn -0.9121668 -0.4032307 -0.07318945
vn -0.9121668 -0.4032307 -0.07318945
vn -0.9904643 0.03523517 -0.1331874
vn -0.9904643 0.03523517 -0.1331874
vn -0.4580415 -0.8808452 -0.1196228
vn -0.4580415 -0.8808452 -0.1196228
vn -0.9434858 0.3092763 -0.1190912
vn -0.9434858 0.3092763 -0.1190912
vn -0.9434858 0.3092763 -0.1190912
vn -0.9434858 0.3092763 -0.1190912
vn -0.8490965 -0.5282377 0
vn 0.003913563 -0.003913563 0.9999847
vn 0.003913563 -0.003913563 0.9999847
vn -0.1761706 -0.003913563 0.9843519
vn -0.536339 0.4580415 0.7088995
vn -0.536339 0.3014466 0.788334
vn -0.1918301 -0.7712288 0.6069657
vn 0.9278237 -0.05872179 0.3683679
vn 0.9278237 -0.05872179 0.3683679
vn 0.8808452 -0.4110604 0.2348212
vn 0.8808452 -0.4110604 0.2348212
vn 0.238806 -0.9669725 0.08908392
vn 0.238806 -0.9669725 0.08908392
vn -0.4173277 -0.9087561 0
vn -0.4173277 -0.9087561 0
vn -0.9199966 -0.05872179 0.3875024
vn -0.9199966 -0.05872179 0.3875024
vn -0.8730181 -0.4110604 0.2624286
vn -0.8730181 -0.4110604 0.2624286
vn -0.2309788 -0.9669725 0.1077637
vn -0.2309788 -0.9669725 0.1077637
vn 0.423736 -0.9057857 0
vn 0.423736 -0.9057857 0
vn 0.8689619 -0.4948791 0
vn 0.5338461 -0.8455817 0
vn 0.5519856 0.8338537 0
vn 0.5519856 0.8338537 0
vn 0.5519856 0.8338537 0
vn 0.9254841 0.3787865 0
vn 0.9254841 0.3787865 0
vn 0.9254841 0.3787865 0
vn 0.9871224 -0.1599673 0
vn 0.9871224 -0.1599673 0
vn 0.9158891 -0.4014315 0
vn 0.9158891 -0.4014315 0
vn 0.7868882 -0.6146339 -0.05506464
vn 0.7868882 -0.6146339 -0.05506464
vn 0.9982914 0.03523517 -0.04661221
vn 0.9982914 0.03523517 -0.04661221
vn 0.2927135 -0.9562002 0
vn 0.2927135 -0.9562002 0
vn 0.2927135 -0.9562002 0
vn 0.8689619 -0.4948791 0
vn 0.2525792 -0.9675763 0
vn -0.01957568 -0.9982914 -0.05505459
vn -0.8651884 -0.4971876 0.06521945
vn -0.5282408 -0.8490947 0
vn -0.5441687 0.8338693 0.09242479
vn -0.5441687 0.8338693 0.09242479
vn -0.5441687 0.8338693 0.09242479
vn -0.9199966 0.3797441 0.09695765
vn -0.9199966 0.3797441 0.09695765
vn -0.9199966 0.3797441 0.09695765
vn -0.9826345 -0.1605085 -0.09309336
vn -0.9826345 -0.1605085 -0.09309336
vn -0.9121668 -0.4032307 -0.07318945
vn -0.9121668 -0.4032307 -0.07318945
vn -0.7790611 -0.6146339 -0.1236485
vn -0.7790611 -0.6146339 -0.1236485
vn -0.9904643 0.03523517 -0.1331874
vn -0.9904643 0.03523517 -0.1331874
vn -0.2855546 -0.9583625 0
vn -0.2855546 -0.9583625 0
vn -0.2855546 -0.9583625 0
vn -0.8651884 -0.4971876 0.06521945
vn -0.2452845 -0.9694512 0
vn -0.3484251 -0.003913563 0.9373285
vn -0.3484251 -0.003913563 0.9373285
vn -0.09787315 -0.8103775 0.5776757
vn -0.09787315 -0.8103775 0.5776757
vn -0.5409464 0.8410556 -0.001548558
vn -0.5409464 0.8410556 -0.001548558
vn -0.5409464 0.8410556 -0.001548558
vn -0.5409464 0.8410556 -0.001548558
vn 0.5348302 -0.8449581 -0.001548574
vn 0.5348302 -0.8449581 -0.001548574
vn 0.5348302 -0.8449581 -0.001548574
vn 0.5348302 -0.8449581 -0.001548574
vn 0.8430123 0.5378917 -0.001674069
vn 0.8430123 0.5378917 -0.001674069
vn 0.8430123 0.5378917 -0.001674069
vn 0.8430123 0.5378917 -0.001674069
vn -0.30845 0.9512393 -0.001556807
vn -0.30845 0.9512393 -0.001556807
vn -0.007744006 -0.004941116 -0.9999578
vn -0.2034381 -0.9790865 -0.001610955
vn 0.2850441 0.958513 -0.001621465
vn 0.2850441 0.958513 -0.001621465
vn 0.7253292 0.6884001 -0.001669705
vn 0.7253292 0.6884001 -0.001669705
vn 0.5348302 -0.8449581 -0.001548574
vn 0.5348302 -0.8449581 -0.001548574
vn 0.5348302 -0.8449581 -0.001548574
vn 0.5348302 -0.8449581 -0.001548574
vn -0.5409464 0.8410556 -0.001548558
vn -0.5409464 0.8410556 -0.001548558
vn -0.5409464 0.8410556 -0.001548558
vn -0.5409464 0.8410556 -0.001548558
vn 0.8430123 0.5378917 -0.001674069
vn 0.8430123 0.5378917 -0.001674069
vn 0.8430123 0.5378917 -0.001674069
vn 0.8430123 0.5378917 -0.001674069
vn 0.7430286 -0.6692579 -0.001557816
vn 0.7430286 -0.6692579 -0.001557816
vn -0.007744006 -0.004941116 -0.9999578
vn -0.9736519 0.2280334 -0.001610944
vn 0.9943178 -0.1064406 -0.001626279
vn 0.9943178 -0.1064406 -0.001626279
vn 0.9299235 0.367749 -0.001669708
vn 0.9299235 0.367749 -0.001669708
vn -0.007744006 -0.004941116 -0.9999578
vn -0.007744006 -0.004941116 -0.9999578
vn -0.00774399 -0.004941141 0.9999578
vn -0.00774399 -0.004941141 0.9999578
vn -0.00774399 -0.004941141 0.9999578
vn -0.00774399 -0.004941141 0.9999578
vn 0.8430123 0.5378917 -0.001674069
vn 0.8430123 0.5378917 -0.001674069
vn 0.8430123 0.5378917 -0.001674069
vn -0.5409464 0.8410556 -0.001548558
vn -0.5409464 0.8410556 -0.001548558
vn -0.007744006 -0.004941116 -0.9999578
vn -0.007744006 -0.004941116 -0.9999578
vn -0.007744006 -0.004941116 -0.9999578
vn 0.5100796 -0.8601259 -0.001548712
vn -0.2034381 -0.9790865 -0.001610955
vn 0.5100796 -0.8601259 -0.001548712
vn -0.00774399 -0.004941141 0.9999578
vn -0.00774399 -0.004941141 0.9999578
vn -0.00774399 -0.004941141 0.9999578
vn -0.00774399 -0.004941141 0.9999578
vn -0.007744006 -0.004941116 -0.9999578
vn -0.00774399 -0.004941141 0.9999578
vn -0.007744006 -0.004941116 -0.9999578
vn -0.00774399 -0.004941141 0.9999578
vn -0.007744006 -0.004941116 -0.9999578
vn -0.007744006 -0.004941116 -0.9999578
vn -0.007744006 -0.004941116 -0.9999578
vn -0.007744006 -0.004941116 -0.9999578
vn -0.00774399 -0.004941141 0.9999578
vn -0.00774399 -0.004941141 0.9999578
vn -0.00774399 -0.004941141 0.9999578
vn -0.00774399 -0.004941141 0.9999578
vn 0.8430123 0.5378917 -0.001674069
vn 0.8430123 0.5378917 -0.001674069
vn 0.8430123 0.5378917 -0.001674069
vn 0.5348302 -0.8449581 -0.001548574
vn 0.5348302 -0.8449581 -0.001548574
vn -0.007744006 -0.004941116 -0.9999578
vn -0.007744006 -0.004941116 -0.9999578
vn -0.007744006 -0.004941116 -0.9999578
vn -0.571107 0.8208742 -0.001548764
vn -0.571107 0.8208742 -0.001548764
vn -0.9736519 0.2280334 -0.001610944
vn -0.00774399 -0.004941141 0.9999578
vn -0.00774399 -0.004941141 0.9999578
vn -0.00774399 -0.004941141 0.9999578
vn -0.00774399 -0.004941141 0.9999578
vn -0.007744006 -0.004941116 -0.9999578
vn -0.00774399 -0.004941141 0.9999578
vn -0.007744006 -0.004941116 -0.9999578
vn -0.00774399 -0.004941141 0.9999578
vn -0.007744006 -0.004941116 -0.9999578
vn -0.007744006 -0.004941116 -0.9999578
vn 0.8430123 0.5378917 -0.001674069
vn 0.8430123 0.5378917 -0.001674069
vn -0.7137562 -0.700388 -0.002957009
vn -0.7137562 -0.700388 -0.002957009
vn -0.7137562 -0.700388 -0.002957009
vn -0.7137562 -0.700388 -0.002957009
vn 0.7232956 0.6905322 -0.002957223
vn 0.7232956 0.6905322 -0.002957223
vn 0.7232956 0.6905322 -0.002957223
vn 0.7232956 0.6905322 -0.002957223
vn -0.6954784 0.718545 -0.001690796
vn -0.6954784 0.718545 -0.001690796
vn -0.6954784 0.718545 -0.001690796
vn -0.6954784 0.718545 -0.001690796
vn -0.9516529 -0.3071632 -0.002756562
vn -0.9516529 -0.3071632 -0.002756562
vn 0.006324994 -0.006534987 -0.9999586
vn 0.9539353 -0.3000054 -0.002048854
vn -0.9315637 0.3635727 -0.001969698
vn -0.9315637 0.3635727 -0.001969698
vn -0.7650972 0.6439126 -0.001708785
vn -0.7650972 0.6439126 -0.001708785
vn 0.7232956 0.6905322 -0.002957223
vn 0.7232956 0.6905322 -0.002957223
vn 0.7232956 0.6905322 -0.002957223
vn 0.7232956 0.6905322 -0.002957223
vn -0.7137562 -0.700388 -0.002957009
vn -0.7137562 -0.700388 -0.002957009
vn -0.7137562 -0.700388 -0.002957009
vn -0.7137562 -0.700388 -0.002957009
vn -0.6954784 0.718545 -0.001690796
vn -0.6954784 0.718545 -0.001690796
vn -0.6954784 0.718545 -0.001690796
vn -0.6954784 0.718545 -0.001690796
vn 0.3147577 0.9491681 -0.002735461
vn 0.3147577 0.9491681 -0.002735461
vn 0.006324994 -0.006534987 -0.9999586
vn 0.2687315 -0.963213 -0.002048751
vn -0.3605959 0.9327202 -0.001937079
vn -0.3605959 0.9327202 -0.001937079
vn -0.6186149 0.7856925 -0.001708807
vn -0.6186149 0.7856925 -0.001708807
vn 0.006324994 -0.006534987 -0.9999586
vn 0.006324994 -0.006534987 -0.9999586
vn 0.006325209 -0.006534779 0.9999586
vn 0.006325209 -0.006534779 0.9999586
vn 0.006325209 -0.006534779 0.9999586
vn 0.006325209 -0.006534779 0.9999586
vn -0.6954784 0.718545 -0.001690796
vn -0.6954784 0.718545 -0.001690796
vn -0.6954784 0.718545 -0.001690796
vn -0.7137562 -0.700388 -0.002957009
vn -0.7137562 -0.700388 -0.002957009
vn 0.006324994 -0.006534987 -0.9999586
vn 0.006324994 -0.006534987 -0.9999586
vn 0.006324994 -0.006534987 -0.9999586
vn 0.7600496 0.6498584 -0.002953492
vn 0.9539353 -0.3000054 -0.002048854
vn 0.7600496 0.6498584 -0.002953492
vn 0.006325209 -0.006534779 0.9999586
vn 0.006325209 -0.006534779 0.9999586
vn 0.006325209 -0.006534779 0.9999586
vn 0.006325209 -0.006534779 0.9999586
vn 0.006324994 -0.006534987 -0.9999586
vn 0.006325209 -0.006534779 0.9999586
vn 0.006324994 -0.006534987 -0.9999586
vn 0.006325209 -0.006534779 0.9999586
vn 0.006324994 -0.006534987 -0.9999586
vn 0.006324994 -0.006534987 -0.9999586
vn 0.006324994 -0.006534987 -0.9999586
vn 0.006324994 -0.006534987 -0.9999586
vn 0.006325209 -0.006534779 0.9999586
vn 0.006325209 -0.006534779 0.9999586
vn 0.006325209 -0.006534779 0.9999586
vn 0.006325209 -0.006534779 0.9999586
vn -0.6954784 0.718545 -0.001690796
vn -0.6954784 0.718545 -0.001690796
vn -0.6954784 0.718545 -0.001690796
vn 0.7232956 0.6905322 -0.002957223
vn 0.7232956 0.6905322 -0.002957223
vn 0.006324994 -0.006534987 -0.9999586
vn 0.006324994 -0.006534987 -0.9999586
vn 0.006324994 -0.006534987 -0.9999586
vn -0.6641353 -0.7476066 -0.002951416
vn -0.6641353 -0.7476066 -0.002951416
vn 0.2687315 -0.963213 -0.002048751
vn 0.006325209 -0.006534779 0.9999586
vn 0.006325209 -0.006534779 0.9999586
vn 0.006325209 -0.006534779 0.9999586
vn 0.006325209 -0.006534779 0.9999586
vn 0.006324994 -0.006534987 -0.9999586
vn 0.006325209 -0.006534779 0.9999586
vn 0.006324994 -0.006534987 -0.9999586
vn 0.006325209 -0.006534779 0.9999586
vn 0.006324994 -0.006534987 -0.9999586
vn 0.006324994 -0.006534987 -0.9999586
vn -0.6954784 0.718545 -0.001690796
vn -0.6954784 0.718545 -0.001690796
vn -0.9858506 -0.1653357 -0.02761794
vn -0.6143026 0.7889208 -0.01536954
vn -0.9858506 -0.1653357 -0.02761794
vn -0.6143026 0.7889208 -0.01536954
vn -0.9275411 0.3737212 0
vn -0.9275411 0.3737212 0
vn 0.006571331 -0.005783043 -0.9999617
vn 0.006571331 -0.005783043 -0.9999617
vn 0.006571331 -0.005783043 -0.9999617
vn 0.006571331 -0.005783043 -0.9999617
vn 0.006571331 -0.005783043 0.9999617
vn 0.006571331 -0.005783043 0.9999617
vn 0.006571331 -0.005783043 0.9999617
vn 0.006571331 -0.005783043 0.9999617
vn 0.2620153 0.9650637 0
vn 0.2620153 0.9650637 0
vn 0.2620153 0.9650637 0
vn 0.2620153 0.9650637 0
vn 0.07640512 0.2596303 -0.9626808
vn 0.07640512 0.2596303 -0.9626808
vn 0.9665835 -0.2563519 0
vn -0.1770093 -0.7035123 0.6882864
vn 0.2061209 0.7526309 -0.6253487
vn 0.2061209 0.7526309 -0.6253487
vn 0.2580242 0.9498949 -0.1764175
vn 0.2580242 0.9498949 -0.1764175
vn 0.006571331 -0.005783043 0.9999617
vn 0.006571331 -0.005783043 0.9999617
vn 0.006571331 -0.005783043 0.9999617
vn 0.006571331 -0.005783043 0.9999617
vn 0.006571331 -0.005783043 -0.9999617
vn 0.006571331 -0.005783043 -0.9999617
vn 0.006571331 -0.005783043 -0.9999617
vn 0.006571331 -0.005783043 -0.9999617
vn 0.2620153 0.9650637 0
vn 0.2620153 0.9650637 0
vn 0.2620153 0.9650637 0
vn 0.2620153 0.9650637 0
vn 0.08039578 0.2747973 0.9581352
vn 0.08039578 0.2747973 0.9581352
vn 0.9665835 -0.2563519 0
vn -0.1770093 -0.7035123 -0.6882864
vn 0.2121091 0.7753897 0.5947945
vn 0.2121091 0.7753897 0.5947945
vn 0.2580242 0.9498949 0.1764175
vn 0.2580242 0.9498949 0.1764175
vn 0.9665835 -0.2563519 0
vn 0.9665835 -0.2563519 0
vn -0.9675832 0.2525523 0
vn -0.9675832 0.2525523 0
vn -0.9675832 0.2525523 0
vn -0.9675832 0.2525523 0
vn 0.2620153 0.9650637 0
vn 0.2620153 0.9650637 0
vn 0.2620153 0.9650637 0
vn 0.006571331 -0.005783043 -0.9999617
vn 0.006571331 -0.005783043 -0.9999617
vn 0.9665835 -0.2563519 0
vn 0.9665835 -0.2563519 0
vn 0.9665835 -0.2563519 0
vn -0.001409531 -0.03611552 0.9993466
vn -0.1770093 -0.7035123 0.6882864
vn -0.001409531 -0.03611552 0.9993466
vn -0.9675832 0.2525523 0
vn -0.9675832 0.2525523 0
vn -0.9675832 0.2525523 0
vn -0.9675832 0.2525523 0
vn 0.9665835 -0.2563519 0
vn -0.9675832 0.2525523 0
vn 0.9665835 -0.2563519 0
vn -0.9675832 0.2525523 0
vn 0.9665835 -0.2563519 0
vn 0.9665835 -0.2563519 0
vn 0.9665835 -0.2563519 0
vn 0.9665835 -0.2563519 0
vn -0.9675832 0.2525523 0
vn -0.9675832 0.2525523 0
vn -0.9675832 0.2525523 0
vn -0.9675832 0.2525523 0
vn 0.2620153 0.9650637 0
vn 0.2620153 0.9650637 0
vn 0.2620153 0.9650637 0
vn 0.006571331 -0.005783043 0.9999617
vn 0.006571331 -0.005783043 0.9999617
vn 0.9665835 -0.2563519 0
vn 0.9665835 -0.2563519 0
vn 0.9665835 -0.2563519 0
vn -0.003404748 -0.04369864 -0.9990389
vn -0.003404748 -0.04369864 -0.9990389
vn -0.1770093 -0.7035123 -0.6882864
vn -0.9675832 0.2525523 0
vn -0.9675832 0.2525523 0
vn -0.9675832 0.2525523 0
vn -0.9675832 0.2525523 0
vn 0.9665835 -0.2563519 0
vn -0.9675832 0.2525523 0
vn 0.9665835 -0.2563519 0
vn -0.9675832 0.2525523 0
vn 0.9665835 -0.2563519 0
vn 0.9665835 -0.2563519 0
vn 0.2620153 0.9650637 0
vn 0.2620153 0.9650637 0
vn -0.5275917 0.8494968 -0.001438931
vn -0.5275917 0.8494968 -0.001438931
vn -0.5275917 0.8494968 -0.001438931
vn -0.5275917 0.8494968 -0.001438931
vn 0.5206029 -0.8537977 -0.00143836
vn 0.5206029 -0.8537977 -0.00143836
vn 0.5206029 -0.8537977 -0.00143836
vn 0.5206029 -0.8537977 -0.00143836
vn 0.8222736 0.5690907 -0.001373011
vn 0.8222736 0.5690907 -0.001373011
vn 0.8222736 0.5690907 -0.001373011
vn 0.8222736 0.5690907 -0.001373011
vn -0.2665953 0.9638075 -0.001413066
vn -0.2665953 0.9638075 -0.001413066
vn -0.00920964 -0.006373527 -0.9999373
vn -0.2511852 -0.9679381 -0.00136693
vn 0.32647 0.9452066 -0.001362702
vn 0.32647 0.9452066 -0.001362702
vn 0.7157965 0.6983075 -0.001362814
vn 0.7157965 0.6983075 -0.001362814
vn 0.5206029 -0.8537977 -0.00143836
vn 0.5206029 -0.8537977 -0.00143836
vn 0.5206029 -0.8537977 -0.00143836
vn 0.5206029 -0.8537977 -0.00143836
vn -0.5275917 0.8494968 -0.001438931
vn -0.5275917 0.8494968 -0.001438931
vn -0.5275917 0.8494968 -0.001438931
vn -0.5275917 0.8494968 -0.001438931
vn 0.8222736 0.5690907 -0.001373011
vn 0.8222736 0.5690907 -0.001373011
vn 0.8222736 0.5690907 -0.001373011
vn 0.8222736 0.5690907 -0.001373011
vn 0.7575207 -0.6528095 -0.001455404
vn 0.7575207 -0.6528095 -0.001455404
vn -0.00920964 -0.006373527 -0.9999373
vn -0.9880875 0.1538867 -0.001442011
vn 0.9996344 -0.02700079 -0.001431923
vn 0.9996344 -0.02700079 -0.001431923
vn 0.906987 0.4211564 -0.001387373
vn 0.906987 0.4211564 -0.001387373
vn -0.00920964 -0.006373527 -0.9999373
vn -0.00920964 -0.006373527 -0.9999373
vn -0.009209285 -0.006374103 0.9999373
vn -0.009209285 -0.006374103 0.9999373
vn -0.009209285 -0.006374103 0.9999373
vn -0.009209285 -0.006374103 0.9999373
vn 0.8222736 0.5690907 -0.001373011
vn 0.8222736 0.5690907 -0.001373011
vn 0.8222736 0.5690907 -0.001373011
vn -0.5275917 0.8494968 -0.001438931
vn -0.5275917 0.8494968 -0.001438931
vn -0.00920964 -0.006373527 -0.9999373
vn -0.00920964 -0.006373527 -0.9999373
vn -0.00920964 -0.006373527 -0.9999373
vn 0.4923593 -0.8703908 -0.001435744
vn -0.2511852 -0.9679381 -0.00136693
vn 0.4923593 -0.8703908 -0.001435744
vn -0.009209285 -0.006374103 0.9999373
vn -0.009209285 -0.006374103 0.9999373
vn -0.009209285 -0.006374103 0.9999373
vn -0.009209285 -0.006374103 0.9999373
vn -0.00920964 -0.006373527 -0.9999373
vn -0.009209285 -0.006374103 0.9999373
vn -0.00920964 -0.006373527 -0.9999373
vn -0.009209285 -0.006374103 0.9999373
vn -0.00920964 -0.006373527 -0.9999373
vn -0.00920964 -0.006373527 -0.9999373
vn -0.00920964 -0.006373527 -0.9999373
vn -0.00920964 -0.006373527 -0.9999373
vn -0.009209285 -0.006374103 0.9999373
vn -0.009209285 -0.006374103 0.9999373
vn -0.009209285 -0.006374103 0.9999373
vn -0.009209285 -0.006374103 0.9999373
vn 0.8222736 0.5690907 -0.001373011
vn 0.8222736 0.5690907 -0.001373011
vn 0.8222736 0.5690907 -0.001373011
vn 0.5206029 -0.8537977 -0.00143836
vn 0.5206029 -0.8537977 -0.00143836
vn -0.00920964 -0.006373527 -0.9999373
vn -0.00920964 -0.006373527 -0.9999373
vn -0.00920964 -0.006373527 -0.9999373
vn -0.5620931 0.8270727 -0.001441985
vn -0.5620931 0.8270727 -0.001441985
vn -0.9880875 0.1538867 -0.001442011
vn -0.009209285 -0.006374103 0.9999373
vn -0.009209285 -0.006374103 0.9999373
vn -0.009209285 -0.006374103 0.9999373
vn -0.009209285 -0.006374103 0.9999373
vn -0.00920964 -0.006373527 -0.9999373
vn -0.009209285 -0.006374103 0.9999373
vn -0.00920964 -0.006373527 -0.9999373
vn -0.009209285 -0.006374103 0.9999373
vn -0.00920964 -0.006373527 -0.9999373
vn -0.00920964 -0.006373527 -0.9999373
vn 0.8222736 0.5690907 -0.001373011
vn 0.8222736 0.5690907 -0.001373011
vn -0.5412847 0.8408382 -0.001411883
vn -0.5412847 0.8408382 -0.001411883
vn -0.5412847 0.8408382 -0.001411883
vn -0.5412847 0.8408382 -0.001411883
vn 0.5344904 -0.8451734 -0.001411899
vn 0.5344904 -0.8451734 -0.001411899
vn 0.5344904 -0.8451734 -0.001411899
vn 0.5344904 -0.8451734 -0.001411899
vn 0.8430126 0.5378919 -0.00137399
vn 0.8430126 0.5378919 -0.00137399
vn 0.8430126 0.5378919 -0.00137399
vn 0.8430126 0.5378919 -0.00137399
vn -0.2828431 0.9591652 -0.001409005
vn -0.2828431 0.9591652 -0.001409005
vn -0.009435122 -0.006020149 -0.9999374
vn -0.2545626 -0.9670553 -0.001391552
vn 0.3340576 0.9425516 -0.001388446
vn 0.3340576 0.9425516 -0.001388446
vn 0.7380748 0.6747174 -0.001375132
vn 0.7380748 0.6747174 -0.001375132
vn 0.5344904 -0.8451734 -0.001411899
vn 0.5344904 -0.8451734 -0.001411899
vn 0.5344904 -0.8451734 -0.001411899
vn 0.5344904 -0.8451734 -0.001411899
vn -0.5412847 0.8408382 -0.001411883
vn -0.5412847 0.8408382 -0.001411883
vn -0.5412847 0.8408382 -0.001411883
vn -0.5412847 0.8408382 -0.001411883
vn 0.8430126 0.5378919 -0.00137399
vn 0.8430126 0.5378919 -0.00137399
vn 0.8430126 0.5378919 -0.00137399
vn 0.8430126 0.5378919 -0.00137399
vn 0.7616283 -0.6480125 -0.001408678
vn 0.7616283 -0.6480125 -0.001408678
vn -0.009435122 -0.006020149 -0.9999374
vn -0.9842819 0.1765992 -0.001391541
vn 0.9984296 -0.05600353 -0.001387058
vn 0.9984296 -0.05600353 -0.001387058
vn 0.922885 0.3850732 -0.001375135
vn 0.922885 0.3850732 -0.001375135
vn -0.009435122 -0.006020149 -0.9999374
vn -0.009435122 -0.006020149 -0.9999374
vn -0.009435106 -0.006020174 0.9999374
vn -0.009435106 -0.006020174 0.9999374
vn -0.009435106 -0.006020174 0.9999374
vn -0.009435106 -0.006020174 0.9999374
vn 0.8430126 0.5378919 -0.00137399
vn 0.8430126 0.5378919 -0.00137399
vn 0.8430126 0.5378919 -0.00137399
vn -0.5412847 0.8408382 -0.001411883
vn -0.5412847 0.8408382 -0.001411883
vn -0.009435122 -0.006020149 -0.9999374
vn -0.009435122 -0.006020149 -0.9999374
vn -0.009435122 -0.006020149 -0.9999374
vn 0.5069647 -0.8619657 -0.00141185
vn -0.2545626 -0.9670553 -0.001391552
vn 0.5069647 -0.8619657 -0.00141185
vn -0.009435106 -0.006020174 0.9999374
vn -0.009435106 -0.006020174 0.9999374
vn -0.009435106 -0.006020174 0.9999374
vn -0.009435106 -0.006020174 0.9999374
vn -0.009435122 -0.006020149 -0.9999374
vn -0.009435106 -0.006020174 0.9999374
vn -0.009435122 -0.006020149 -0.9999374
vn -0.009435106 -0.006020174 0.9999374
vn -0.009435122 -0.006020149 -0.9999374
vn -0.009435122 -0.006020149 -0.9999374
vn -0.009435122 -0.006020149 -0.9999374
vn -0.009435122 -0.006020149 -0.9999374
vn -0.009435106 -0.006020174 0.9999374
vn -0.009435106 -0.006020174 0.9999374
vn -0.009435106 -0.006020174 0.9999374
vn -0.009435106 -0.006020174 0.9999374
vn 0.8430126 0.5378919 -0.00137399
vn 0.8430126 0.5378919 -0.00137399
vn 0.8430126 0.5378919 -0.00137399
vn 0.5344904 -0.8451734 -0.001411899
vn 0.5344904 -0.8451734 -0.001411899
vn -0.009435122 -0.006020149 -0.9999374
vn -0.009435122 -0.006020149 -0.9999374
vn -0.009435122 -0.006020149 -0.9999374
vn -0.57473 0.8183419 -0.001411809
vn -0.57473 0.8183419 -0.001411809
vn -0.9842819 0.1765992 -0.001391541
vn -0.009435106 -0.006020174 0.9999374
vn -0.009435106 -0.006020174 0.9999374
vn -0.009435106 -0.006020174 0.9999374
vn -0.009435106 -0.006020174 0.9999374
vn -0.009435122 -0.006020149 -0.9999374
vn -0.009435106 -0.006020174 0.9999374
vn -0.009435122 -0.006020149 -0.9999374
vn -0.009435106 -0.006020174 0.9999374
vn -0.009435122 -0.006020149 -0.9999374
vn -0.009435122 -0.006020149 -0.9999374
vn 0.8430126 0.5378919 -0.00137399
vn 0.8430126 0.5378919 -0.00137399
g Combined Mesh (root: scene)_0
f 3/3/3 4/4/4 2/2/2
f 1/1/1 3/3/3 2/2/2
g Combined Mesh (root: scene)_1
f 8/8/8 5/5/5 6/6/6
f 7/7/7 5/5/5 8/8/8
f 10/10/10 13/13/13 14/14/14
f 9/9/9 13/13/13 10/10/10
f 12/12/12 15/15/15 16/16/16
f 11/11/11 15/15/15 12/12/12
f 18/18/18 17/17/17 19/19/19
f 20/20/20 17/17/17 18/18/18
f 22/22/22 21/21/21 23/23/23
f 24/24/24 21/21/21 22/22/22
f 26/26/26 25/25/25 27/27/27
f 28/28/28 25/25/25 26/26/26
g Combined Mesh (root: scene)_2
f 32/32/32 29/29/29 30/30/30
f 31/31/31 29/29/29 32/32/32
f 34/34/34 37/37/37 38/38/38
f 33/33/33 37/37/37 34/34/34
f 36/36/36 39/39/39 40/40/40
f 35/35/35 39/39/39 36/36/36
f 42/42/42 41/41/41 43/43/43
f 44/44/44 41/41/41 42/42/42
f 46/46/46 45/45/45 47/47/47
f 48/48/48 45/45/45 46/46/46
f 50/50/50 49/49/49 51/51/51
f 52/52/52 49/49/49 50/50/50
g Combined Mesh (root: scene)_3
f 56/56/56 53/53/53 54/54/54
f 55/55/55 53/53/53 56/56/56
f 58/58/58 61/61/61 62/62/62
f 57/57/57 61/61/61 58/58/58
f 60/60/60 63/63/63 64/64/64
f 59/59/59 63/63/63 60/60/60
f 66/66/66 65/65/65 67/67/67
f 68/68/68 65/65/65 66/66/66
f 70/70/70 69/69/69 71/71/71
f 72/72/72 69/69/69 70/70/70
f 74/74/74 73/73/73 75/75/75
f 76/76/76 73/73/73 74/74/74
g Combined Mesh (root: scene)_4
f 83/83/83 82/82/82 84/84/84
f 78/78/78 82/82/82 83/83/83
f 80/80/80 78/78/78 83/83/83
f 77/77/77 78/78/78 80/80/80
f 79/79/79 77/77/77 80/80/80
f 82/82/82 77/77/77 81/81/81
f 78/78/78 77/77/77 82/82/82
f 80/80/80 83/83/83 85/85/85
g Combined Mesh (root: scene)_5
f 89/89/89 86/86/86 88/88/88
f 87/87/87 86/86/86 89/89/89
f 93/93/93 90/90/90 92/92/92
f 91/91/91 90/90/90 93/93/93
f 178/178/178 126/126/126 127/127/127
f 179/179/179 126/126/126 178/178/178
f 129/129/129 128/128/128 130/130/130
f 131/131/131 128/128/128 129/129/129
f 105/105/105 104/104/104 124/124/124
f 102/102/102 104/104/104 105/105/105
f 103/103/103 102/102/102 105/105/105
f 98/98/98 102/102/102 103/103/103
f 99/99/99 98/98/98 103/103/103
f 135/135/135 98/98/98 99/99/99
f 136/136/136 135/135/135 99/99/99
f 100/100/100 138/138/138 147/147/147
f 137/137/137 138/138/138 100/100/100
f 139/139/139 137/137/137 100/100/100
f 101/101/101 141/141/141 169/169/169
f 140/140/140 141/141/141 101/101/101
f 142/142/142 140/140/140 101/101/101
f 145/145/145 150/150/150 148/148/148
f 144/144/144 145/145/145 148/148/148
f 143/143/143 145/145/145 144/144/144
f 146/146/146 143/143/143 144/144/144
f 109/109/109 106/106/106 107/107/107
f 108/108/108 106/106/106 109/109/109
f 113/113/113 110/110/110 111/111/111
f 112/112/112 110/110/110 113/113/113
f 152/152/152 151/151/151 153/153/153
f 154/154/154 151/151/151 152/152/152
f 156/156/156 155/155/155 157/157/157
f 158/158/158 155/155/155 156/156/156
f 119/119/119 162/162/162 163/163/163
f 118/118/118 162/162/162 119/119/119
f 123/123/123 118/118/118 119/119/119
f 122/122/122 118/118/118 123/123/123
f 125/125/125 122/122/122 123/123/123
f 124/124/124 122/122/122 125/125/125
f 105/105/105 124/124/124 125/125/125
f 120/120/120 164/164/164 165/165/165
f 166/166/166 164/164/164 120/120/120
f 174/174/174 166/166/166 120/120/120
f 121/121/121 167/167/167 168/168/168
f 169/169/169 167/167/167 121/121/121
f 101/101/101 169/169/169 121/121/121
f 173/173/173 175/175/175 177/177/177
f 171/171/171 175/175/175 173/173/173
f 170/170/170 171/171/171 173/173/173
f 172/172/172 171/171/171 170/170/170
f 180/180/180 94/94/94 132/132/132
f 97/97/97 94/94/94 180/180/180
f 134/134/134 97/97/97 180/180/180
f 96/96/96 97/97/97 134/134/134
f 133/133/133 96/96/96 134/134/134
f 95/95/95 96/96/96 133/133/133
f 132/132/132 95/95/95 133/133/133
f 94/94/94 95/95/95 132/132/132
f 176/176/176 174/174/174 120/120/120
f 100/100/100 176/176/176 120/120/120
f 149/149/149 176/176/176 100/100/100
f 147/147/147 149/149/149 100/100/100
f 114/114/114 181/181/181 115/115/115
f 161/161/161 181/181/181 114/114/114
f 117/117/117 161/161/161 114/114/114
f 160/160/160 161/161/161 117/117/117
f 116/116/116 160/160/160 117/117/117
f 159/159/159 160/160/160 116/116/116
f 115/115/115 159/159/159 116/116/116
f 181/181/181 159/159/159 115/115/115
f 150/150/150 173/173/173 177/177/177
f 145/145/145 173/173/173 150/150/150
g Combined Mesh (root: scene)_6
f 185/185/185 182/182/182 184/184/184
f 183/183/183 182/182/182 185/185/185
f 189/189/189 186/186/186 188/188/188
f 187/187/187 186/186/186 189/189/189
f 274/274/274 222/222/222 223/223/223
f 275/275/275 222/222/222 274/274/274
f 225/225/225 224/224/224 226/226/226
f 227/227/227 224/224/224 225/225/225
f 201/201/201 200/200/200 220/220/220
f 198/198/198 200/200/200 201/201/201
f 199/199/199 198/198/198 201/201/201
f 194/194/194 198/198/198 199/199/199
f 195/195/195 194/194/194 199/199/199
f 231/231/231 194/194/194 195/195/195
f 232/232/232 231/231/231 195/195/195
f 196/196/196 234/234/234 243/243/243
f 233/233/233 234/234/234 196/196/196
f 235/235/235 233/233/233 196/196/196
f 197/197/197 237/237/237 265/265/265
f 236/236/236 237/237/237 197/197/197
f 238/238/238 236/236/236 197/197/197
f 241/241/241 246/246/246 244/244/244
f 240/240/240 241/241/241 244/244/244
f 239/239/239 241/241/241 240/240/240
f 242/242/242 239/239/239 240/240/240
f 205/205/205 202/202/202 203/203/203
f 204/204/204 202/202/202 205/205/205
f 209/209/209 206/206/206 207/207/207
f 208/208/208 206/206/206 209/209/209
f 248/248/248 247/247/247 249/249/249
f 250/250/250 247/247/247 248/248/248
f 252/252/252 251/251/251 253/253/253
f 254/254/254 251/251/251 252/252/252
f 215/215/215 258/258/258 259/259/259
f 214/214/214 258/258/258 215/215/215
f 219/219/219 214/214/214 215/215/215
f 218/218/218 214/214/214 219/219/219
f 221/221/221 218/218/218 219/219/219
f 220/220/220 218/218/218 221/221/221
f 201/201/201 220/220/220 221/221/221
f 216/216/216 260/260/260 261/261/261
f 262/262/262 260/260/260 216/216/216
f 270/270/270 262/262/262 216/216/216
f 217/217/217 263/263/263 264/264/264
f 265/265/265 263/263/263 217/217/217
f 197/197/197 265/265/265 217/217/217
f 269/269/269 271/271/271 273/273/273
f 267/267/267 271/271/271 269/269/269
f 266/266/266 267/267/267 269/269/269
f 268/268/268 267/267/267 266/266/266
f 276/276/276 190/190/190 228/228/228
f 193/193/193 190/190/190 276/276/276
f 230/230/230 193/193/193 276/276/276
f 192/192/192 193/193/193 230/230/230
f 229/229/229 192/192/192 230/230/230
f 191/191/191 192/192/192 229/229/229
f 228/228/228 191/191/191 229/229/229
f 190/190/190 191/191/191 228/228/228
f 272/272/272 270/270/270 216/216/216
f 196/196/196 272/272/272 216/216/216
f 245/245/245 272/272/272 196/196/196
f 243/243/243 245/245/245 196/196/196
f 210/210/210 277/277/277 211/211/211
f 257/257/257 277/277/277 210/210/210
f 213/213/213 257/257/257 210/210/210
f 256/256/256 257/257/257 213/213/213
f 212/212/212 256/256/256 213/213/213
f 255/255/255 256/256/256 212/212/212
f 211/211/211 255/255/255 212/212/212
f 277/277/277 255/255/255 211/211/211
f 246/246/246 269/269/269 273/273/273
f 241/241/241 269/269/269 246/246/246
g Combined Mesh (root: scene)_7
f 281/281/281 278/278/278 280/280/280
f 279/279/279 278/278/278 281/281/281
f 285/285/285 282/282/282 284/284/284
f 283/283/283 282/282/282 285/285/285
f 370/370/370 318/318/318 319/319/319
f 371/371/371 318/318/318 370/370/370
f 321/321/321 320/320/320 322/322/322
f 323/323/323 320/320/320 321/321/321
f 297/297/297 296/296/296 316/316/316
f 294/294/294 296/296/296 297/297/297
f 295/295/295 294/294/294 297/297/297
f 290/290/290 294/294/294 295/295/295
f 291/291/291 290/290/290 295/295/295
f 327/327/327 290/290/290 291/291/291
f 328/328/328 327/327/327 291/291/291
f 292/292/292 330/330/330 339/339/339
f 329/329/329 330/330/330 292/292/292
f 331/331/331 329/329/329 292/292/292
f 293/293/293 333/333/333 361/361/361
f 332/332/332 333/333/333 293/293/293
f 334/334/334 332/332/332 293/293/293
f 337/337/337 342/342/342 340/340/340
f 336/336/336 337/337/337 340/340/340
f 335/335/335 337/337/337 336/336/336
f 338/338/338 335/335/335 336/336/336
f 301/301/301 298/298/298 299/299/299
f 300/300/300 298/298/298 301/301/301
f 305/305/305 302/302/302 303/303/303
f 304/304/304 302/302/302 305/305/305
f 344/344/344 343/343/343 345/345/345
f 346/346/346 343/343/343 344/344/344
f 348/348/348 347/347/347 349/349/349
f 350/350/350 347/347/347 348/348/348
f 311/311/311 354/354/354 355/355/355
f 310/310/310 354/354/354 311/311/311
f 315/315/315 310/310/310 311/311/311
f 314/314/314 310/310/310 315/315/315
f 317/317/317 314/314/314 315/315/315
f 316/316/316 314/314/314 317/317/317
f 297/297/297 316/316/316 317/317/317
f 312/312/312 356/356/356 357/357/357
f 358/358/358 356/356/356 312/312/312
f 366/366/366 358/358/358 312/312/312
f 313/313/313 359/359/359 360/360/360
f 361/361/361 359/359/359 313/313/313
f 293/293/293 361/361/361 313/313/313
f 365/365/365 367/367/367 369/369/369
f 363/363/363 367/367/367 365/365/365
f 362/362/362 363/363/363 365/365/365
f 364/364/364 363/363/363 362/362/362
f 372/372/372 286/286/286 324/324/324
f 289/289/289 286/286/286 372/372/372
f 326/326/326 289/289/289 372/372/372
f 288/288/288 289/289/289 326/326/326
f 325/325/325 288/288/288 326/326/326
f 287/287/287 288/288/288 325/325/325
f 324/324/324 287/287/287 325/325/325
f 286/286/286 287/287/287 324/324/324
f 368/368/368 366/366/366 312/312/312
f 292/292/292 368/368/368 312/312/312
f 341/341/341 368/368/368 292/292/292
f 339/339/339 341/341/341 292/292/292
f 306/306/306 373/373/373 307/307/307
f 353/353/353 373/373/373 306/306/306
f 309/309/309 353/353/353 306/306/306
f 352/352/352 353/353/353 309/309/309
f 308/308/308 352/352/352 309/309/309
f 351/351/351 352/352/352 308/308/308
f 307/307/307 351/351/351 308/308/308
f 373/373/373 351/351/351 307/307/307
f 342/342/342 365/365/365 369/369/369
f 337/337/337 365/365/365 342/342/342
g Combined Mesh (root: scene)_8
f 377/377/377 374/374/374 376/376/376
f 375/375/375 374/374/374 377/377/377
f 381/381/381 378/378/378 380/380/380
f 379/379/379 378/378/378 381/381/381
f 466/466/466 414/414/414 415/415/415
f 467/467/467 414/414/414 466/466/466
f 417/417/417 416/416/416 418/418/418
f 419/419/419 416/416/416 417/417/417
f 393/393/393 392/392/392 412/412/412
f 390/390/390 392/392/392 393/393/393
f 391/391/391 390/390/390 393/393/393
f 386/386/386 390/390/390 391/391/391
f 387/387/387 386/386/386 391/391/391
f 423/423/423 386/386/386 387/387/387
f 424/424/424 423/423/423 387/387/387
f 388/388/388 426/426/426 435/435/435
f 425/425/425 426/426/426 388/388/388
f 427/427/427 425/425/425 388/388/388
f 389/389/389 429/429/429 457/457/457
f 428/428/428 429/429/429 389/389/389
f 430/430/430 428/428/428 389/389/389
f 433/433/433 438/438/438 436/436/436
f 432/432/432 433/433/433 436/436/436
f 431/431/431 433/433/433 432/432/432
f 434/434/434 431/431/431 432/432/432
f 397/397/397 394/394/394 395/395/395
f 396/396/396 394/394/394 397/397/397
f 401/401/401 398/398/398 399/399/399
f 400/400/400 398/398/398 401/401/401
f 440/440/440 439/439/439 441/441/441
f 442/442/442 439/439/439 440/440/440
f 444/444/444 443/443/443 445/445/445
f 446/446/446 443/443/443 444/444/444
f 407/407/407 450/450/450 451/451/451
f 406/406/406 450/450/450 407/407/407
f 411/411/411 406/406/406 407/407/407
f 410/410/410 406/406/406 411/411/411
f 413/413/413 410/410/410 411/411/411
f 412/412/412 410/410/410 413/413/413
f 393/393/393 412/412/412 413/413/413
f 408/408/408 452/452/452 453/453/453
f 454/454/454 452/452/452 408/408/408
f 462/462/462 454/454/454 408/408/408
f 409/409/409 455/455/455 456/456/456
f 457/457/457 455/455/455 409/409/409
f 389/389/389 457/457/457 409/409/409
f 461/461/461 463/463/463 465/465/465
f 459/459/459 463/463/463 461/461/461
f 458/458/458 459/459/459 461/461/461
f 460/460/460 459/459/459 458/458/458
f 468/468/468 382/382/382 420/420/420
f 385/385/385 382/382/382 468/468/468
f 422/422/422 385/385/385 468/468/468
f 384/384/384 385/385/385 422/422/422
f 421/421/421 384/384/384 422/422/422
f 383/383/383 384/384/384 421/421/421
f 420/420/420 383/383/383 421/421/421
f 382/382/382 383/383/383 420/420/420
f 464/464/464 462/462/462 408/408/408
f 388/388/388 464/464/464 408/408/408
f 437/437/437 464/464/464 388/388/388
f 435/435/435 437/437/437 388/388/388
f 402/402/402 469/469/469 403/403/403
f 449/449/449 469/469/469 402/402/402
f 405/405/405 449/449/449 402/402/402
f 448/448/448 449/449/449 405/405/405
f 404/404/404 448/448/448 405/405/405
f 447/447/447 448/448/448 404/404/404
f 403/403/403 447/447/447 404/404/404
f 469/469/469 447/447/447 403/403/403
f 438/438/438 461/461/461 465/465/465
f 433/433/433 461/461/461 438/438/438
g Combined Mesh (root: scene)_9
f 473/473/473 470/470/470 472/472/472
f 471/471/471 470/470/470 473/473/473
f 477/477/477 474/474/474 476/476/476
f 475/475/475 474/474/474 477/477/477
f 562/562/562 510/510/510 511/511/511
f 563/563/563 510/510/510 562/562/562
f 513/513/513 512/512/512 514/514/514
f 515/515/515 512/512/512 513/513/513
f 489/489/489 488/488/488 508/508/508
f 486/486/486 488/488/488 489/489/489
f 487/487/487 486/486/486 489/489/489
f 482/482/482 486/486/486 487/487/487
f 483/483/483 482/482/482 487/487/487
f 519/519/519 482/482/482 483/483/483
f 520/520/520 519/519/519 483/483/483
f 484/484/484 522/522/522 531/531/531
f 521/521/521 522/522/522 484/484/484
f 523/523/523 521/521/521 484/484/484
f 485/485/485 525/525/525 553/553/553
f 524/524/524 525/525/525 485/485/485
f 526/526/526 524/524/524 485/485/485
f 529/529/529 534/534/534 532/532/532
f 528/528/528 529/529/529 532/532/532
f 527/527/527 529/529/529 528/528/528
f 530/530/530 527/527/527 528/528/528
f 493/493/493 490/490/490 491/491/491
f 492/492/492 490/490/490 493/493/493
f 497/497/497 494/494/494 495/495/495
f 496/496/496 494/494/494 497/497/497
f 536/536/536 535/535/535 537/537/537
f 538/538/538 535/535/535 536/536/536
f 540/540/540 539/539/539 541/541/541
f 542/542/542 539/539/539 540/540/540
f 503/503/503 546/546/546 547/547/547
f 502/502/502 546/546/546 503/503/503
f 507/507/507 502/502/502 503/503/503
f 506/506/506 502/502/502 507/507/507
f 509/509/509 506/506/506 507/507/507
f 508/508/508 506/506/506 509/509/509
f 489/489/489 508/508/508 509/509/509
f 504/504/504 548/548/548 549/549/549
f 550/550/550 548/548/548 504/504/504
f 558/558/558 550/550/550 504/504/504
f 505/505/505 551/551/551 552/552/552
f 553/553/553 551/551/551 505/505/505
f 485/485/485 553/553/553 505/505/505
f 557/557/557 559/559/559 561/561/561
f 555/555/555 559/559/559 557/557/557
f 554/554/554 555/555/555 557/557/557
f 556/556/556 555/555/555 554/554/554
f 564/564/564 478/478/478 516/516/516
f 481/481/481 478/478/478 564/564/564
f 518/518/518 481/481/481 564/564/564
f 480/480/480 481/481/481 518/518/518
f 517/517/517 480/480/480 518/518/518
f 479/479/479 480/480/480 517/517/517
f 516/516/516 479/479/479 517/517/517
f 478/478/478 479/479/479 516/516/516
f 560/560/560 558/558/558 504/504/504
f 484/484/484 560/560/560 504/504/504
f 533/533/533 560/560/560 484/484/484
f 531/531/531 533/533/533 484/484/484
f 498/498/498 565/565/565 499/499/499
f 545/545/545 565/565/565 498/498/498
f 501/501/501 545/545/545 498/498/498
f 544/544/544 545/545/545 501/501/501
f 500/500/500 544/544/544 501/501/501
f 543/543/543 544/544/544 500/500/500
f 499/499/499 543/543/543 500/500/500
f 565/565/565 543/543/543 499/499/499
f 534/534/534 557/557/557 561/561/561
f 529/529/529 557/557/557 534/534/534
g Combined Mesh (root: scene)_10
f 569/569/569 566/566/566 568/568/568
f 567/567/567 566/566/566 569/569/569
f 573/573/573 570/570/570 572/572/572
f 571/571/571 570/570/570 573/573/573
f 658/658/658 606/606/606 607/607/607
f 659/659/659 606/606/606 658/658/658
f 609/609/609 608/608/608 610/610/610
f 611/611/611 608/608/608 609/609/609
f 585/585/585 584/584/584 604/604/604
f 582/582/582 584/584/584 585/585/585
f 583/583/583 582/582/582 585/585/585
f 578/578/578 582/582/582 583/583/583
f 579/579/579 578/578/578 583/583/583
f 615/615/615 578/578/578 579/579/579
f 616/616/616 615/615/615 579/579/579
f 580/580/580 618/618/618 627/627/627
f 617/617/617 618/618/618 580/580/580
f 619/619/619 617/617/617 580/580/580
f 581/581/581 621/621/621 649/649/649
f 620/620/620 621/621/621 581/581/581
f 622/622/622 620/620/620 581/581/581
f 625/625/625 630/630/630 628/628/628
f 624/624/624 625/625/625 628/628/628
f 623/623/623 625/625/625 624/624/624
f 626/626/626 623/623/623 624/624/624
f 589/589/589 586/586/586 587/587/587
f 588/588/588 586/586/586 589/589/589
f 593/593/593 590/590/590 591/591/591
f 592/592/592 590/590/590 593/593/593
f 632/632/632 631/631/631 633/633/633
f 634/634/634 631/631/631 632/632/632
f 636/636/636 635/635/635 637/637/637
f 638/638/638 635/635/635 636/636/636
f 599/599/599 642/642/642 643/643/643
f 598/598/598 642/642/642 599/599/599
f 603/603/603 598/598/598 599/599/599
f 602/602/602 598/598/598 603/603/603
f 605/605/605 602/602/602 603/603/603
f 604/604/604 602/602/602 605/605/605
f 585/585/585 604/604/604 605/605/605
f 600/600/600 644/644/644 645/645/645
f 646/646/646 644/644/644 600/600/600
f 654/654/654 646/646/646 600/600/600
f 601/601/601 647/647/647 648/648/648
f 649/649/649 647/647/647 601/601/601
f 581/581/581 649/649/649 601/601/601
f 653/653/653 655/655/655 657/657/657
f 651/651/651 655/655/655 653/653/653
f 650/650/650 651/651/651 653/653/653
f 652/652/652 651/651/651 650/650/650
f 660/660/660 574/574/574 612/612/612
f 577/577/577 574/574/574 660/660/660
f 614/614/614 577/577/577 660/660/660
f 576/576/576 577/577/577 614/614/614
f 613/613/613 576/576/576 614/614/614
f 575/575/575 576/576/576 613/613/613
f 612/612/612 575/575/575 613/613/613
f 574/574/574 575/575/575 612/612/612
f 656/656/656 654/654/654 600/600/600
f 580/580/580 656/656/656 600/600/600
f 629/629/629 656/656/656 580/580/580
f 627/627/627 629/629/629 580/580/580
f 594/594/594 661/661/661 595/595/595
f 641/641/641 661/661/661 594/594/594
f 597/597/597 641/641/641 594/594/594
f 640/640/640 641/641/641 597/597/597
f 596/596/596 640/640/640 597/597/597
f 639/639/639 640/640/640 596/596/596
f 595/595/595 639/639/639 596/596/596
f 661/661/661 639/639/639 595/595/595
f 630/630/630 653/653/653 657/657/657
f 625/625/625 653/653/653 630/630/630
g Combined Mesh (root: scene)_11
f 683/683/683 830/830/830 831/831/831
f 684/684/684 830/830/830 683/683/683
f 675/675/675 684/684/684 683/683/683
f 676/676/676 684/684/684 675/675/675
f 662/662/662 676/676/676 675/675/675
f 663/663/663 676/676/676 662/662/662
f 748/748/748 834/834/834 835/835/835
f 685/685/685 834/834/834 748/748/748
f 737/737/737 685/685/685 748/748/748
f 677/677/677 685/685/685 737/737/737
f 736/736/736 677/677/677 737/737/737
f 664/664/664 677/677/677 736/736/736
f 749/749/749 838/838/838 839/839/839
f 686/686/686 838/838/838 749/749/749
f 739/739/739 686/686/686 749/749/749
f 678/678/678 686/686/686 739/739/739
f 738/738/738 678/678/678 739/739/739
f 665/665/665 678/678/678 738/738/738
f 680/680/680 832/832/832 833/833/833
f 679/679/679 832/832/832 680/680/680
f 672/672/672 679/679/679 680/680/680
f 671/671/671 679/679/679 672/672/672
f 740/740/740 671/671/671 672/672/672
f 741/741/741 671/671/671 740/740/740
f 681/681/681 836/836/836 837/837/837
f 750/750/750 836/836/836 681/681/681
f 673/673/673 750/750/750 681/681/681
f 742/742/742 750/750/750 673/673/673
f 743/743/743 742/742/742 673/673/673
f 744/744/744 742/742/742 743/743/743
f 682/682/682 840/840/840 841/841/841
f 751/751/751 840/840/840 682/682/682
f 674/674/674 751/751/751 682/682/682
f 745/745/745 751/751/751 674/674/674
f 746/746/746 745/745/745 674/674/674
f 747/747/747 745/745/745 746/746/746
f 707/707/707 704/704/704 706/706/706
f 705/705/705 704/704/704 707/707/707
f 709/709/709 752/752/752 708/708/708
f 753/753/753 752/752/752 709/709/709
f 711/711/711 754/754/754 710/710/710
f 755/755/755 754/754/754 711/711/711
f 694/694/694 766/766/766 767/767/767
f 692/692/692 766/766/766 694/694/694
f 820/820/820 692/692/692 694/694/694
f 821/821/821 692/692/692 820/820/820
f 756/756/756 759/759/759 807/807/807
f 757/757/757 759/759/759 756/756/756
f 758/758/758 757/757/757 756/756/756
f 696/696/696 768/768/768 769/769/769
f 760/760/760 768/768/768 696/696/696
f 822/822/822 760/760/760 696/696/696
f 823/823/823 760/760/760 822/822/822
f 761/761/761 824/824/824 762/762/762
f 825/825/825 824/824/824 761/761/761
f 698/698/698 770/770/770 771/771/771
f 763/763/763 770/770/770 698/698/698
f 826/826/826 763/763/763 698/698/698
f 827/827/827 763/763/763 826/826/826
f 764/764/764 765/765/765 850/850/850
f 828/828/828 765/765/765 764/764/764
f 829/829/829 828/828/828 764/764/764
f 790/790/790 853/853/853 852/852/852
f 722/722/722 790/790/790 852/852/852
f 773/773/773 790/790/790 722/722/722
f 718/718/718 773/773/773 722/722/722
f 772/772/772 773/773/773 718/718/718
f 712/712/712 772/772/772 718/718/718
f 791/791/791 857/857/857 856/856/856
f 723/723/723 791/791/791 856/856/856
f 775/775/775 791/791/791 723/723/723
f 719/719/719 775/775/775 723/723/723
f 774/774/774 775/775/775 719/719/719
f 713/713/713 774/774/774 719/719/719
f 793/793/793 861/861/861 860/860/860
f 792/792/792 793/793/793 860/860/860
f 778/778/778 793/793/793 792/792/792
f 777/777/777 778/778/778 792/792/792
f 776/776/776 778/778/778 777/777/777
f 779/779/779 776/776/776 777/777/777
f 720/720/720 855/855/855 854/854/854
f 794/794/794 720/720/720 854/854/854
f 716/716/716 720/720/720 794/794/794
f 780/780/780 716/716/716 794/794/794
f 781/781/781 716/716/716 780/780/780
f 782/782/782 781/781/781 780/780/780
f 721/721/721 859/859/859 858/858/858
f 795/795/795 721/721/721 858/858/858
f 717/717/717 721/721/721 795/795/795
f 783/783/783 717/717/717 795/795/795
f 784/784/784 717/717/717 783/783/783
f 785/785/785 784/784/784 783/783/783
f 797/797/797 863/863/863 862/862/862
f 796/796/796 797/797/797 862/862/862
f 789/789/789 797/797/797 796/796/796
f 786/786/786 789/789/789 796/796/796
f 787/787/787 789/789/789 786/786/786
f 788/788/788 787/787/787 786/786/786
f 733/733/733 798/798/798 799/799/799
f 732/732/732 798/798/798 733/733/733
f 735/735/735 800/800/800 801/801/801
f 734/734/734 800/800/800 735/735/735
f 803/803/803 802/802/802 804/804/804
f 805/805/805 802/802/802 803/803/803
f 726/726/726 815/815/815 814/814/814
f 806/806/806 726/726/726 814/814/814
f 842/842/842 726/726/726 806/806/806
f 843/843/843 842/842/842 806/806/806
f 808/808/808 756/756/756 807/807/807
f 728/728/728 817/817/817 816/816/816
f 809/809/809 728/728/728 816/816/816
f 844/844/844 728/728/728 809/809/809
f 845/845/845 844/844/844 809/809/809
f 810/810/810 846/846/846 847/847/847
f 811/811/811 846/846/846 810/810/810
f 813/813/813 819/819/819 818/818/818
f 812/812/812 813/813/813 818/818/818
f 848/848/848 813/813/813 812/812/812
f 849/849/849 848/848/848 812/812/812
f 764/764/764 850/850/850 851/851/851
f 687/687/687 688/688/688 724/724/724
f 689/689/689 688/688/688 687/687/687
f 690/690/690 689/689/689 687/687/687
f 687/687/687 691/691/691 690/690/690
f 725/725/725 691/691/691 687/687/687
f 724/724/724 725/725/725 687/687/687
f 670/670/670 667/667/667 668/668/668
f 666/666/666 667/667/667 670/670/670
f 714/714/714 666/666/666 670/670/670
f 670/670/670 715/715/715 714/714/714
f 669/669/669 715/715/715 670/670/670
f 668/668/668 669/669/669 670/670/670
f 693/693/693 700/700/700 730/730/730
f 701/701/701 700/700/700 693/693/693
f 695/695/695 701/701/701 693/693/693
f 702/702/702 701/701/701 695/695/695
f 697/697/697 702/702/702 695/695/695
f 703/703/703 702/702/702 697/697/697
f 699/699/699 703/703/703 697/697/697
f 729/729/729 703/703/703 699/699/699
f 731/731/731 703/703/703 729/729/729
f 727/727/727 731/731/731 729/729/729
f 730/730/730 731/731/731 727/727/727
f 693/693/693 730/730/730 727/727/727
g Combined Mesh (root: scene)_12
f 865/865/865 866/866/866 869/869/869
f 868/868/868 865/865/865 869/869/869
f 864/864/864 865/865/865 868/868/868
f 867/867/867 864/864/864 868/868/868
g Combined Mesh (root: scene)_13
f 870/870/870 875/875/875 872/872/872
f 880/880/880 875/875/875 870/870/870
f 874/874/874 880/880/880 870/870/870
f 900/900/900 881/881/881 901/901/901
f 876/876/876 881/881/881 900/900/900
f 903/903/903 873/873/873 893/893/893
f 871/871/871 873/873/873 903/903/903
f 902/902/902 871/871/871 903/903/903
f 877/877/877 883/883/883 892/892/892
f 879/879/879 883/883/883 877/877/877
f 894/894/894 878/878/878 895/895/895
f 882/882/882 878/878/878 894/894/894
f 884/884/884 896/896/896 897/897/897
f 885/885/885 896/896/896 884/884/884
f 887/887/887 898/898/898 899/899/899
f 886/886/886 898/898/898 887/887/887
f 888/888/888 904/904/904 905/905/905
f 889/889/889 904/904/904 888/888/888
f 891/891/891 906/906/906 907/907/907
f 890/890/890 906/906/906 891/891/891
g Combined Mesh (root: scene)_14
f 929/929/929 1076/1076/1076 1077/1077/1077
f 930/930/930 1076/1076/1076 929/929/929
f 921/921/921 930/930/930 929/929/929
f 922/922/922 930/930/930 921/921/921
f 908/908/908 922/922/922 921/921/921
f 909/909/909 922/922/922 908/908/908
f 994/994/994 1080/1080/1080 1081/1081/1081
f 931/931/931 1080/1080/1080 994/994/994
f 983/983/983 931/931/931 994/994/994
f 923/923/923 931/931/931 983/983/983
f 982/982/982 923/923/923 983/983/983
f 910/910/910 923/923/923 982/982/982
f 995/995/995 1084/1084/1084 1085/1085/1085
f 932/932/932 1084/1084/1084 995/995/995
f 985/985/985 932/932/932 995/995/995
f 924/924/924 932/932/932 985/985/985
f 984/984/984 924/924/924 985/985/985
f 911/911/911 924/924/924 984/984/984
f 926/926/926 1078/1078/1078 1079/1079/1079
f 925/925/925 1078/1078/1078 926/926/926
f 918/918/918 925/925/925 926/926/926
f 917/917/917 925/925/925 918/918/918
f 986/986/986 917/917/917 918/918/918
f 987/987/987 917/917/917 986/986/986
f 927/927/927 1082/1082/1082 1083/1083/1083
f 996/996/996 1082/1082/1082 927/927/927
f 919/919/919 996/996/996 927/927/927
f 988/988/988 996/996/996 919/919/919
f 989/989/989 988/988/988 919/919/919
f 990/990/990 988/988/988 989/989/989
f 928/928/928 1086/1086/1086 1087/1087/1087
f 997/997/997 1086/1086/1086 928/928/928
f 920/920/920 997/997/997 928/928/928
f 991/991/991 997/997/997 920/920/920
f 992/992/992 991/991/991 920/920/920
f 993/993/993 991/991/991 992/992/992
f 953/953/953 950/950/950 952/952/952
f 951/951/951 950/950/950 953/953/953
f 955/955/955 998/998/998 954/954/954
f 999/999/999 998/998/998 955/955/955
f 957/957/957 1000/1000/1000 956/956/956
f 1001/1001/1001 1000/1000/1000 957/957/957
f 940/940/940 1012/1012/1012 1013/1013/1013
f 938/938/938 1012/1012/1012 940/940/940
f 1066/1066/1066 938/938/938 940/940/940
f 1067/1067/1067 938/938/938 1066/1066/1066
f 1002/1002/1002 1005/1005/1005 1053/1053/1053
f 1003/1003/1003 1005/1005/1005 1002/1002/1002
f 1004/1004/1004 1003/1003/1003 1002/1002/1002
f 942/942/942 1014/1014/1014 1015/1015/1015
f 1006/1006/1006 1014/1014/1014 942/942/942
f 1068/1068/1068 1006/1006/1006 942/942/942
f 1069/1069/1069 1006/1006/1006 1068/1068/1068
f 1007/1007/1007 1070/1070/1070 1008/1008/1008
f 1071/1071/1071 1070/1070/1070 1007/1007/1007
f 944/944/944 1016/1016/1016 1017/1017/1017
f 1009/1009/1009 1016/1016/1016 944/944/944
f 1072/1072/1072 1009/1009/1009 944/944/944
f 1073/1073/1073 1009/1009/1009 1072/1072/1072
f 1010/1010/1010 1011/1011/1011 1096/1096/1096
f 1074/1074/1074 1011/1011/1011 1010/1010/1010
f 1075/1075/1075 1074/1074/1074 1010/1010/1010
f 1036/1036/1036 1099/1099/1099 1098/1098/1098
f 968/968/968 1036/1036/1036 1098/1098/1098
f 1019/1019/1019 1036/1036/1036 968/968/968
f 964/964/964 1019/1019/1019 968/968/968
f 1018/1018/1018 1019/1019/1019 964/964/964
f 958/958/958 1018/1018/1018 964/964/964
f 1037/1037/1037 1103/1103/1103 1102/1102/1102
f 969/969/969 1037/1037/1037 1102/1102/1102
f 1021/1021/1021 1037/1037/1037 969/969/969
f 965/965/965 1021/1021/1021 969/969/969
f 1020/1020/1020 1021/1021/1021 965/965/965
f 959/959/959 1020/1020/1020 965/965/965
f 1039/1039/1039 1107/1107/1107 1106/1106/1106
f 1038/1038/1038 1039/1039/1039 1106/1106/1106
f 1024/1024/1024 1039/1039/1039 1038/1038/1038
f 1023/1023/1023 1024/1024/1024 1038/1038/1038
f 1022/1022/1022 1024/1024/1024 1023/1023/1023
f 1025/1025/1025 1022/1022/1022 1023/1023/1023
f 966/966/966 1101/1101/1101 1100/1100/1100
f 1040/1040/1040 966/966/966 1100/1100/1100
f 962/962/962 966/966/966 1040/1040/1040
f 1026/1026/1026 962/962/962 1040/1040/1040
f 1027/1027/1027 962/962/962 1026/1026/1026
f 1028/1028/1028 1027/1027/1027 1026/1026/1026
f 967/967/967 1105/1105/1105 1104/1104/1104
f 1041/1041/1041 967/967/967 1104/1104/1104
f 963/963/963 967/967/967 1041/1041/1041
f 1029/1029/1029 963/963/963 1041/1041/1041
f 1030/1030/1030 963/963/963 1029/1029/1029
f 1031/1031/1031 1030/1030/1030 1029/1029/1029
f 1043/1043/1043 1109/1109/1109 1108/1108/1108
f 1042/1042/1042 1043/1043/1043 1108/1108/1108
f 1035/1035/1035 1043/1043/1043 1042/1042/1042
f 1032/1032/1032 1035/1035/1035 1042/1042/1042
f 1033/1033/1033 1035/1035/1035 1032/1032/1032
f 1034/1034/1034 1033/1033/1033 1032/1032/1032
f 979/979/979 1044/1044/1044 1045/1045/1045
f 978/978/978 1044/1044/1044 979/979/979
f 981/981/981 1046/1046/1046 1047/1047/1047
f 980/980/980 1046/1046/1046 981/981/981
f 1049/1049/1049 1048/1048/1048 1050/1050/1050
f 1051/1051/1051 1048/1048/1048 1049/1049/1049
f 972/972/972 1061/1061/1061 1060/1060/1060
f 1052/1052/1052 972/972/972 1060/1060/1060
f 1088/1088/1088 972/972/972 1052/1052/1052
f 1089/1089/1089 1088/1088/1088 1052/1052/1052
f 1054/1054/1054 1002/1002/1002 1053/1053/1053
f 974/974/974 1063/1063/1063 1062/1062/1062
f 1055/1055/1055 974/974/974 1062/1062/1062
f 1090/1090/1090 974/974/974 1055/1055/1055
f 1091/1091/1091 1090/1090/1090 1055/1055/1055
f 1056/1056/1056 1092/1092/1092 1093/1093/1093
f 1057/1057/1057 1092/1092/1092 1056/1056/1056
f 1059/1059/1059 1065/1065/1065 1064/1064/1064
f 1058/1058/1058 1059/1059/1059 1064/1064/1064
f 1094/1094/1094 1059/1059/1059 1058/1058/1058
f 1095/1095/1095 1094/1094/1094 1058/1058/1058
f 1010/1010/1010 1096/1096/1096 1097/1097/1097
f 933/933/933 934/934/934 970/970/970
f 935/935/935 934/934/934 933/933/933
f 936/936/936 935/935/935 933/933/933
f 933/933/933 937/937/937 936/936/936
f 971/971/971 937/937/937 933/933/933
f 970/970/970 971/971/971 933/933/933
f 916/916/916 913/913/913 914/914/914
f 912/912/912 913/913/913 916/916/916
f 960/960/960 912/912/912 916/916/916
f 916/916/916 961/961/961 960/960/960
f 915/915/915 961/961/961 916/916/916
f 914/914/914 915/915/915 916/916/916
f 939/939/939 946/946/946 976/976/976
f 947/947/947 946/946/946 939/939/939
f 941/941/941 947/947/947 939/939/939
f 948/948/948 947/947/947 941/941/941
f 943/943/943 948/948/948 941/941/941
f 949/949/949 948/948/948 943/943/943
f 945/945/945 949/949/949 943/943/943
f 975/975/975 949/949/949 945/945/945
f 977/977/977 949/949/949 975/975/975
f 973/973/973 977/977/977 975/975/975
f 976/976/976 977/977/977 973/973/973
f 939/939/939 976/976/976 973/973/973
g Combined Mesh (root: scene)_15
f 1111/1111/1111 1112/1112/1112 1131/1131/1131
f 1114/1114/1114 1112/1112/1112 1111/1111/1111
f 1113/1113/1113 1114/1114/1114 1111/1111/1111
f 1116/1116/1116 1110/1110/1110 1115/1115/1115
f 1117/1117/1117 1116/1116/1116 1115/1115/1115
f 1119/1119/1119 1116/1116/1116 1117/1117/1117
f 1118/1118/1118 1119/1119/1119 1117/1117/1117
f 1121/1121/1121 1119/1119/1119 1118/1118/1118
f 1120/1120/1120 1121/1121/1121 1118/1118/1118
f 1123/1123/1123 1121/1121/1121 1120/1120/1120
f 1122/1122/1122 1123/1123/1123 1120/1120/1120
f 1125/1125/1125 1123/1123/1123 1122/1122/1122
f 1124/1124/1124 1125/1125/1125 1122/1122/1122
f 1127/1127/1127 1125/1125/1125 1124/1124/1124
f 1126/1126/1126 1127/1127/1127 1124/1124/1124
f 1129/1129/1129 1127/1127/1127 1126/1126/1126
f 1128/1128/1128 1129/1129/1129 1126/1126/1126
f 1140/1140/1140 1143/1143/1143 1141/1141/1141
f 1144/1144/1144 1143/1143/1143 1140/1140/1140
f 1145/1145/1145 1144/1144/1144 1140/1140/1140
f 1130/1130/1130 1111/1111/1111 1131/1131/1131
f 1116/1116/1116 1132/1132/1132 1110/1110/1110
f 1133/1133/1133 1132/1132/1132 1116/1116/1116
f 1119/1119/1119 1133/1133/1133 1116/1116/1116
f 1134/1134/1134 1133/1133/1133 1119/1119/1119
f 1121/1121/1121 1134/1134/1134 1119/1119/1119
f 1135/1135/1135 1134/1134/1134 1121/1121/1121
f 1123/1123/1123 1135/1135/1135 1121/1121/1121
f 1136/1136/1136 1135/1135/1135 1123/1123/1123
f 1125/1125/1125 1136/1136/1136 1123/1123/1123
f 1137/1137/1137 1136/1136/1136 1125/1125/1125
f 1127/1127/1127 1137/1137/1137 1125/1125/1125
f 1138/1138/1138 1137/1137/1137 1127/1127/1127
f 1129/1129/1129 1138/1138/1138 1127/1127/1127
f 1139/1139/1139 1138/1138/1138 1129/1129/1129
f 1142/1142/1142 1145/1145/1145 1140/1140/1140
g Combined Mesh (root: scene)_16
f 1149/1149/1149 1146/1146/1146 1147/1147/1147
f 1148/1148/1148 1146/1146/1146 1149/1149/1149
f 1151/1151/1151 1156/1156/1156 1157/1157/1157
f 1150/1150/1150 1156/1156/1156 1151/1151/1151
f 1153/1153/1153 1158/1158/1158 1159/1159/1159
f 1152/1152/1152 1158/1158/1158 1153/1153/1153
f 1155/1155/1155 1160/1160/1160 1161/1161/1161
f 1154/1154/1154 1160/1160/1160 1155/1155/1155
g Combined Mesh (root: scene)_17
f 1165/1165/1165 1162/1162/1162 1163/1163/1163
f 1164/1164/1164 1162/1162/1162 1165/1165/1165
f 1169/1169/1169 1174/1174/1174 1175/1175/1175
f 1166/1166/1166 1174/1174/1174 1169/1169/1169
f 1167/1167/1167 1166/1166/1166 1169/1169/1169
f 1168/1168/1168 1170/1170/1170 1171/1171/1171
f 1172/1172/1172 1170/1170/1170 1168/1168/1168
f 1173/1173/1173 1172/1172/1172 1168/1168/1168
g Combined Mesh (root: scene)_18
f 1182/1182/1182 1186/1186/1186 1187/1187/1187
f 1182/1182/1182 1184/1184/1184 1186/1186/1186
f 1185/1185/1185 1184/1184/1184 1182/1182/1182
f 1183/1183/1183 1180/1180/1180 1181/1181/1181
f 1183/1183/1183 1188/1188/1188 1180/1180/1180
f 1189/1189/1189 1188/1188/1188 1183/1183/1183
f 1179/1179/1179 1176/1176/1176 1178/1178/1178
f 1177/1177/1177 1176/1176/1176 1179/1179/1179
g Combined Mesh (root: scene)_19
f 1193/1193/1193 1190/1190/1190 1192/1192/1192
f 1191/1191/1191 1190/1190/1190 1193/1193/1193
f 1197/1197/1197 1194/1194/1194 1196/1196/1196
f 1195/1195/1195 1194/1194/1194 1197/1197/1197
f 1282/1282/1282 1230/1230/1230 1231/1231/1231
f 1283/1283/1283 1230/1230/1230 1282/1282/1282
f 1233/1233/1233 1232/1232/1232 1234/1234/1234
f 1235/1235/1235 1232/1232/1232 1233/1233/1233
f 1209/1209/1209 1208/1208/1208 1228/1228/1228
f 1206/1206/1206 1208/1208/1208 1209/1209/1209
f 1207/1207/1207 1206/1206/1206 1209/1209/1209
f 1202/1202/1202 1206/1206/1206 1207/1207/1207
f 1203/1203/1203 1202/1202/1202 1207/1207/1207
f 1239/1239/1239 1202/1202/1202 1203/1203/1203
f 1240/1240/1240 1239/1239/1239 1203/1203/1203
f 1204/1204/1204 1242/1242/1242 1251/1251/1251
f 1241/1241/1241 1242/1242/1242 1204/1204/1204
f 1243/1243/1243 1241/1241/1241 1204/1204/1204
f 1205/1205/1205 1245/1245/1245 1273/1273/1273
f 1244/1244/1244 1245/1245/1245 1205/1205/1205
f 1246/1246/1246 1244/1244/1244 1205/1205/1205
f 1249/1249/1249 1254/1254/1254 1252/1252/1252
f 1248/1248/1248 1249/1249/1249 1252/1252/1252
f 1247/1247/1247 1249/1249/1249 1248/1248/1248
f 1250/1250/1250 1247/1247/1247 1248/1248/1248
f 1213/1213/1213 1210/1210/1210 1211/1211/1211
f 1212/1212/1212 1210/1210/1210 1213/1213/1213
f 1217/1217/1217 1214/1214/1214 1215/1215/1215
f 1216/1216/1216 1214/1214/1214 1217/1217/1217
f 1256/1256/1256 1255/1255/1255 1257/1257/1257
f 1258/1258/1258 1255/1255/1255 1256/1256/1256
f 1260/1260/1260 1259/1259/1259 1261/1261/1261
f 1262/1262/1262 1259/1259/1259 1260/1260/1260
f 1223/1223/1223 1266/1266/1266 1267/1267/1267
f 1222/1222/1222 1266/1266/1266 1223/1223/1223
f 1227/1227/1227 1222/1222/1222 1223/1223/1223
f 1226/1226/1226 1222/1222/1222 1227/1227/1227
f 1229/1229/1229 1226/1226/1226 1227/1227/1227
f 1228/1228/1228 1226/1226/1226 1229/1229/1229
f 1209/1209/1209 1228/1228/1228 1229/1229/1229
f 1224/1224/1224 1268/1268/1268 1269/1269/1269
f 1270/1270/1270 1268/1268/1268 1224/1224/1224
f 1278/1278/1278 1270/1270/1270 1224/1224/1224
f 1225/1225/1225 1271/1271/1271 1272/1272/1272
f 1273/1273/1273 1271/1271/1271 1225/1225/1225
f 1205/1205/1205 1273/1273/1273 1225/1225/1225
f 1277/1277/1277 1279/1279/1279 1281/1281/1281
f 1275/1275/1275 1279/1279/1279 1277/1277/1277
f 1274/1274/1274 1275/1275/1275 1277/1277/1277
f 1276/1276/1276 1275/1275/1275 1274/1274/1274
f 1284/1284/1284 1198/1198/1198 1236/1236/1236
f 1201/1201/1201 1198/1198/1198 1284/1284/1284
f 1238/1238/1238 1201/1201/1201 1284/1284/1284
f 1200/1200/1200 1201/1201/1201 1238/1238/1238
f 1237/1237/1237 1200/1200/1200 1238/1238/1238
f 1199/1199/1199 1200/1200/1200 1237/1237/1237
f 1236/1236/1236 1199/1199/1199 1237/1237/1237
f 1198/1198/1198 1199/1199/1199 1236/1236/1236
f 1280/1280/1280 1278/1278/1278 1224/1224/1224
f 1204/1204/1204 1280/1280/1280 1224/1224/1224
f 1253/1253/1253 1280/1280/1280 1204/1204/1204
f 1251/1251/1251 1253/1253/1253 1204/1204/1204
f 1218/1218/1218 1285/1285/1285 1219/1219/1219
f 1265/1265/1265 1285/1285/1285 1218/1218/1218
f 1221/1221/1221 1265/1265/1265 1218/1218/1218
f 1264/1264/1264 1265/1265/1265 1221/1221/1221
f 1220/1220/1220 1264/1264/1264 1221/1221/1221
f 1263/1263/1263 1264/1264/1264 1220/1220/1220
f 1219/1219/1219 1263/1263/1263 1220/1220/1220
f 1285/1285/1285 1263/1263/1263 1219/1219/1219
f 1254/1254/1254 1277/1277/1277 1281/1281/1281
f 1249/1249/1249 1277/1277/1277 1254/1254/1254
g Combined Mesh (root: scene)_20
f 1289/1289/1289 1286/1286/1286 1288/1288/1288
f 1287/1287/1287 1286/1286/1286 1289/1289/1289
f 1293/1293/1293 1290/1290/1290 1292/1292/1292
f 1291/1291/1291 1290/1290/1290 1293/1293/1293
f 1378/1378/1378 1326/1326/1326 1327/1327/1327
f 1379/1379/1379 1326/1326/1326 1378/1378/1378
f 1329/1329/1329 1328/1328/1328 1330/1330/1330
f 1331/1331/1331 1328/1328/1328 1329/1329/1329
f 1305/1305/1305 1304/1304/1304 1324/1324/1324
f 1302/1302/1302 1304/1304/1304 1305/1305/1305
f 1303/1303/1303 1302/1302/1302 1305/1305/1305
f 1298/1298/1298 1302/1302/1302 1303/1303/1303
f 1299/1299/1299 1298/1298/1298 1303/1303/1303
f 1335/1335/1335 1298/1298/1298 1299/1299/1299
f 1336/1336/1336 1335/1335/1335 1299/1299/1299
f 1300/1300/1300 1338/1338/1338 1347/1347/1347
f 1337/1337/1337 1338/1338/1338 1300/1300/1300
f 1339/1339/1339 1337/1337/1337 1300/1300/1300
f 1301/1301/1301 1341/1341/1341 1369/1369/1369
f 1340/1340/1340 1341/1341/1341 1301/1301/1301
f 1342/1342/1342 1340/1340/1340 1301/1301/1301
f 1345/1345/1345 1350/1350/1350 1348/1348/1348
f 1344/1344/1344 1345/1345/1345 1348/1348/1348
f 1343/1343/1343 1345/1345/1345 1344/1344/1344
f 1346/1346/1346 1343/1343/1343 1344/1344/1344
f 1309/1309/1309 1306/1306/1306 1307/1307/1307
f 1308/1308/1308 1306/1306/1306 1309/1309/1309
f 1313/1313/1313 1310/1310/1310 1311/1311/1311
f 1312/1312/1312 1310/1310/1310 1313/1313/1313
f 1352/1352/1352 1351/1351/1351 1353/1353/1353
f 1354/1354/1354 1351/1351/1351 1352/1352/1352
f 1356/1356/1356 1355/1355/1355 1357/1357/1357
f 1358/1358/1358 1355/1355/1355 1356/1356/1356
f 1319/1319/1319 1362/1362/1362 1363/1363/1363
f 1318/1318/1318 1362/1362/1362 1319/1319/1319
f 1323/1323/1323 1318/1318/1318 1319/1319/1319
f 1322/1322/1322 1318/1318/1318 1323/1323/1323
f 1325/1325/1325 1322/1322/1322 1323/1323/1323
f 1324/1324/1324 1322/1322/1322 1325/1325/1325
f 1305/1305/1305 1324/1324/1324 1325/1325/1325
f 1320/1320/1320 1364/1364/1364 1365/1365/1365
f 1366/1366/1366 1364/1364/1364 1320/1320/1320
f 1374/1374/1374 1366/1366/1366 1320/1320/1320
f 1321/1321/1321 1367/1367/1367 1368/1368/1368
f 1369/1369/1369 1367/1367/1367 1321/1321/1321
f 1301/1301/1301 1369/1369/1369 1321/1321/1321
f 1373/1373/1373 1375/1375/1375 1377/1377/1377
f 1371/1371/1371 1375/1375/1375 1373/1373/1373
f 1370/1370/1370 1371/1371/1371 1373/1373/1373
f 1372/1372/1372 1371/1371/1371 1370/1370/1370
f 1380/1380/1380 1294/1294/1294 1332/1332/1332
f 1297/1297/1297 1294/1294/1294 1380/1380/1380
f 1334/1334/1334 1297/1297/1297 1380/1380/1380
f 1296/1296/1296 1297/1297/1297 1334/1334/1334
f 1333/1333/1333 1296/1296/1296 1334/1334/1334
f 1295/1295/1295 1296/1296/1296 1333/1333/1333
f 1332/1332/1332 1295/1295/1295 1333/1333/1333
f 1294/1294/1294 1295/1295/1295 1332/1332/1332
f 1376/1376/1376 1374/1374/1374 1320/1320/1320
f 1300/1300/1300 1376/1376/1376 1320/1320/1320
f 1349/1349/1349 1376/1376/1376 1300/1300/1300
f 1347/1347/1347 1349/1349/1349 1300/1300/1300
f 1314/1314/1314 1381/1381/1381 1315/1315/1315
f 1361/1361/1361 1381/1381/1381 1314/1314/1314
f 1317/1317/1317 1361/1361/1361 1314/1314/1314
f 1360/1360/1360 1361/1361/1361 1317/1317/1317
f 1316/1316/1316 1360/1360/1360 1317/1317/1317
f 1359/1359/1359 1360/1360/1360 1316/1316/1316
f 1315/1315/1315 1359/1359/1359 1316/1316/1316
f 1381/1381/1381 1359/1359/1359 1315/1315/1315
f 1350/1350/1350 1373/1373/1373 1377/1377/1377
f 1345/1345/1345 1373/1373/1373 1350/1350/1350
g Combined Mesh (root: scene)_21
f 1385/1385/1385 1382/1382/1382 1384/1384/1384
f 1383/1383/1383 1382/1382/1382 1385/1385/1385
f 1389/1389/1389 1386/1386/1386 1388/1388/1388
f 1387/1387/1387 1386/1386/1386 1389/1389/1389
f 1474/1474/1474 1422/1422/1422 1423/1423/1423
f 1475/1475/1475 1422/1422/1422 1474/1474/1474
f 1425/1425/1425 1424/1424/1424 1426/1426/1426
f 1427/1427/1427 1424/1424/1424 1425/1425/1425
f 1401/1401/1401 1400/1400/1400 1420/1420/1420
f 1398/1398/1398 1400/1400/1400 1401/1401/1401
f 1399/1399/1399 1398/1398/1398 1401/1401/1401
f 1394/1394/1394 1398/1398/1398 1399/1399/1399
f 1395/1395/1395 1394/1394/1394 1399/1399/1399
f 1431/1431/1431 1394/1394/1394 1395/1395/1395
f 1432/1432/1432 1431/1431/1431 1395/1395/1395
f 1396/1396/1396 1434/1434/1434 1443/1443/1443
f 1433/1433/1433 1434/1434/1434 1396/1396/1396
f 1435/1435/1435 1433/1433/1433 1396/1396/1396
f 1397/1397/1397 1437/1437/1437 1465/1465/1465
f 1436/1436/1436 1437/1437/1437 1397/1397/1397
f 1438/1438/1438 1436/1436/1436 1397/1397/1397
f 1441/1441/1441 1446/1446/1446 1444/1444/1444
f 1440/1440/1440 1441/1441/1441 1444/1444/1444
f 1439/1439/1439 1441/1441/1441 1440/1440/1440
f 1442/1442/1442 1439/1439/1439 1440/1440/1440
f 1405/1405/1405 1402/1402/1402 1403/1403/1403
f 1404/1404/1404 1402/1402/1402 1405/1405/1405
f 1409/1409/1409 1406/1406/1406 1407/1407/1407
f 1408/1408/1408 1406/1406/1406 1409/1409/1409
f 1448/1448/1448 1447/1447/1447 1449/1449/1449
f 1450/1450/1450 1447/1447/1447 1448/1448/1448
f 1452/1452/1452 1451/1451/1451 1453/1453/1453
f 1454/1454/1454 1451/1451/1451 1452/1452/1452
f 1415/1415/1415 1458/1458/1458 1459/1459/1459
f 1414/1414/1414 1458/1458/1458 1415/1415/1415
f 1419/1419/1419 1414/1414/1414 1415/1415/1415
f 1418/1418/1418 1414/1414/1414 1419/1419/1419
f 1421/1421/1421 1418/1418/1418 1419/1419/1419
f 1420/1420/1420 1418/1418/1418 1421/1421/1421
f 1401/1401/1401 1420/1420/1420 1421/1421/1421
f 1416/1416/1416 1460/1460/1460 1461/1461/1461
f 1462/1462/1462 1460/1460/1460 1416/1416/1416
f 1470/1470/1470 1462/1462/1462 1416/1416/1416
f 1417/1417/1417 1463/1463/1463 1464/1464/1464
f 1465/1465/1465 1463/1463/1463 1417/1417/1417
f 1397/1397/1397 1465/1465/1465 1417/1417/1417
f 1469/1469/1469 1471/1471/1471 1473/1473/1473
f 1467/1467/1467 1471/1471/1471 1469/1469/1469
f 1466/1466/1466 1467/1467/1467 1469/1469/1469
f 1468/1468/1468 1467/1467/1467 1466/1466/1466
f 1476/1476/1476 1390/1390/1390 1428/1428/1428
f 1393/1393/1393 1390/1390/1390 1476/1476/1476
f 1430/1430/1430 1393/1393/1393 1476/1476/1476
f 1392/1392/1392 1393/1393/1393 1430/1430/1430
f 1429/1429/1429 1392/1392/1392 1430/1430/1430
f 1391/1391/1391 1392/1392/1392 1429/1429/1429
f 1428/1428/1428 1391/1391/1391 1429/1429/1429
f 1390/1390/1390 1391/1391/1391 1428/1428/1428
f 1472/1472/1472 1470/1470/1470 1416/1416/1416
f 1396/1396/1396 1472/1472/1472 1416/1416/1416
f 1445/1445/1445 1472/1472/1472 1396/1396/1396
f 1443/1443/1443 1445/1445/1445 1396/1396/1396
f 1410/1410/1410 1477/1477/1477 1411/1411/1411
f 1457/1457/1457 1477/1477/1477 1410/1410/1410
f 1413/1413/1413 1457/1457/1457 1410/1410/1410
f 1456/1456/1456 1457/1457/1457 1413/1413/1413
f 1412/1412/1412 1456/1456/1456 1413/1413/1413
f 1455/1455/1455 1456/1456/1456 1412/1412/1412
f 1411/1411/1411 1455/1455/1455 1412/1412/1412
f 1477/1477/1477 1455/1455/1455 1411/1411/1411
f 1446/1446/1446 1469/1469/1469 1473/1473/1473
f 1441/1441/1441 1469/1469/1469 1446/1446/1446
g Combined Mesh (root: scene)_22
f 1481/1481/1481 1478/1478/1478 1480/1480/1480
f 1479/1479/1479 1478/1478/1478 1481/1481/1481
f 1485/1485/1485 1482/1482/1482 1484/1484/1484
f 1483/1483/1483 1482/1482/1482 1485/1485/1485
f 1570/1570/1570 1518/1518/1518 1519/1519/1519
f 1571/1571/1571 1518/1518/1518 1570/1570/1570
f 1521/1521/1521 1520/1520/1520 1522/1522/1522
f 1523/1523/1523 1520/1520/1520 1521/1521/1521
f 1497/1497/1497 1496/1496/1496 1516/1516/1516
f 1494/1494/1494 1496/1496/1496 1497/1497/1497
f 1495/1495/1495 1494/1494/1494 1497/1497/1497
f 1490/1490/1490 1494/1494/1494 1495/1495/1495
f 1491/1491/1491 1490/1490/1490 1495/1495/1495
f 1527/1527/1527 1490/1490/1490 1491/1491/1491
f 1528/1528/1528 1527/1527/1527 1491/1491/1491
f 1492/1492/1492 1530/1530/1530 1539/1539/1539
f 1529/1529/1529 1530/1530/1530 1492/1492/1492
f 1531/1531/1531 1529/1529/1529 1492/1492/1492
f 1493/1493/1493 1533/1533/1533 1561/1561/1561
f 1532/1532/1532 1533/1533/1533 1493/1493/1493
f 1534/1534/1534 1532/1532/1532 1493/1493/1493
f 1537/1537/1537 1542/1542/1542 1540/1540/1540
f 1536/1536/1536 1537/1537/1537 1540/1540/1540
f 1535/1535/1535 1537/1537/1537 1536/1536/1536
f 1538/1538/1538 1535/1535/1535 1536/1536/1536
f 1501/1501/1501 1498/1498/1498 1499/1499/1499
f 1500/1500/1500 1498/1498/1498 1501/1501/1501
f 1505/1505/1505 1502/1502/1502 1503/1503/1503
f 1504/1504/1504 1502/1502/1502 1505/1505/1505
f 1544/1544/1544 1543/1543/1543 1545/1545/1545
f 1546/1546/1546 1543/1543/1543 1544/1544/1544
f 1548/1548/1548 1547/1547/1547 1549/1549/1549
f 1550/1550/1550 1547/1547/1547 1548/1548/1548
f 1511/1511/1511 1554/1554/1554 1555/1555/1555
f 1510/1510/1510 1554/1554/1554 1511/1511/1511
f 1515/1515/1515 1510/1510/1510 1511/1511/1511
f 1514/1514/1514 1510/1510/1510 1515/1515/1515
f 1517/1517/1517 1514/1514/1514 1515/1515/1515
f 1516/1516/1516 1514/1514/1514 1517/1517/1517
f 1497/1497/1497 1516/1516/1516 1517/1517/1517
f 1512/1512/1512 1556/1556/1556 1557/1557/1557
f 1558/1558/1558 1556/1556/1556 1512/1512/1512
f 1566/1566/1566 1558/1558/1558 1512/1512/1512
f 1513/1513/1513 1559/1559/1559 1560/1560/1560
f 1561/1561/1561 1559/1559/1559 1513/1513/1513
f 1493/1493/1493 1561/1561/1561 1513/1513/1513
f 1565/1565/1565 1567/1567/1567 1569/1569/1569
f 1563/1563/1563 1567/1567/1567 1565/1565/1565
f 1562/1562/1562 1563/1563/1563 1565/1565/1565
f 1564/1564/1564 1563/1563/1563 1562/1562/1562
f 1572/1572/1572 1486/1486/1486 1524/1524/1524
f 1489/1489/1489 1486/1486/1486 1572/1572/1572
f 1526/1526/1526 1489/1489/1489 1572/1572/1572
f 1488/1488/1488 1489/1489/1489 1526/1526/1526
f 1525/1525/1525 1488/1488/1488 1526/1526/1526
f 1487/1487/1487 1488/1488/1488 1525/1525/1525
f 1524/1524/1524 1487/1487/1487 1525/1525/1525
f 1486/1486/1486 1487/1487/1487 1524/1524/1524
f 1568/1568/1568 1566/1566/1566 1512/1512/1512
f 1492/1492/1492 1568/1568/1568 1512/1512/1512
f 1541/1541/1541 1568/1568/1568 1492/1492/1492
f 1539/1539/1539 1541/1541/1541 1492/1492/1492
f 1506/1506/1506 1573/1573/1573 1507/1507/1507
f 1553/1553/1553 1573/1573/1573 1506/1506/1506
f 1509/1509/1509 1553/1553/1553 1506/1506/1506
f 1552/1552/1552 1553/1553/1553 1509/1509/1509
f 1508/1508/1508 1552/1552/1552 1509/1509/1509
f 1551/1551/1551 1552/1552/1552 1508/1508/1508
f 1507/1507/1507 1551/1551/1551 1508/1508/1508
f 1573/1573/1573 1551/1551/1551 1507/1507/1507
f 1542/1542/1542 1565/1565/1565 1569/1569/1569
f 1537/1537/1537 1565/1565/1565 1542/1542/1542
g Combined Mesh (root: scene)_23
f 1577/1577/1577 1574/1574/1574 1576/1576/1576
f 1575/1575/1575 1574/1574/1574 1577/1577/1577
f 1581/1581/1581 1578/1578/1578 1580/1580/1580
f 1579/1579/1579 1578/1578/1578 1581/1581/1581
f 1666/1666/1666 1614/1614/1614 1615/1615/1615
f 1667/1667/1667 1614/1614/1614 1666/1666/1666
f 1617/1617/1617 1616/1616/1616 1618/1618/1618
f 1619/1619/1619 1616/1616/1616 1617/1617/1617
f 1593/1593/1593 1592/1592/1592 1612/1612/1612
f 1590/1590/1590 1592/1592/1592 1593/1593/1593
f 1591/1591/1591 1590/1590/1590 1593/1593/1593
f 1586/1586/1586 1590/1590/1590 1591/1591/1591
f 1587/1587/1587 1586/1586/1586 1591/1591/1591
f 1623/1623/1623 1586/1586/1586 1587/1587/1587
f 1624/1624/1624 1623/1623/1623 1587/1587/1587
f 1588/1588/1588 1626/1626/1626 1635/1635/1635
f 1625/1625/1625 1626/1626/1626 1588/1588/1588
f 1627/1627/1627 1625/1625/1625 1588/1588/1588
f 1589/1589/1589 1629/1629/1629 1657/1657/1657
f 1628/1628/1628 1629/1629/1629 1589/1589/1589
f 1630/1630/1630 1628/1628/1628 1589/1589/1589
f 1633/1633/1633 1638/1638/1638 1636/1636/1636
f 1632/1632/1632 1633/1633/1633 1636/1636/1636
f 1631/1631/1631 1633/1633/1633 1632/1632/1632
f 1634/1634/1634 1631/1631/1631 1632/1632/1632
f 1597/1597/1597 1594/1594/1594 1595/1595/1595
f 1596/1596/1596 1594/1594/1594 1597/1597/1597
f 1601/1601/1601 1598/1598/1598 1599/1599/1599
f 1600/1600/1600 1598/1598/1598 1601/1601/1601
f 1640/1640/1640 1639/1639/1639 1641/1641/1641
f 1642/1642/1642 1639/1639/1639 1640/1640/1640
f 1644/1644/1644 1643/1643/1643 1645/1645/1645
f 1646/1646/1646 1643/1643/1643 1644/1644/1644
f 1607/1607/1607 1650/1650/1650 1651/1651/1651
f 1606/1606/1606 1650/1650/1650 1607/1607/1607
f 1611/1611/1611 1606/1606/1606 1607/1607/1607
f 1610/1610/1610 1606/1606/1606 1611/1611/1611
f 1613/1613/1613 1610/1610/1610 1611/1611/1611
f 1612/1612/1612 1610/1610/1610 1613/1613/1613
f 1593/1593/1593 1612/1612/1612 1613/1613/1613
f 1608/1608/1608 1652/1652/1652 1653/1653/1653
f 1654/1654/1654 1652/1652/1652 1608/1608/1608
f 1662/1662/1662 1654/1654/1654 1608/1608/1608
f 1609/1609/1609 1655/1655/1655 1656/1656/1656
f 1657/1657/1657 1655/1655/1655 1609/1609/1609
f 1589/1589/1589 1657/1657/1657 1609/1609/1609
f 1661/1661/1661 1663/1663/1663 1665/1665/1665
f 1659/1659/1659 1663/1663/1663 1661/1661/1661
f 1658/1658/1658 1659/1659/1659 1661/1661/1661
f 1660/1660/1660 1659/1659/1659 1658/1658/1658
f 1668/1668/1668 1582/1582/1582 1620/1620/1620
f 1585/1585/1585 1582/1582/1582 1668/1668/1668
f 1622/1622/1622 1585/1585/1585 1668/1668/1668
f 1584/1584/1584 1585/1585/1585 1622/1622/1622
f 1621/1621/1621 1584/1584/1584 1622/1622/1622
f 1583/1583/1583 1584/1584/1584 1621/1621/1621
f 1620/1620/1620 1583/1583/1583 1621/1621/1621
f 1582/1582/1582 1583/1583/1583 1620/1620/1620
f 1664/1664/1664 1662/1662/1662 1608/1608/1608
f 1588/1588/1588 1664/1664/1664 1608/1608/1608
f 1637/1637/1637 1664/1664/1664 1588/1588/1588
f 1635/1635/1635 1637/1637/1637 1588/1588/1588
f 1602/1602/1602 1669/1669/1669 1603/1603/1603
f 1649/1649/1649 1669/1669/1669 1602/1602/1602
f 1605/1605/1605 1649/1649/1649 1602/1602/1602
f 1648/1648/1648 1649/1649/1649 1605/1605/1605
f 1604/1604/1604 1648/1648/1648 1605/1605/1605
f 1647/1647/1647 1648/1648/1648 1604/1604/1604
f 1603/1603/1603 1647/1647/1647 1604/1604/1604
f 1669/1669/1669 1647/1647/1647 1603/1603/1603
f 1638/1638/1638 1661/1661/1661 1665/1665/1665
f 1633/1633/1633 1661/1661/1661 1638/1638/1638
g Combined Mesh (root: scene)_24
f 1673/1673/1673 1670/1670/1670 1672/1672/1672
f 1671/1671/1671 1670/1670/1670 1673/1673/1673
f 1677/1677/1677 1674/1674/1674 1676/1676/1676
f 1675/1675/1675 1674/1674/1674 1677/1677/1677
f 1762/1762/1762 1710/1710/1710 1711/1711/1711
f 1763/1763/1763 1710/1710/1710 1762/1762/1762
f 1713/1713/1713 1712/1712/1712 1714/1714/1714
f 1715/1715/1715 1712/1712/1712 1713/1713/1713
f 1689/1689/1689 1688/1688/1688 1708/1708/1708
f 1686/1686/1686 1688/1688/1688 1689/1689/1689
f 1687/1687/1687 1686/1686/1686 1689/1689/1689
f 1682/1682/1682 1686/1686/1686 1687/1687/1687
f 1683/1683/1683 1682/1682/1682 1687/1687/1687
f 1719/1719/1719 1682/1682/1682 1683/1683/1683
f 1720/1720/1720 1719/1719/1719 1683/1683/1683
f 1684/1684/1684 1722/1722/1722 1731/1731/1731
f 1721/1721/1721 1722/1722/1722 1684/1684/1684
f 1723/1723/1723 1721/1721/1721 1684/1684/1684
f 1685/1685/1685 1725/1725/1725 1753/1753/1753
f 1724/1724/1724 1725/1725/1725 1685/1685/1685
f 1726/1726/1726 1724/1724/1724 1685/1685/1685
f 1729/1729/1729 1734/1734/1734 1732/1732/1732
f 1728/1728/1728 1729/1729/1729 1732/1732/1732
f 1727/1727/1727 1729/1729/1729 1728/1728/1728
f 1730/1730/1730 1727/1727/1727 1728/1728/1728
f 1693/1693/1693 1690/1690/1690 1691/1691/1691
f 1692/1692/1692 1690/1690/1690 1693/1693/1693
f 1697/1697/1697 1694/1694/1694 1695/1695/1695
f 1696/1696/1696 1694/1694/1694 1697/1697/1697
f 1736/1736/1736 1735/1735/1735 1737/1737/1737
f 1738/1738/1738 1735/1735/1735 1736/1736/1736
f 1740/1740/1740 1739/1739/1739 1741/1741/1741
f 1742/1742/1742 1739/1739/1739 1740/1740/1740
f 1703/1703/1703 1746/1746/1746 1747/1747/1747
f 1702/1702/1702 1746/1746/1746 1703/1703/1703
f 1707/1707/1707 1702/1702/1702 1703/1703/1703
f 1706/1706/1706 1702/1702/1702 1707/1707/1707
f 1709/1709/1709 1706/1706/1706 1707/1707/1707
f 1708/1708/1708 1706/1706/1706 1709/1709/1709
f 1689/1689/1689 1708/1708/1708 1709/1709/1709
f 1704/1704/1704 1748/1748/1748 1749/1749/1749
f 1750/1750/1750 1748/1748/1748 1704/1704/1704
f 1758/1758/1758 1750/1750/1750 1704/1704/1704
f 1705/1705/1705 1751/1751/1751 1752/1752/1752
f 1753/1753/1753 1751/1751/1751 1705/1705/1705
f 1685/1685/1685 1753/1753/1753 1705/1705/1705
f 1757/1757/1757 1759/1759/1759 1761/1761/1761
f 1755/1755/1755 1759/1759/1759 1757/1757/1757
f 1754/1754/1754 1755/1755/1755 1757/1757/1757
f 1756/1756/1756 1755/1755/1755 1754/1754/1754
f 1764/1764/1764 1678/1678/1678 1716/1716/1716
f 1681/1681/1681 1678/1678/1678 1764/1764/1764
f 1718/1718/1718 1681/1681/1681 1764/1764/1764
f 1680/1680/1680 1681/1681/1681 1718/1718/1718
f 1717/1717/1717 1680/1680/1680 1718/1718/1718
f 1679/1679/1679 1680/1680/1680 1717/1717/1717
f 1716/1716/1716 1679/1679/1679 1717/1717/1717
f 1678/1678/1678 1679/1679/1679 1716/1716/1716
f 1760/1760/1760 1758/1758/1758 1704/1704/1704
f 1684/1684/1684 1760/1760/1760 1704/1704/1704
f 1733/1733/1733 1760/1760/1760 1684/1684/1684
f 1731/1731/1731 1733/1733/1733 1684/1684/1684
f 1698/1698/1698 1765/1765/1765 1699/1699/1699
f 1745/1745/1745 1765/1765/1765 1698/1698/1698
f 1701/1701/1701 1745/1745/1745 1698/1698/1698
f 1744/1744/1744 1745/1745/1745 1701/1701/1701
f 1700/1700/1700 1744/1744/1744 1701/1701/1701
f 1743/1743/1743 1744/1744/1744 1700/1700/1700
f 1699/1699/1699 1743/1743/1743 1700/1700/1700
f 1765/1765/1765 1743/1743/1743 1699/1699/1699
f 1734/1734/1734 1757/1757/1757 1761/1761/1761
f 1729/1729/1729 1757/1757/1757 1734/1734/1734
g Combined Mesh (root: scene)_25
f 1769/1769/1769 1775/1775/1775 1770/1770/1770
f 1774/1774/1774 1775/1775/1775 1769/1769/1769
f 1768/1768/1768 1774/1774/1774 1769/1769/1769
f 1773/1773/1773 1774/1774/1774 1768/1768/1768
f 1767/1767/1767 1773/1773/1773 1768/1768/1768
f 1772/1772/1772 1773/1773/1773 1767/1767/1767
f 1766/1766/1766 1772/1772/1772 1767/1767/1767
f 1771/1771/1771 1772/1772/1772 1766/1766/1766
g Combined Mesh (root: scene)_26
f 1779/1779/1779 1785/1785/1785 1780/1780/1780
f 1784/1784/1784 1785/1785/1785 1779/1779/1779
f 1778/1778/1778 1784/1784/1784 1779/1779/1779
f 1783/1783/1783 1784/1784/1784 1778/1778/1778
f 1777/1777/1777 1783/1783/1783 1778/1778/1778
f 1782/1782/1782 1783/1783/1783 1777/1777/1777
f 1776/1776/1776 1782/1782/1782 1777/1777/1777
f 1781/1781/1781 1782/1782/1782 1776/1776/1776
g Combined Mesh (root: scene)_27
f 1787/1787/1787 1788/1788/1788 1791/1791/1791
f 1790/1790/1790 1787/1787/1787 1791/1791/1791
f 1786/1786/1786 1787/1787/1787 1790/1790/1790
f 1789/1789/1789 1786/1786/1786 1790/1790/1790
g Combined Mesh (root: scene)_28
f 1795/1795/1795 1792/1792/1792 1794/1794/1794
f 1793/1793/1793 1792/1792/1792 1795/1795/1795
f 1799/1799/1799 1796/1796/1796 1798/1798/1798
f 1797/1797/1797 1796/1796/1796 1799/1799/1799
f 1884/1884/1884 1832/1832/1832 1833/1833/1833
f 1885/1885/1885 1832/1832/1832 1884/1884/1884
f 1835/1835/1835 1834/1834/1834 1836/1836/1836
f 1837/1837/1837 1834/1834/1834 1835/1835/1835
f 1811/1811/1811 1810/1810/1810 1830/1830/1830
f 1808/1808/1808 1810/1810/1810 1811/1811/1811
f 1809/1809/1809 1808/1808/1808 1811/1811/1811
f 1804/1804/1804 1808/1808/1808 1809/1809/1809
f 1805/1805/1805 1804/1804/1804 1809/1809/1809
f 1841/1841/1841 1804/1804/1804 1805/1805/1805
f 1842/1842/1842 1841/1841/1841 1805/1805/1805
f 1806/1806/1806 1844/1844/1844 1853/1853/1853
f 1843/1843/1843 1844/1844/1844 1806/1806/1806
f 1845/1845/1845 1843/1843/1843 1806/1806/1806
f 1807/1807/1807 1847/1847/1847 1875/1875/1875
f 1846/1846/1846 1847/1847/1847 1807/1807/1807
f 1848/1848/1848 1846/1846/1846 1807/1807/1807
f 1851/1851/1851 1856/1856/1856 1854/1854/1854
f 1850/1850/1850 1851/1851/1851 1854/1854/1854
f 1849/1849/1849 1851/1851/1851 1850/1850/1850
f 1852/1852/1852 1849/1849/1849 1850/1850/1850
f 1815/1815/1815 1812/1812/1812 1813/1813/1813
f 1814/1814/1814 1812/1812/1812 1815/1815/1815
f 1819/1819/1819 1816/1816/1816 1817/1817/1817
f 1818/1818/1818 1816/1816/1816 1819/1819/1819
f 1858/1858/1858 1857/1857/1857 1859/1859/1859
f 1860/1860/1860 1857/1857/1857 1858/1858/1858
f 1862/1862/1862 1861/1861/1861 1863/1863/1863
f 1864/1864/1864 1861/1861/1861 1862/1862/1862
f 1825/1825/1825 1868/1868/1868 1869/1869/1869
f 1824/1824/1824 1868/1868/1868 1825/1825/1825
f 1829/1829/1829 1824/1824/1824 1825/1825/1825
f 1828/1828/1828 1824/1824/1824 1829/1829/1829
f 1831/1831/1831 1828/1828/1828 1829/1829/1829
f 1830/1830/1830 1828/1828/1828 1831/1831/1831
f 1811/1811/1811 1830/1830/1830 1831/1831/1831
f 1826/1826/1826 1870/1870/1870 1871/1871/1871
f 1872/1872/1872 1870/1870/1870 1826/1826/1826
f 1880/1880/1880 1872/1872/1872 1826/1826/1826
f 1827/1827/1827 1873/1873/1873 1874/1874/1874
f 1875/1875/1875 1873/1873/1873 1827/1827/1827
f 1807/1807/1807 1875/1875/1875 1827/1827/1827
f 1879/1879/1879 1881/1881/1881 1883/1883/1883
f 1877/1877/1877 1881/1881/1881 1879/1879/1879
f 1876/1876/1876 1877/1877/1877 1879/1879/1879
f 1878/1878/1878 1877/1877/1877 1876/1876/1876
f 1886/1886/1886 1800/1800/1800 1838/1838/1838
f 1803/1803/1803 1800/1800/1800 1886/1886/1886
f 1840/1840/1840 1803/1803/1803 1886/1886/1886
f 1802/1802/1802 1803/1803/1803 1840/1840/1840
f 1839/1839/1839 1802/1802/1802 1840/1840/1840
f 1801/1801/1801 1802/1802/1802 1839/1839/1839
f 1838/1838/1838 1801/1801/1801 1839/1839/1839
f 1800/1800/1800 1801/1801/1801 1838/1838/1838
f 1882/1882/1882 1880/1880/1880 1826/1826/1826
f 1806/1806/1806 1882/1882/1882 1826/1826/1826
f 1855/1855/1855 1882/1882/1882 1806/1806/1806
f 1853/1853/1853 1855/1855/1855 1806/1806/1806
f 1820/1820/1820 1887/1887/1887 1821/1821/1821
f 1867/1867/1867 1887/1887/1887 1820/1820/1820
f 1823/1823/1823 1867/1867/1867 1820/1820/1820
f 1866/1866/1866 1867/1867/1867 1823/1823/1823
f 1822/1822/1822 1866/1866/1866 1823/1823/1823
f 1865/1865/1865 1866/1866/1866 1822/1822/1822
f 1821/1821/1821 1865/1865/1865 1822/1822/1822
f 1887/1887/1887 1865/1865/1865 1821/1821/1821
f 1856/1856/1856 1879/1879/1879 1883/1883/1883
f 1851/1851/1851 1879/1879/1879 1856/1856/1856
g Combined Mesh (root: scene)_29
f 1891/1891/1891 1888/1888/1888 1890/1890/1890
f 1889/1889/1889 1888/1888/1888 1891/1891/1891
f 1895/1895/1895 1892/1892/1892 1894/1894/1894
f 1893/1893/1893 1892/1892/1892 1895/1895/1895
f 1980/1980/1980 1928/1928/1928 1929/1929/1929
f 1981/1981/1981 1928/1928/1928 1980/1980/1980
f 1931/1931/1931 1930/1930/1930 1932/1932/1932
f 1933/1933/1933 1930/1930/1930 1931/1931/1931
f 1907/1907/1907 1906/1906/1906 1926/1926/1926
f 1904/1904/1904 1906/1906/1906 1907/1907/1907
f 1905/1905/1905 1904/1904/1904 1907/1907/1907
f 1900/1900/1900 1904/1904/1904 1905/1905/1905
f 1901/1901/1901 1900/1900/1900 1905/1905/1905
f 1937/1937/1937 1900/1900/1900 1901/1901/1901
f 1938/1938/1938 1937/1937/1937 1901/1901/1901
f 1902/1902/1902 1940/1940/1940 1949/1949/1949
f 1939/1939/1939 1940/1940/1940 1902/1902/1902
f 1941/1941/1941 1939/1939/1939 1902/1902/1902
f 1903/1903/1903 1943/1943/1943 1971/1971/1971
f 1942/1942/1942 1943/1943/1943 1903/1903/1903
f 1944/1944/1944 1942/1942/1942 1903/1903/1903
f 1947/1947/1947 1952/1952/1952 1950/1950/1950
f 1946/1946/1946 1947/1947/1947 1950/1950/1950
f 1945/1945/1945 1947/1947/1947 1946/1946/1946
f 1948/1948/1948 1945/1945/1945 1946/1946/1946
f 1911/1911/1911 1908/1908/1908 1909/1909/1909
f 1910/1910/1910 1908/1908/1908 1911/1911/1911
f 1915/1915/1915 1912/1912/1912 1913/1913/1913
f 1914/1914/1914 1912/1912/1912 1915/1915/1915
f 1954/1954/1954 1953/1953/1953 1955/1955/1955
f 1956/1956/1956 1953/1953/1953 1954/1954/1954
f 1958/1958/1958 1957/1957/1957 1959/1959/1959
f 1960/1960/1960 1957/1957/1957 1958/1958/1958
f 1921/1921/1921 1964/1964/1964 1965/1965/1965
f 1920/1920/1920 1964/1964/1964 1921/1921/1921
f 1925/1925/1925 1920/1920/1920 1921/1921/1921
f 1924/1924/1924 1920/1920/1920 1925/1925/1925
f 1927/1927/1927 1924/1924/1924 1925/1925/1925
f 1926/1926/1926 1924/1924/1924 1927/1927/1927
f 1907/1907/1907 1926/1926/1926 1927/1927/1927
f 1922/1922/1922 1966/1966/1966 1967/1967/1967
f 1968/1968/1968 1966/1966/1966 1922/1922/1922
f 1976/1976/1976 1968/1968/1968 1922/1922/1922
f 1923/1923/1923 1969/1969/1969 1970/1970/1970
f 1971/1971/1971 1969/1969/1969 1923/1923/1923
f 1903/1903/1903 1971/1971/1971 1923/1923/1923
f 1975/1975/1975 1977/1977/1977 1979/1979/1979
f 1973/1973/1973 1977/1977/1977 1975/1975/1975
f 1972/1972/1972 1973/1973/1973 1975/1975/1975
f 1974/1974/1974 1973/1973/1973 1972/1972/1972
f 1982/1982/1982 1896/1896/1896 1934/1934/1934
f 1899/1899/1899 1896/1896/1896 1982/1982/1982
f 1936/1936/1936 1899/1899/1899 1982/1982/1982
f 1898/1898/1898 1899/1899/1899 1936/1936/1936
f 1935/1935/1935 1898/1898/1898 1936/1936/1936
f 1897/1897/1897 1898/1898/1898 1935/1935/1935
f 1934/1934/1934 1897/1897/1897 1935/1935/1935
f 1896/1896/1896 1897/1897/1897 1934/1934/1934
f 1978/1978/1978 1976/1976/1976 1922/1922/1922
f 1902/1902/1902 1978/1978/1978 1922/1922/1922
f 1951/1951/1951 1978/1978/1978 1902/1902/1902
f 1949/1949/1949 1951/1951/1951 1902/1902/1902
f 1916/1916/1916 1983/1983/1983 1917/1917/1917
f 1963/1963/1963 1983/1983/1983 1916/1916/1916
f 1919/1919/1919 1963/1963/1963 1916/1916/1916
f 1962/1962/1962 1963/1963/1963 1919/1919/1919
f 1918/1918/1918 1962/1962/1962 1919/1919/1919
f 1961/1961/1961 1962/1962/1962 1918/1918/1918
f 1917/1917/1917 1961/1961/1961 1918/1918/1918
f 1983/1983/1983 1961/1961/1961 1917/1917/1917
f 1952/1952/1952 1975/1975/1975 1979/1979/1979
f 1947/1947/1947 1975/1975/1975 1952/1952/1952
g Combined Mesh (root: scene)_30
f 1989/1989/1989 1988/1988/1988 1985/1985/1985
f 1984/1984/1984 1988/1988/1988 1989/1989/1989
f 1986/1986/1986 1984/1984/1984 1989/1989/1989
f 1987/1987/1987 1989/1989/1989 1985/1985/1985
g Combined Mesh (root: scene)_31
f 1995/1995/1995 1994/1994/1994 1991/1991/1991
f 1990/1990/1990 1994/1994/1994 1995/1995/1995
f 1992/1992/1992 1990/1990/1990 1995/1995/1995
f 1993/1993/1993 1995/1995/1995 1991/1991/1991
g Combined Mesh (root: scene)_32
f 1999/1999/1999 1996/1996/1996 1998/1998/1998
f 1997/1997/1997 1996/1996/1996 1999/1999/1999
f 2003/2003/2003 2000/2000/2000 2002/2002/2002
f 2001/2001/2001 2000/2000/2000 2003/2003/2003
f 2088/2088/2088 2036/2036/2036 2037/2037/2037
f 2089/2089/2089 2036/2036/2036 2088/2088/2088
f 2039/2039/2039 2038/2038/2038 2040/2040/2040
f 2041/2041/2041 2038/2038/2038 2039/2039/2039
f 2015/2015/2015 2014/2014/2014 2034/2034/2034
f 2012/2012/2012 2014/2014/2014 2015/2015/2015
f 2013/2013/2013 2012/2012/2012 2015/2015/2015
f 2008/2008/2008 2012/2012/2012 2013/2013/2013
f 2009/2009/2009 2008/2008/2008 2013/2013/2013
f 2045/2045/2045 2008/2008/2008 2009/2009/2009
f 2046/2046/2046 2045/2045/2045 2009/2009/2009
f 2010/2010/2010 2048/2048/2048 2057/2057/2057
f 2047/2047/2047 2048/2048/2048 2010/2010/2010
f 2049/2049/2049 2047/2047/2047 2010/2010/2010
f 2011/2011/2011 2051/2051/2051 2079/2079/2079
f 2050/2050/2050 2051/2051/2051 2011/2011/2011
f 2052/2052/2052 2050/2050/2050 2011/2011/2011
f 2055/2055/2055 2060/2060/2060 2058/2058/2058
f 2054/2054/2054 2055/2055/2055 2058/2058/2058
f 2053/2053/2053 2055/2055/2055 2054/2054/2054
f 2056/2056/2056 2053/2053/2053 2054/2054/2054
f 2019/2019/2019 2016/2016/2016 2017/2017/2017
f 2018/2018/2018 2016/2016/2016 2019/2019/2019
f 2023/2023/2023 2020/2020/2020 2021/2021/2021
f 2022/2022/2022 2020/2020/2020 2023/2023/2023
f 2062/2062/2062 2061/2061/2061 2063/2063/2063
f 2064/2064/2064 2061/2061/2061 2062/2062/2062
f 2066/2066/2066 2065/2065/2065 2067/2067/2067
f 2068/2068/2068 2065/2065/2065 2066/2066/2066
f 2029/2029/2029 2072/2072/2072 2073/2073/2073
f 2028/2028/2028 2072/2072/2072 2029/2029/2029
f 2033/2033/2033 2028/2028/2028 2029/2029/2029
f 2032/2032/2032 2028/2028/2028 2033/2033/2033
f 2035/2035/2035 2032/2032/2032 2033/2033/2033
f 2034/2034/2034 2032/2032/2032 2035/2035/2035
f 2015/2015/2015 2034/2034/2034 2035/2035/2035
f 2030/2030/2030 2074/2074/2074 2075/2075/2075
f 2076/2076/2076 2074/2074/2074 2030/2030/2030
f 2084/2084/2084 2076/2076/2076 2030/2030/2030
f 2031/2031/2031 2077/2077/2077 2078/2078/2078
f 2079/2079/2079 2077/2077/2077 2031/2031/2031
f 2011/2011/2011 2079/2079/2079 2031/2031/2031
f 2083/2083/2083 2085/2085/2085 2087/2087/2087
f 2081/2081/2081 2085/2085/2085 2083/2083/2083
f 2080/2080/2080 2081/2081/2081 2083/2083/2083
f 2082/2082/2082 2081/2081/2081 2080/2080/2080
f 2090/2090/2090 2004/2004/2004 2042/2042/2042
f 2007/2007/2007 2004/2004/2004 2090/2090/2090
f 2044/2044/2044 2007/2007/2007 2090/2090/2090
f 2006/2006/2006 2007/2007/2007 2044/2044/2044
f 2043/2043/2043 2006/2006/2006 2044/2044/2044
f 2005/2005/2005 2006/2006/2006 2043/2043/2043
f 2042/2042/2042 2005/2005/2005 2043/2043/2043
f 2004/2004/2004 2005/2005/2005 2042/2042/2042
f 2086/2086/2086 2084/2084/2084 2030/2030/2030
f 2010/2010/2010 2086/2086/2086 2030/2030/2030
f 2059/2059/2059 2086/2086/2086 2010/2010/2010
f 2057/2057/2057 2059/2059/2059 2010/2010/2010
f 2024/2024/2024 2091/2091/2091 2025/2025/2025
f 2071/2071/2071 2091/2091/2091 2024/2024/2024
f 2027/2027/2027 2071/2071/2071 2024/2024/2024
f 2070/2070/2070 2071/2071/2071 2027/2027/2027
f 2026/2026/2026 2070/2070/2070 2027/2027/2027
f 2069/2069/2069 2070/2070/2070 2026/2026/2026
f 2025/2025/2025 2069/2069/2069 2026/2026/2026
f 2091/2091/2091 2069/2069/2069 2025/2025/2025
f 2060/2060/2060 2083/2083/2083 2087/2087/2087
f 2055/2055/2055 2083/2083/2083 2060/2060/2060
g Combined Mesh (root: scene)_33
f 2097/2097/2097 2096/2096/2096 2093/2093/2093
f 2092/2092/2092 2096/2096/2096 2097/2097/2097
f 2094/2094/2094 2092/2092/2092 2097/2097/2097
f 2095/2095/2095 2097/2097/2097 2093/2093/2093
g Combined Mesh (root: scene)_34
f 2112/2112/2112 2105/2105/2105 2099/2099/2099
f 2114/2114/2114 2201/2201/2201 2202/2202/2202
f 2290/2290/2290 2289/2289/2289 2207/2207/2207
f 2292/2292/2292 2291/2291/2291 2208/2208/2208
f 2121/2121/2121 2127/2127/2127 2134/2134/2134
f 2212/2212/2212 2211/2211/2211 2136/2136/2136
f 2217/2217/2217 2297/2297/2297 2298/2298/2298
f 2218/2218/2218 2299/2299/2299 2300/2300/2300
f 2304/2304/2304 2303/2303/2303 2305/2305/2305
f 2307/2307/2307 2306/2306/2306 2308/2308/2308
f 2318/2318/2318 2317/2317/2317 2319/2319/2319
f 2326/2326/2326 2325/2325/2325 2327/2327/2327
f 2329/2329/2329 2328/2328/2328 2330/2330/2330
f 2340/2340/2340 2339/2339/2339 2341/2341/2341
f 2115/2115/2115 2109/2109/2109 2110/2110/2110
f 2107/2107/2107 2109/2109/2109 2115/2115/2115
f 2102/2102/2102 2107/2107/2107 2115/2115/2115
f 2101/2101/2101 2107/2107/2107 2102/2102/2102
f 2111/2111/2111 2285/2285/2285 2098/2098/2098
f 2286/2286/2286 2285/2285/2285 2111/2111/2111
f 2203/2203/2203 2100/2100/2100 2204/2204/2204
f 2106/2106/2106 2100/2100/2100 2203/2203/2203
f 2113/2113/2113 2287/2287/2287 2205/2205/2205
f 2288/2288/2288 2287/2287/2287 2113/2113/2113
f 2108/2108/2108 2206/2206/2206 2103/2103/2103
f 2104/2104/2104 2206/2206/2206 2108/2108/2108
f 2117/2117/2117 2209/2209/2209 2210/2210/2210
f 2116/2116/2116 2209/2209/2209 2117/2117/2117
f 2119/2119/2119 2116/2116/2116 2117/2117/2117
f 2118/2118/2118 2116/2116/2116 2119/2119/2119
f 2138/2138/2138 2118/2118/2118 2119/2119/2119
f 2137/2137/2137 2132/2132/2132 2131/2131/2131
f 2129/2129/2129 2137/2137/2137 2131/2131/2131
f 2124/2124/2124 2137/2137/2137 2129/2129/2129
f 2123/2123/2123 2124/2124/2124 2129/2129/2129
f 2133/2133/2133 2293/2293/2293 2294/2294/2294
f 2120/2120/2120 2293/2293/2293 2133/2133/2133
f 2213/2213/2213 2122/2122/2122 2128/2128/2128
f 2214/2214/2214 2122/2122/2122 2213/2213/2213
f 2135/2135/2135 2295/2295/2295 2296/2296/2296
f 2215/2215/2215 2295/2295/2295 2135/2135/2135
f 2130/2130/2130 2216/2216/2216 2126/2126/2126
f 2125/2125/2125 2216/2216/2216 2130/2130/2130
f 2139/2139/2139 2138/2138/2138 2119/2119/2119
f 2219/2219/2219 2138/2138/2138 2139/2139/2139
f 2220/2220/2220 2219/2219/2219 2139/2139/2139
f 2164/2164/2164 2240/2240/2240 2239/2239/2239
f 2143/2143/2143 2164/2164/2164 2239/2239/2239
f 2301/2301/2301 2164/2164/2164 2143/2143/2143
f 2302/2302/2302 2301/2301/2301 2143/2143/2143
f 2158/2158/2158 2157/2157/2157 2159/2159/2159
f 2156/2156/2156 2157/2157/2157 2158/2158/2158
f 2221/2221/2221 2156/2156/2156 2158/2158/2158
f 2140/2140/2140 2150/2150/2150 2144/2144/2144
f 2145/2145/2145 2150/2150/2150 2140/2140/2140
f 2141/2141/2141 2145/2145/2145 2140/2140/2140
f 2146/2146/2146 2145/2145/2145 2141/2141/2141
f 2142/2142/2142 2146/2146/2146 2141/2141/2141
f 2147/2147/2147 2146/2146/2146 2142/2142/2142
f 2221/2221/2221 2147/2147/2147 2142/2142/2142
f 2148/2148/2148 2147/2147/2147 2221/2221/2221
f 2158/2158/2158 2148/2148/2148 2221/2221/2221
f 2223/2223/2223 2155/2155/2155 2228/2228/2228
f 2151/2151/2151 2155/2155/2155 2223/2223/2223
f 2222/2222/2222 2151/2151/2151 2223/2223/2223
f 2152/2152/2152 2151/2151/2151 2222/2222/2222
f 2224/2224/2224 2152/2152/2152 2222/2222/2222
f 2153/2153/2153 2152/2152/2152 2224/2224/2224
f 2225/2225/2225 2153/2153/2153 2224/2224/2224
f 2154/2154/2154 2153/2153/2153 2225/2225/2225
f 2226/2226/2226 2149/2149/2149 2227/2227/2227
f 2165/2165/2165 2149/2149/2149 2226/2226/2226
f 2229/2229/2229 2165/2165/2165 2226/2226/2226
f 2229/2229/2229 2226/2226/2226 2230/2230/2230
f 2160/2160/2160 2310/2310/2310 2309/2309/2309
f 2161/2161/2161 2160/2160/2160 2309/2309/2309
f 2231/2231/2231 2160/2160/2160 2161/2161/2161
f 2232/2232/2232 2231/2231/2231 2161/2161/2161
f 2162/2162/2162 2314/2314/2314 2313/2313/2313
f 2163/2163/2163 2162/2162/2162 2313/2313/2313
f 2233/2233/2233 2162/2162/2162 2163/2163/2163
f 2234/2234/2234 2233/2233/2233 2163/2163/2163
f 2235/2235/2235 2311/2311/2311 2236/2236/2236
f 2312/2312/2312 2311/2311/2311 2235/2235/2235
f 2237/2237/2237 2315/2315/2315 2238/2238/2238
f 2316/2316/2316 2315/2315/2315 2237/2237/2237
f 2242/2242/2242 2241/2241/2241 2243/2243/2243
f 2244/2244/2244 2241/2241/2241 2242/2242/2242
f 2233/2233/2233 2291/2291/2291 2162/2162/2162
f 2170/2170/2170 2322/2322/2322 2343/2343/2343
f 2321/2321/2321 2322/2322/2322 2170/2170/2170
f 2167/2167/2167 2321/2321/2321 2170/2170/2170
f 2320/2320/2320 2321/2321/2321 2167/2167/2167
f 2245/2245/2245 2320/2320/2320 2167/2167/2167
f 2247/2247/2247 2252/2252/2252 2171/2171/2171
f 2168/2168/2168 2247/2247/2247 2171/2171/2171
f 2246/2246/2246 2247/2247/2247 2168/2168/2168
f 2248/2248/2248 2246/2246/2246 2168/2168/2168
f 2250/2250/2250 2253/2253/2253 2169/2169/2169
f 2166/2166/2166 2250/2250/2250 2169/2169/2169
f 2249/2249/2249 2250/2250/2250 2166/2166/2166
f 2251/2251/2251 2249/2249/2249 2166/2166/2166
f 2196/2196/2196 2272/2272/2272 2273/2273/2273
f 2175/2175/2175 2272/2272/2272 2196/2196/2196
f 2323/2323/2323 2175/2175/2175 2196/2196/2196
f 2324/2324/2324 2175/2175/2175 2323/2323/2323
f 2190/2190/2190 2188/2188/2188 2254/2254/2254
f 2189/2189/2189 2188/2188/2188 2190/2190/2190
f 2191/2191/2191 2189/2189/2189 2190/2190/2190
f 2254/2254/2254 2180/2180/2180 2190/2190/2190
f 2179/2179/2179 2180/2180/2180 2254/2254/2254
f 2174/2174/2174 2179/2179/2179 2254/2254/2254
f 2178/2178/2178 2179/2179/2179 2174/2174/2174
f 2173/2173/2173 2178/2178/2178 2174/2174/2174
f 2177/2177/2177 2178/2178/2178 2173/2173/2173
f 2172/2172/2172 2177/2177/2177 2173/2173/2173
f 2182/2182/2182 2177/2177/2177 2172/2172/2172
f 2176/2176/2176 2182/2182/2182 2172/2172/2172
f 2256/2256/2256 2261/2261/2261 2187/2187/2187
f 2183/2183/2183 2256/2256/2256 2187/2187/2187
f 2255/2255/2255 2256/2256/2256 2183/2183/2183
f 2184/2184/2184 2255/2255/2255 2183/2183/2183
f 2257/2257/2257 2255/2255/2255 2184/2184/2184
f 2185/2185/2185 2257/2257/2257 2184/2184/2184
f 2258/2258/2258 2257/2257/2257 2185/2185/2185
f 2186/2186/2186 2258/2258/2258 2185/2185/2185
f 2260/2260/2260 2197/2197/2197 2262/2262/2262
f 2181/2181/2181 2197/2197/2197 2260/2260/2260
f 2259/2259/2259 2181/2181/2181 2260/2260/2260
f 2263/2263/2263 2260/2260/2260 2262/2262/2262
f 2192/2192/2192 2331/2331/2331 2332/2332/2332
f 2193/2193/2193 2331/2331/2331 2192/2192/2192
f 2264/2264/2264 2193/2193/2193 2192/2192/2192
f 2265/2265/2265 2193/2193/2193 2264/2264/2264
f 2194/2194/2194 2335/2335/2335 2336/2336/2336
f 2195/2195/2195 2335/2335/2335 2194/2194/2194
f 2266/2266/2266 2195/2195/2195 2194/2194/2194
f 2267/2267/2267 2195/2195/2195 2266/2266/2266
f 2268/2268/2268 2333/2333/2333 2334/2334/2334
f 2269/2269/2269 2333/2333/2333 2268/2268/2268
f 2270/2270/2270 2337/2337/2337 2338/2338/2338
f 2271/2271/2271 2337/2337/2337 2270/2270/2270
f 2275/2275/2275 2274/2274/2274 2276/2276/2276
f 2277/2277/2277 2274/2274/2274 2275/2275/2275
f 2194/2194/2194 2299/2299/2299 2266/2266/2266
f 2199/2199/2199 2342/2342/2342 2278/2278/2278
f 2343/2343/2343 2342/2342/2342 2199/2199/2199
f 2170/2170/2170 2343/2343/2343 2199/2199/2199
f 2281/2281/2281 2344/2344/2344 2345/2345/2345
f 2200/2200/2200 2344/2344/2344 2281/2281/2281
f 2279/2279/2279 2200/2200/2200 2281/2281/2281
f 2280/2280/2280 2200/2200/2200 2279/2279/2279
f 2284/2284/2284 2346/2346/2346 2347/2347/2347
f 2198/2198/2198 2346/2346/2346 2284/2284/2284
f 2282/2282/2282 2198/2198/2198 2284/2284/2284
f 2283/2283/2283 2198/2198/2198 2282/2282/2282
g Combined Mesh (root: scene)_35
f 2351/2351/2351 2348/2348/2348 2350/2350/2350
f 2349/2349/2349 2348/2348/2348 2351/2351/2351
f 2355/2355/2355 2352/2352/2352 2354/2354/2354
f 2353/2353/2353 2352/2352/2352 2355/2355/2355
f 2440/2440/2440 2388/2388/2388 2389/2389/2389
f 2441/2441/2441 2388/2388/2388 2440/2440/2440
f 2391/2391/2391 2390/2390/2390 2392/2392/2392
f 2393/2393/2393 2390/2390/2390 2391/2391/2391
f 2367/2367/2367 2366/2366/2366 2386/2386/2386
f 2364/2364/2364 2366/2366/2366 2367/2367/2367
f 2365/2365/2365 2364/2364/2364 2367/2367/2367
f 2360/2360/2360 2364/2364/2364 2365/2365/2365
f 2361/2361/2361 2360/2360/2360 2365/2365/2365
f 2397/2397/2397 2360/2360/2360 2361/2361/2361
f 2398/2398/2398 2397/2397/2397 2361/2361/2361
f 2362/2362/2362 2400/2400/2400 2409/2409/2409
f 2399/2399/2399 2400/2400/2400 2362/2362/2362
f 2401/2401/2401 2399/2399/2399 2362/2362/2362
f 2363/2363/2363 2403/2403/2403 2431/2431/2431
f 2402/2402/2402 2403/2403/2403 2363/2363/2363
f 2404/2404/2404 2402/2402/2402 2363/2363/2363
f 2407/2407/2407 2412/2412/2412 2410/2410/2410
f 2406/2406/2406 2407/2407/2407 2410/2410/2410
f 2405/2405/2405 2407/2407/2407 2406/2406/2406
f 2408/2408/2408 2405/2405/2405 2406/2406/2406
f 2371/2371/2371 2368/2368/2368 2369/2369/2369
f 2370/2370/2370 2368/2368/2368 2371/2371/2371
f 2375/2375/2375 2372/2372/2372 2373/2373/2373
f 2374/2374/2374 2372/2372/2372 2375/2375/2375
f 2414/2414/2414 2413/2413/2413 2415/2415/2415
f 2416/2416/2416 2413/2413/2413 2414/2414/2414
f 2418/2418/2418 2417/2417/2417 2419/2419/2419
f 2420/2420/2420 2417/2417/2417 2418/2418/2418
f 2381/2381/2381 2424/2424/2424 2425/2425/2425
f 2380/2380/2380 2424/2424/2424 2381/2381/2381
f 2385/2385/2385 2380/2380/2380 2381/2381/2381
f 2384/2384/2384 2380/2380/2380 2385/2385/2385
f 2387/2387/2387 2384/2384/2384 2385/2385/2385
f 2386/2386/2386 2384/2384/2384 2387/2387/2387
f 2367/2367/2367 2386/2386/2386 2387/2387/2387
f 2382/2382/2382 2426/2426/2426 2427/2427/2427
f 2428/2428/2428 2426/2426/2426 2382/2382/2382
f 2436/2436/2436 2428/2428/2428 2382/2382/2382
f 2383/2383/2383 2429/2429/2429 2430/2430/2430
f 2431/2431/2431 2429/2429/2429 2383/2383/2383
f 2363/2363/2363 2431/2431/2431 2383/2383/2383
f 2435/2435/2435 2437/2437/2437 2439/2439/2439
f 2433/2433/2433 2437/2437/2437 2435/2435/2435
f 2432/2432/2432 2433/2433/2433 2435/2435/2435
f 2434/2434/2434 2433/2433/2433 2432/2432/2432
f 2442/2442/2442 2356/2356/2356 2394/2394/2394
f 2359/2359/2359 2356/2356/2356 2442/2442/2442
f 2396/2396/2396 2359/2359/2359 2442/2442/2442
f 2358/2358/2358 2359/2359/2359 2396/2396/2396
f 2395/2395/2395 2358/2358/2358 2396/2396/2396
f 2357/2357/2357 2358/2358/2358 2395/2395/2395
f 2394/2394/2394 2357/2357/2357 2395/2395/2395
f 2356/2356/2356 2357/2357/2357 2394/2394/2394
f 2438/2438/2438 2436/2436/2436 2382/2382/2382
f 2362/2362/2362 2438/2438/2438 2382/2382/2382
f 2411/2411/2411 2438/2438/2438 2362/2362/2362
f 2409/2409/2409 2411/2411/2411 2362/2362/2362
f 2376/2376/2376 2443/2443/2443 2377/2377/2377
f 2423/2423/2423 2443/2443/2443 2376/2376/2376
f 2379/2379/2379 2423/2423/2423 2376/2376/2376
f 2422/2422/2422 2423/2423/2423 2379/2379/2379
f 2378/2378/2378 2422/2422/2422 2379/2379/2379
f 2421/2421/2421 2422/2422/2422 2378/2378/2378
f 2377/2377/2377 2421/2421/2421 2378/2378/2378
f 2443/2443/2443 2421/2421/2421 2377/2377/2377
f 2412/2412/2412 2435/2435/2435 2439/2439/2439
f 2407/2407/2407 2435/2435/2435 2412/2412/2412
g Combined Mesh (root: scene)_36
f 2447/2447/2447 2444/2444/2444 2446/2446/2446
f 2445/2445/2445 2444/2444/2444 2447/2447/2447
f 2451/2451/2451 2448/2448/2448 2450/2450/2450
f 2449/2449/2449 2448/2448/2448 2451/2451/2451
f 2536/2536/2536 2484/2484/2484 2485/2485/2485
f 2537/2537/2537 2484/2484/2484 2536/2536/2536
f 2487/2487/2487 2486/2486/2486 2488/2488/2488
f 2489/2489/2489 2486/2486/2486 2487/2487/2487
f 2463/2463/2463 2462/2462/2462 2482/2482/2482
f 2460/2460/2460 2462/2462/2462 2463/2463/2463
f 2461/2461/2461 2460/2460/2460 2463/2463/2463
f 2456/2456/2456 2460/2460/2460 2461/2461/2461
f 2457/2457/2457 2456/2456/2456 2461/2461/2461
f 2493/2493/2493 2456/2456/2456 2457/2457/2457
f 2494/2494/2494 2493/2493/2493 2457/2457/2457
f 2458/2458/2458 2496/2496/2496 2505/2505/2505
f 2495/2495/2495 2496/2496/2496 2458/2458/2458
f 2497/2497/2497 2495/2495/2495 2458/2458/2458
f 2459/2459/2459 2499/2499/2499 2527/2527/2527
f 2498/2498/2498 2499/2499/2499 2459/2459/2459
f 2500/2500/2500 2498/2498/2498 2459/2459/2459
f 2503/2503/2503 2508/2508/2508 2506/2506/2506
f 2502/2502/2502 2503/2503/2503 2506/2506/2506
f 2501/2501/2501 2503/2503/2503 2502/2502/2502
f 2504/2504/2504 2501/2501/2501 2502/2502/2502
f 2467/2467/2467 2464/2464/2464 2465/2465/2465
f 2466/2466/2466 2464/2464/2464 2467/2467/2467
f 2471/2471/2471 2468/2468/2468 2469/2469/2469
f 2470/2470/2470 2468/2468/2468 2471/2471/2471
f 2510/2510/2510 2509/2509/2509 2511/2511/2511
f 2512/2512/2512 2509/2509/2509 2510/2510/2510
f 2514/2514/2514 2513/2513/2513 2515/2515/2515
f 2516/2516/2516 2513/2513/2513 2514/2514/2514
f 2477/2477/2477 2520/2520/2520 2521/2521/2521
f 2476/2476/2476 2520/2520/2520 2477/2477/2477
f 2481/2481/2481 2476/2476/2476 2477/2477/2477
f 2480/2480/2480 2476/2476/2476 2481/2481/2481
f 2483/2483/2483 2480/2480/2480 2481/2481/2481
f 2482/2482/2482 2480/2480/2480 2483/2483/2483
f 2463/2463/2463 2482/2482/2482 2483/2483/2483
f 2478/2478/2478 2522/2522/2522 2523/2523/2523
f 2524/2524/2524 2522/2522/2522 2478/2478/2478
f 2532/2532/2532 2524/2524/2524 2478/2478/2478
f 2479/2479/2479 2525/2525/2525 2526/2526/2526
f 2527/2527/2527 2525/2525/2525 2479/2479/2479
f 2459/2459/2459 2527/2527/2527 2479/2479/2479
f 2531/2531/2531 2533/2533/2533 2535/2535/2535
f 2529/2529/2529 2533/2533/2533 2531/2531/2531
f 2528/2528/2528 2529/2529/2529 2531/2531/2531
f 2530/2530/2530 2529/2529/2529 2528/2528/2528
f 2538/2538/2538 2452/2452/2452 2490/2490/2490
f 2455/2455/2455 2452/2452/2452 2538/2538/2538
f 2492/2492/2492 2455/2455/2455 2538/2538/2538
f 2454/2454/2454 2455/2455/2455 2492/2492/2492
f 2491/2491/2491 2454/2454/2454 2492/2492/2492
f 2453/2453/2453 2454/2454/2454 2491/2491/2491
f 2490/2490/2490 2453/2453/2453 2491/2491/2491
f 2452/2452/2452 2453/2453/2453 2490/2490/2490
f 2534/2534/2534 2532/2532/2532 2478/2478/2478
f 2458/2458/2458 2534/2534/2534 2478/2478/2478
f 2507/2507/2507 2534/2534/2534 2458/2458/2458
f 2505/2505/2505 2507/2507/2507 2458/2458/2458
f 2472/2472/2472 2539/2539/2539 2473/2473/2473
f 2519/2519/2519 2539/2539/2539 2472/2472/2472
f 2475/2475/2475 2519/2519/2519 2472/2472/2472
f 2518/2518/2518 2519/2519/2519 2475/2475/2475
f 2474/2474/2474 2518/2518/2518 2475/2475/2475
f 2517/2517/2517 2518/2518/2518 2474/2474/2474
f 2473/2473/2473 2517/2517/2517 2474/2474/2474
f 2539/2539/2539 2517/2517/2517 2473/2473/2473
f 2508/2508/2508 2531/2531/2531 2535/2535/2535
f 2503/2503/2503 2531/2531/2531 2508/2508/2508
g Combined Mesh (root: scene)_37
f 2545/2545/2545 2544/2544/2544 2541/2541/2541
f 2540/2540/2540 2544/2544/2544 2545/2545/2545
f 2542/2542/2542 2540/2540/2540 2545/2545/2545
f 2543/2543/2543 2545/2545/2545 2541/2541/2541
g Combined Mesh (root: scene)_38
f 2549/2549/2549 2546/2546/2546 2548/2548/2548
f 2547/2547/2547 2546/2546/2546 2549/2549/2549
f 2553/2553/2553 2550/2550/2550 2552/2552/2552
f 2551/2551/2551 2550/2550/2550 2553/2553/2553
f 2638/2638/2638 2586/2586/2586 2587/2587/2587
f 2639/2639/2639 2586/2586/2586 2638/2638/2638
f 2589/2589/2589 2588/2588/2588 2590/2590/2590
f 2591/2591/2591 2588/2588/2588 2589/2589/2589
f 2565/2565/2565 2564/2564/2564 2584/2584/2584
f 2562/2562/2562 2564/2564/2564 2565/2565/2565
f 2563/2563/2563 2562/2562/2562 2565/2565/2565
f 2558/2558/2558 2562/2562/2562 2563/2563/2563
f 2559/2559/2559 2558/2558/2558 2563/2563/2563
f 2595/2595/2595 2558/2558/2558 2559/2559/2559
f 2596/2596/2596 2595/2595/2595 2559/2559/2559
f 2560/2560/2560 2598/2598/2598 2607/2607/2607
f 2597/2597/2597 2598/2598/2598 2560/2560/2560
f 2599/2599/2599 2597/2597/2597 2560/2560/2560
f 2561/2561/2561 2601/2601/2601 2629/2629/2629
f 2600/2600/2600 2601/2601/2601 2561/2561/2561
f 2602/2602/2602 2600/2600/2600 2561/2561/2561
f 2605/2605/2605 2610/2610/2610 2608/2608/2608
f 2604/2604/2604 2605/2605/2605 2608/2608/2608
f 2603/2603/2603 2605/2605/2605 2604/2604/2604
f 2606/2606/2606 2603/2603/2603 2604/2604/2604
f 2569/2569/2569 2566/2566/2566 2567/2567/2567
f 2568/2568/2568 2566/2566/2566 2569/2569/2569
f 2573/2573/2573 2570/2570/2570 2571/2571/2571
f 2572/2572/2572 2570/2570/2570 2573/2573/2573
f 2612/2612/2612 2611/2611/2611 2613/2613/2613
f 2614/2614/2614 2611/2611/2611 2612/2612/2612
f 2616/2616/2616 2615/2615/2615 2617/2617/2617
f 2618/2618/2618 2615/2615/2615 2616/2616/2616
f 2579/2579/2579 2622/2622/2622 2623/2623/2623
f 2578/2578/2578 2622/2622/2622 2579/2579/2579
f 2583/2583/2583 2578/2578/2578 2579/2579/2579
f 2582/2582/2582 2578/2578/2578 2583/2583/2583
f 2585/2585/2585 2582/2582/2582 2583/2583/2583
f 2584/2584/2584 2582/2582/2582 2585/2585/2585
f 2565/2565/2565 2584/2584/2584 2585/2585/2585
f 2580/2580/2580 2624/2624/2624 2625/2625/2625
f 2626/2626/2626 2624/2624/2624 2580/2580/2580
f 2634/2634/2634 2626/2626/2626 2580/2580/2580
f 2581/2581/2581 2627/2627/2627 2628/2628/2628
f 2629/2629/2629 2627/2627/2627 2581/2581/2581
f 2561/2561/2561 2629/2629/2629 2581/2581/2581
f 2633/2633/2633 2635/2635/2635 2637/2637/2637
f 2631/2631/2631 2635/2635/2635 2633/2633/2633
f 2630/2630/2630 2631/2631/2631 2633/2633/2633
f 2632/2632/2632 2631/2631/2631 2630/2630/2630
f 2640/2640/2640 2554/2554/2554 2592/2592/2592
f 2557/2557/2557 2554/2554/2554 2640/2640/2640
f 2594/2594/2594 2557/2557/2557 2640/2640/2640
f 2556/2556/2556 2557/2557/2557 2594/2594/2594
f 2593/2593/2593 2556/2556/2556 2594/2594/2594
f 2555/2555/2555 2556/2556/2556 2593/2593/2593
f 2592/2592/2592 2555/2555/2555 2593/2593/2593
f 2554/2554/2554 2555/2555/2555 2592/2592/2592
f 2636/2636/2636 2634/2634/2634 2580/2580/2580
f 2560/2560/2560 2636/2636/2636 2580/2580/2580
f 2609/2609/2609 2636/2636/2636 2560/2560/2560
f 2607/2607/2607 2609/2609/2609 2560/2560/2560
f 2574/2574/2574 2641/2641/2641 2575/2575/2575
f 2621/2621/2621 2641/2641/2641 2574/2574/2574
f 2577/2577/2577 2621/2621/2621 2574/2574/2574
f 2620/2620/2620 2621/2621/2621 2577/2577/2577
f 2576/2576/2576 2620/2620/2620 2577/2577/2577
f 2619/2619/2619 2620/2620/2620 2576/2576/2576
f 2575/2575/2575 2619/2619/2619 2576/2576/2576
f 2641/2641/2641 2619/2619/2619 2575/2575/2575
f 2610/2610/2610 2633/2633/2633 2637/2637/2637
f 2605/2605/2605 2633/2633/2633 2610/2610/2610
g Combined Mesh (root: scene)_39
f 2645/2645/2645 2642/2642/2642 2644/2644/2644
f 2643/2643/2643 2642/2642/2642 2645/2645/2645
f 2649/2649/2649 2646/2646/2646 2648/2648/2648
f 2647/2647/2647 2646/2646/2646 2649/2649/2649
f 2734/2734/2734 2682/2682/2682 2683/2683/2683
f 2735/2735/2735 2682/2682/2682 2734/2734/2734
f 2685/2685/2685 2684/2684/2684 2686/2686/2686
f 2687/2687/2687 2684/2684/2684 2685/2685/2685
f 2661/2661/2661 2660/2660/2660 2680/2680/2680
f 2658/2658/2658 2660/2660/2660 2661/2661/2661
f 2659/2659/2659 2658/2658/2658 2661/2661/2661
f 2654/2654/2654 2658/2658/2658 2659/2659/2659
f 2655/2655/2655 2654/2654/2654 2659/2659/2659
f 2691/2691/2691 2654/2654/2654 2655/2655/2655
f 2692/2692/2692 2691/2691/2691 2655/2655/2655
f 2656/2656/2656 2694/2694/2694 2703/2703/2703
f 2693/2693/2693 2694/2694/2694 2656/2656/2656
f 2695/2695/2695 2693/2693/2693 2656/2656/2656
f 2657/2657/2657 2697/2697/2697 2725/2725/2725
f 2696/2696/2696 2697/2697/2697 2657/2657/2657
f 2698/2698/2698 2696/2696/2696 2657/2657/2657
f 2701/2701/2701 2706/2706/2706 2704/2704/2704
f 2700/2700/2700 2701/2701/2701 2704/2704/2704
f 2699/2699/2699 2701/2701/2701 2700/2700/2700
f 2702/2702/2702 2699/2699/2699 2700/2700/2700
f 2665/2665/2665 2662/2662/2662 2663/2663/2663
f 2664/2664/2664 2662/2662/2662 2665/2665/2665
f 2669/2669/2669 2666/2666/2666 2667/2667/2667
f 2668/2668/2668 2666/2666/2666 2669/2669/2669
f 2708/2708/2708 2707/2707/2707 2709/2709/2709
f 2710/2710/2710 2707/2707/2707 2708/2708/2708
f 2712/2712/2712 2711/2711/2711 2713/2713/2713
f 2714/2714/2714 2711/2711/2711 2712/2712/2712
f 2675/2675/2675 2718/2718/2718 2719/2719/2719
f 2674/2674/2674 2718/2718/2718 2675/2675/2675
f 2679/2679/2679 2674/2674/2674 2675/2675/2675
f 2678/2678/2678 2674/2674/2674 2679/2679/2679
f 2681/2681/2681 2678/2678/2678 2679/2679/2679
f 2680/2680/2680 2678/2678/2678 2681/2681/2681
f 2661/2661/2661 2680/2680/2680 2681/2681/2681
f 2676/2676/2676 2720/2720/2720 2721/2721/2721
f 2722/2722/2722 2720/2720/2720 2676/2676/2676
f 2730/2730/2730 2722/2722/2722 2676/2676/2676
f 2677/2677/2677 2723/2723/2723 2724/2724/2724
f 2725/2725/2725 2723/2723/2723 2677/2677/2677
f 2657/2657/2657 2725/2725/2725 2677/2677/2677
f 2729/2729/2729 2731/2731/2731 2733/2733/2733
f 2727/2727/2727 2731/2731/2731 2729/2729/2729
f 2726/2726/2726 2727/2727/2727 2729/2729/2729
f 2728/2728/2728 2727/2727/2727 2726/2726/2726
f 2736/2736/2736 2650/2650/2650 2688/2688/2688
f 2653/2653/2653 2650/2650/2650 2736/2736/2736
f 2690/2690/2690 2653/2653/2653 2736/2736/2736
f 2652/2652/2652 2653/2653/2653 2690/2690/2690
f 2689/2689/2689 2652/2652/2652 2690/2690/2690
f 2651/2651/2651 2652/2652/2652 2689/2689/2689
f 2688/2688/2688 2651/2651/2651 2689/2689/2689
f 2650/2650/2650 2651/2651/2651 2688/2688/2688
f 2732/2732/2732 2730/2730/2730 2676/2676/2676
f 2656/2656/2656 2732/2732/2732 2676/2676/2676
f 2705/2705/2705 2732/2732/2732 2656/2656/2656
f 2703/2703/2703 2705/2705/2705 2656/2656/2656
f 2670/2670/2670 2737/2737/2737 2671/2671/2671
f 2717/2717/2717 2737/2737/2737 2670/2670/2670
f 2673/2673/2673 2717/2717/2717 2670/2670/2670
f 2716/2716/2716 2717/2717/2717 2673/2673/2673
f 2672/2672/2672 2716/2716/2716 2673/2673/2673
f 2715/2715/2715 2716/2716/2716 2672/2672/2672
f 2671/2671/2671 2715/2715/2715 2672/2672/2672
f 2737/2737/2737 2715/2715/2715 2671/2671/2671
f 2706/2706/2706 2729/2729/2729 2733/2733/2733
f 2701/2701/2701 2729/2729/2729 2706/2706/2706
g Combined Mesh (root: scene)_40
f 2741/2741/2741 2738/2738/2738 2740/2740/2740
f 2739/2739/2739 2738/2738/2738 2741/2741/2741
f 2745/2745/2745 2742/2742/2742 2744/2744/2744
f 2743/2743/2743 2742/2742/2742 2745/2745/2745
f 2830/2830/2830 2778/2778/2778 2779/2779/2779
f 2831/2831/2831 2778/2778/2778 2830/2830/2830
f 2781/2781/2781 2780/2780/2780 2782/2782/2782
f 2783/2783/2783 2780/2780/2780 2781/2781/2781
f 2757/2757/2757 2756/2756/2756 2776/2776/2776
f 2754/2754/2754 2756/2756/2756 2757/2757/2757
f 2755/2755/2755 2754/2754/2754 2757/2757/2757
f 2750/2750/2750 2754/2754/2754 2755/2755/2755
f 2751/2751/2751 2750/2750/2750 2755/2755/2755
f 2787/2787/2787 2750/2750/2750 2751/2751/2751
f 2788/2788/2788 2787/2787/2787 2751/2751/2751
f 2752/2752/2752 2790/2790/2790 2799/2799/2799
f 2789/2789/2789 2790/2790/2790 2752/2752/2752
f 2791/2791/2791 2789/2789/2789 2752/2752/2752
f 2753/2753/2753 2793/2793/2793 2821/2821/2821
f 2792/2792/2792 2793/2793/2793 2753/2753/2753
f 2794/2794/2794 2792/2792/2792 2753/2753/2753
f 2797/2797/2797 2802/2802/2802 2800/2800/2800
f 2796/2796/2796 2797/2797/2797 2800/2800/2800
f 2795/2795/2795 2797/2797/2797 2796/2796/2796
f 2798/2798/2798 2795/2795/2795 2796/2796/2796
f 2761/2761/2761 2758/2758/2758 2759/2759/2759
f 2760/2760/2760 2758/2758/2758 2761/2761/2761
f 2765/2765/2765 2762/2762/2762 2763/2763/2763
f 2764/2764/2764 2762/2762/2762 2765/2765/2765
f 2804/2804/2804 2803/2803/2803 2805/2805/2805
f 2806/2806/2806 2803/2803/2803 2804/2804/2804
f 2808/2808/2808 2807/2807/2807 2809/2809/2809
f 2810/2810/2810 2807/2807/2807 2808/2808/2808
f 2771/2771/2771 2814/2814/2814 2815/2815/2815
f 2770/2770/2770 2814/2814/2814 2771/2771/2771
f 2775/2775/2775 2770/2770/2770 2771/2771/2771
f 2774/2774/2774 2770/2770/2770 2775/2775/2775
f 2777/2777/2777 2774/2774/2774 2775/2775/2775
f 2776/2776/2776 2774/2774/2774 2777/2777/2777
f 2757/2757/2757 2776/2776/2776 2777/2777/2777
f 2772/2772/2772 2816/2816/2816 2817/2817/2817
f 2818/2818/2818 2816/2816/2816 2772/2772/2772
f 2826/2826/2826 2818/2818/2818 2772/2772/2772
f 2773/2773/2773 2819/2819/2819 2820/2820/2820
f 2821/2821/2821 2819/2819/2819 2773/2773/2773
f 2753/2753/2753 2821/2821/2821 2773/2773/2773
f 2825/2825/2825 2827/2827/2827 2829/2829/2829
f 2823/2823/2823 2827/2827/2827 2825/2825/2825
f 2822/2822/2822 2823/2823/2823 2825/2825/2825
f 2824/2824/2824 2823/2823/2823 2822/2822/2822
f 2832/2832/2832 2746/2746/2746 2784/2784/2784
f 2749/2749/2749 2746/2746/2746 2832/2832/2832
f 2786/2786/2786 2749/2749/2749 2832/2832/2832
f 2748/2748/2748 2749/2749/2749 2786/2786/2786
f 2785/2785/2785 2748/2748/2748 2786/2786/2786
f 2747/2747/2747 2748/2748/2748 2785/2785/2785
f 2784/2784/2784 2747/2747/2747 2785/2785/2785
f 2746/2746/2746 2747/2747/2747 2784/2784/2784
f 2828/2828/2828 2826/2826/2826 2772/2772/2772
f 2752/2752/2752 2828/2828/2828 2772/2772/2772
f 2801/2801/2801 2828/2828/2828 2752/2752/2752
f 2799/2799/2799 2801/2801/2801 2752/2752/2752
f 2766/2766/2766 2833/2833/2833 2767/2767/2767
f 2813/2813/2813 2833/2833/2833 2766/2766/2766
f 2769/2769/2769 2813/2813/2813 2766/2766/2766
f 2812/2812/2812 2813/2813/2813 2769/2769/2769
f 2768/2768/2768 2812/2812/2812 2769/2769/2769
f 2811/2811/2811 2812/2812/2812 2768/2768/2768
f 2767/2767/2767 2811/2811/2811 2768/2768/2768
f 2833/2833/2833 2811/2811/2811 2767/2767/2767
f 2802/2802/2802 2825/2825/2825 2829/2829/2829
f 2797/2797/2797 2825/2825/2825 2802/2802/2802
