g Combined Mesh (root: scene)
v -159.2237 9.924471 -3.639335
v -144.1041 9.924466 -3.639335
v -159.5174 18.03386 -3.608361
v -144.3978 18.03386 -3.608361
v -159.5174 18.03386 -3444.172
v -144.3978 18.03386 -3444.172
v -159.2237 9.924471 -3444.202
v -144.1041 9.924466 -3444.202
v -168.7847 23.77292 -3.608361
v -135.1305 23.77292 -3.608361
v -135.1305 23.77292 -3444.172
v -168.7847 23.77292 -3444.172
v -168.7847 33.5069 -3.608361
v -135.1305 33.5069 -3.608361
v -135.1305 33.5069 -3444.172
v -168.7847 33.5069 -3444.172
v -177.0122 5.794193 -3444.202
v -177.0122 5.794193 -3.639335
v -126.3157 5.794184 -3444.202
v -126.3157 5.794184 -3.639335
v -177.0122 -0.9554545 -3444.202
v -177.0122 -0.9554545 -3.639335
v -126.3157 -0.9554545 -3444.202
v -126.3157 -0.9554545 -3.639335
v -135.1305 33.5069 -3444.172
v -135.1305 33.5069 -3.608361
v -168.7847 33.5069 -3.608361
v -168.7847 33.5069 -3444.172
v -144.1041 9.924466 -3.639335
v -159.5174 18.03386 -3.608361
v -144.3978 18.03386 -3.608361
v -159.2237 9.924471 -3.639335
v -168.7847 23.77292 -3.608361
v -135.1305 23.77292 -3.608361
v -168.7847 33.5069 -3.608361
v -135.1305 33.5069 -3.608361
v -126.3157 5.794184 -3.639335
v -177.0122 5.794193 -3.639335
v -126.3157 -0.9554545 -3.639335
v -177.0122 -0.9554545 -3.639335
v -144.3978 18.03386 -3.608361
v -144.3978 18.03386 -3444.172
v -159.5174 18.03386 -3444.172
v -159.5174 18.03386 -3.608361
v -135.1305 23.77292 -3.608361
v -135.1305 23.77292 -3444.172
v -168.7847 23.77292 -3444.172
v -168.7847 23.77292 -3.608361
v -159.2237 9.924471 -3.639335
v -159.2237 9.924471 -3444.202
v -144.1041 9.924466 -3444.202
v -144.1041 9.924466 -3.639335
v -177.0122 5.794193 -3.639335
v -177.0122 5.794193 -3444.202
v -126.3157 5.794184 -3444.202
v -126.3157 5.794184 -3.639335
v 162.838 9.924471 -3.639335
v 177.9577 9.924466 -3.639335
v 162.5444 18.03386 -3.608361
v 177.664 18.03386 -3.608361
v 162.5444 18.03386 -3444.172
v 177.664 18.03386 -3444.172
v 162.838 9.924471 -3444.202
v 177.9577 9.924466 -3444.202
v 153.277 23.77292 -3.608361
v 186.9312 23.77292 -3.608361
v 186.9312 23.77292 -3444.172
v 153.277 23.77292 -3444.172
v 153.277 33.5069 -3.608361
v 186.9312 33.5069 -3.608361
v 186.9312 33.5069 -3444.172
v 153.277 33.5069 -3444.172
v 145.0495 5.794193 -3444.202
v 145.0495 5.794193 -3.639335
v 195.746 5.794184 -3444.202
v 195.746 5.794184 -3.639335
v 145.0495 -0.9554545 -3444.202
v 145.0495 -0.9554545 -3.639335
v 195.746 -0.9554545 -3444.202
v 195.746 -0.9554545 -3.639335
v 186.9312 33.5069 -3444.172
v 186.9312 33.5069 -3.608361
v 153.277 33.5069 -3.608361
v 153.277 33.5069 -3444.172
v 177.9577 9.924466 -3.639335
v 162.5444 18.03386 -3.608361
v 177.664 18.03386 -3.608361
v 162.838 9.924471 -3.639335
v 153.277 23.77292 -3.608361
v 186.9312 23.77292 -3.608361
v 153.277 33.5069 -3.608361
v 186.9312 33.5069 -3.608361
v 195.746 5.794184 -3.639335
v 145.0495 5.794193 -3.639335
v 195.746 -0.9554545 -3.639335
v 145.0495 -0.9554545 -3.639335
v 177.664 18.03386 -3.608361
v 177.664 18.03386 -3444.172
v 162.5444 18.03386 -3444.172
v 162.5444 18.03386 -3.608361
v 186.9312 23.77292 -3.608361
v 186.9312 23.77292 -3444.172
v 153.277 23.77292 -3444.172
v 153.277 23.77292 -3.608361
v 162.838 9.924471 -3.639335
v 162.838 9.924471 -3444.202
v 177.9577 9.924466 -3444.202
v 177.9577 9.924466 -3.639335
v 145.0495 5.794193 -3.639335
v 145.0495 5.794193 -3444.202
v 195.746 5.794184 -3444.202
v 195.746 5.794184 -3.639335
v -499.6223 -37.24606 -2648.892
v -497.1104 -42.20452 -2644.408
v -500.7528 -35.61122 -2646.672
v -498.2408 -40.56965 -2642.188
v 494.7255 539.342 -2568.552
v 497.2374 534.3836 -2564.068
v 495.8558 537.707 -2570.772
v 498.3677 532.7486 -2566.288
v -503.0516 -31.47951 -2647.787
v -497.4604 -42.51634 -2637.806
v 498.0179 532.4369 -2559.687
v 492.4267 543.4737 -2569.667
v -504.3392 -29.62653 -2645.017
v -498.748 -40.66336 -2635.036
v 496.7303 534.2899 -2556.916
v 491.1391 545.3267 -2566.897
v 493.4468 542.7545 -2577.224
v -502.0313 -32.19862 -2655.343
v 501.8694 526.1287 -2562.188
v -493.6087 -48.82443 -2640.308
v 494.3396 541.4696 -2579.145
v -501.1385 -33.4835 -2657.264
v 502.7622 524.8438 -2564.109
v -492.7159 -50.10931 -2642.229
v 496.7303 534.2899 -2556.916
v -498.748 -40.66336 -2635.036
v -504.3392 -29.62653 -2645.017
v 491.1391 545.3267 -2566.897
v -497.1104 -42.20452 -2644.408
v -500.7528 -35.61122 -2646.672
v -498.2408 -40.56965 -2642.188
v -499.6223 -37.24606 -2648.892
v -503.0516 -31.47951 -2647.787
v -497.4604 -42.51634 -2637.806
v -504.3392 -29.62653 -2645.017
v -498.748 -40.66336 -2635.036
v -493.6087 -48.82443 -2640.308
v -502.0313 -32.19862 -2655.343
v -492.7159 -50.10931 -2642.229
v -501.1385 -33.4835 -2657.264
v -498.2408 -40.56965 -2642.188
v 497.2374 534.3836 -2564.068
v 494.7255 539.342 -2568.552
v -500.7528 -35.61122 -2646.672
v -497.4604 -42.51634 -2637.806
v 498.0179 532.4369 -2559.687
v 492.4267 543.4737 -2569.667
v -503.0516 -31.47951 -2647.787
v -499.6223 -37.24606 -2648.892
v 495.8558 537.707 -2570.772
v 498.3677 532.7486 -2566.288
v -497.1104 -42.20452 -2644.408
v -502.0313 -32.19862 -2655.343
v 493.4468 542.7545 -2577.224
v 501.8694 526.1287 -2562.188
v -493.6087 -48.82443 -2640.308
v -537.3671 38.20134 -2705.227
v -534.9102 32.7933 -2701.262
v -538.4022 39.66111 -2702.844
v -535.9454 34.25311 -2698.88
v 475.063 577.5824 -2597.112
v 477.5197 572.1744 -2593.147
v 476.098 576.1226 -2599.495
v 478.5547 570.7145 -2595.53
v -540.6005 43.93807 -2703.533
v -535.132 31.90055 -2694.708
v 478.3332 569.8218 -2588.976
v 472.8647 581.8594 -2597.801
v -541.7748 45.57003 -2700.58
v -536.3063 33.53251 -2691.754
v 477.1589 571.4538 -2586.022
v 471.6904 583.4913 -2594.847
v 473.7058 581.7927 -2605.413
v -539.7592 43.87151 -2711.145
v 481.9435 563.6594 -2592.118
v -531.5215 25.73825 -2697.851
v 474.5201 580.6611 -2607.461
v -538.9449 42.73989 -2713.193
v 482.7578 562.5278 -2594.167
v -530.7072 24.60664 -2699.899
v 477.1589 571.4538 -2586.022
v -536.3063 33.53251 -2691.754
v -541.7748 45.57003 -2700.58
v 471.6904 583.4913 -2594.847
v -534.9102 32.7933 -2701.262
v -538.4022 39.66111 -2702.844
v -535.9454 34.25311 -2698.88
v -537.3671 38.20134 -2705.227
v -540.6005 43.93807 -2703.533
v -535.132 31.90055 -2694.708
v -541.7748 45.57003 -2700.58
v -536.3063 33.53251 -2691.754
v -531.5215 25.73825 -2697.851
v -539.7592 43.87151 -2711.145
v -530.7072 24.60664 -2699.899
v -538.9449 42.73989 -2713.193
v -535.9454 34.25311 -2698.88
v 477.5197 572.1744 -2593.147
v 475.063 577.5824 -2597.112
v -538.4022 39.66111 -2702.844
v -535.132 31.90055 -2694.708
v 478.3332 569.8218 -2588.976
v 472.8647 581.8594 -2597.801
v -540.6005 43.93807 -2703.533
v -537.3671 38.20134 -2705.227
v 476.098 576.1226 -2599.495
v 478.5547 570.7145 -2595.53
v -534.9102 32.7933 -2701.262
v -539.7592 43.87151 -2711.145
v 473.7058 581.7927 -2605.413
v 481.9435 563.6594 -2592.118
v -531.5215 25.73825 -2697.851
v -266.8492 -38.08907 -3250.118
v 266.2236 -40.52673 -3275.86
v -265.7946 319.6051 -3262.152
v 267.2782 317.1674 -3287.893
v -305.8804 -127.5534 -2833.343
v 305.8804 -127.5534 -2833.343
v -305.8804 257.3782 -2833.343
v 305.8804 257.3782 -2833.343
v -305.8804 257.3782 -2994.854
v 305.8804 257.3782 -2994.854
v -305.8804 -127.5534 -2994.854
v 305.8804 -127.5534 -2994.854
v -305.8804 257.3782 -2833.343
v 305.8804 257.3782 -2833.343
v -305.8804 257.3782 -2994.854
v 305.8804 257.3782 -2994.854
v -305.8804 -127.5534 -2994.854
v 305.8804 -127.5534 -2833.343
v 305.8804 -127.5534 -2994.854
v -305.8804 -127.5534 -2833.343
v 305.8804 -127.5534 -2833.343
v 305.8804 257.3782 -2994.854
v 305.8804 -127.5534 -2994.854
v 305.8804 257.3782 -2833.343
v -305.8804 -127.5534 -2994.854
v -305.8804 257.3782 -2833.343
v -305.8804 -127.5534 -2833.343
v -305.8804 257.3782 -2994.854
v -157.2173 -60.02718 -3400.8
v 157.5752 -60.02718 -3400.8
v -157.2173 138.0463 -3400.8
v 157.5752 138.0463 -3400.8
v -157.2173 138.0463 -3679.971
v 157.5752 138.0463 -3679.971
v -157.2173 -60.02718 -3679.971
v 157.5752 -60.02718 -3679.971
v -157.2173 138.0463 -3400.8
v 157.5752 138.0463 -3400.8
v -157.2173 138.0463 -3679.971
v 157.5752 138.0463 -3679.971
v -157.2173 -60.02718 -3679.971
v 157.5752 -60.02718 -3400.8
v 157.5752 -60.02718 -3679.971
v -157.2173 -60.02718 -3400.8
v 157.5752 -60.02718 -3400.8
v 157.5752 138.0463 -3679.971
v 157.5752 -60.02718 -3679.971
v 157.5752 138.0463 -3400.8
v -157.2173 -60.02718 -3679.971
v -157.2173 138.0463 -3400.8
v -157.2173 -60.02718 -3400.8
v -157.2173 138.0463 -3679.971
v -129.61 -153.7734 -3731.774
v 125.276 -153.7734 -3731.774
v -129.61 174.8737 -3748.177
v 125.276 174.8737 -3748.177
v -143.8639 -171.2336 -3737.658
v 143.8639 -171.2336 -3737.658
v -143.8639 210.6545 -3756.718
v 143.8639 210.6545 -3756.718
v -299.8301 6.479951 691.4729
v 319.5977 6.479951 691.4729
v -299.8301 6.479951 -1.730319
v 319.5977 6.479951 -1.730319
v -532.712 177.9064 696.2223
v -423.4286 73.946 696.2214
v -313.449 4.427689 696.2205
v -211.4924 -1.834148E-13 696.2199
v -130.0869 -0.4036303 696.2189
v 149.2549 -0.4036303 696.2178
v 189.9936 2.349191 696.2172
v 274.7337 0.861515 696.2577
v 301.0526 14.76818 696.6359
v 480.421 56.7939 696.2144
v -530.0075 194.2776 -232.9084
v -420.3092 146.1321 -232.0762
v -312.4487 42.36413 -232.2586
v -211.0045 14.43985 -232.7265
v -130.0869 -0.4035423 -233.0615
v 149.1319 -0.4036042 -233.047
v 188.4208 19.71107 -232.5654
v 273.9633 53.7916 -231.6425
v 338.1814 50.43018 -232.4703
v 494.2877 153.4294 -232.465
v -526.2964 208.6651 -1472.846
v -420.8296 138.4815 -1472.115
v -312.6501 47.71055 -1472.216
v -210.6086 42.3661 -1472.515
v -130.0869 -0.403508 -1472.102
v 149.2549 -0.4036303 -1472.103
v 186.8306 20.50331 -1472.054
v 212.2236 71.42007 -1471.643
v 349.1222 64.89752 -1471.716
v 495.1802 172.3884 -1472.116
v -499.0526 130.8574 -2711.338
v -423.1614 92.49444 -2711.322
v -313.249 21.64647 -2711.36
v -210.6539 14.38558 -2711.283
v -130.0869 -0.4036124 -2711.142
v 149.2562 -0.4036303 -2711.144
v 188.5359 14.68089 -2711.371
v 273.4077 51.20687 -2712.446
v 375.5683 31.02198 -2711.672
v 479.4495 188.1227 -2711.206
v -492.1923 108.2206 -3433.914
v -423.4286 73.946 -3433.914
v -313.657 9.977799 -3434.536
v -211.2469 8.520289 -3434.097
v -130.0869 -0.4035311 -3433.916
v 149.2549 -0.4036303 -3433.918
v 190.0095 2.405305 -3433.918
v 274.8939 8.839114 -3433.92
v 361.9546 7.190736 -3433.921
v 480.421 137.5792 -3433.921
v 469.3474 179.2458 -951.1699
v 50.31446 179.2458 -1199.697
v 469.3474 39.93083 -951.1699
v 50.31446 39.93081 -1199.697
v -170.832 220.6868 -1168.191
v -428.794 220.6868 -781.1685
v -170.832 40.98068 -1168.191
v -428.794 40.9807 -781.1685
v 457.1878 153.2111 -2634.299
v 84.55779 105.7762 -2840.831
v 452.6895 67.05327 -2606.395
v 80.05943 19.61831 -2812.927
v -117.6058 93.89032 -2364.428
v -497.8453 209.3924 -2040.511
v -137.9011 -21.45134 -2347.124
v -518.1406 94.05077 -2023.207
v 542.6829 211.9259 -2009.285
v 15.00124 144.7532 -2301.755
v 534.5679 56.49728 -1958.946
v 6.886235 -10.6754 -2251.416
v 399.0603 0.9674168 -3547.731
v 396.7788 0.9674168 646.6655
v -473.8441 37.35364 646.6108
v -411.7733 37.3521 -3547.761
v 445.0659 307.1867 -3547.726
v 483.2008 303.5233 646.6697
v -479.5918 295.9444 646.6105
v -420.8146 295.9429 -3547.76
v -400.0247 586.8568 646.6133
v -378.6901 546.4515 -3547.771
v -16.92644 546.4424 -3547.757
v 352.2912 546.4332 -3547.747
v -15.78428 622.7146 646.6376
v 352.2912 622.7062 646.6619
v -378.6901 546.4515 -3547.771
v -400.0247 586.8568 646.6133
v 352.2912 622.7062 646.6619
v 352.2912 546.4332 -3547.747
v -277.2585 525.8353 -1470.769
v -297.4115 525.8353 -1498.611
v -277.2585 479.678 -1470.769
v -251.4359 479.678 -1489.46
v -152.09 586.0565 -1342.068
v -177.9126 586.0565 -1323.377
v -187.8208 629.0095 -1337.065
v -277.2585 581.9485 -1470.769
v -297.4115 581.9485 -1498.611
v -250.3177 525.8353 -1490.269
v -250.3177 581.9485 -1490.269
v -277.2585 118.4112 -1470.769
v -251.4359 118.4112 -1489.46
v -297.4115 118.4112 -1498.611
v -280.0984 25.24984 -1441.719
v -228.4076 25.24981 -1482.171
v -228.4076 109.6411 -1482.171
v -280.0984 109.6411 -1441.719
v -320.4399 25.24984 -1501.977
v -320.4399 109.6411 -1501.977
v -277.2585 479.678 -1470.769
v -277.2585 525.8353 -1470.769
v -251.4359 479.678 -1489.46
v -280.0984 109.6411 -1441.719
v -280.0984 25.24984 -1441.719
v -177.9126 586.0565 -1323.377
v -277.2585 479.678 -1470.769
v -277.2585 581.9485 -1470.769
v -277.2585 525.8353 -1470.769
v -277.2585 479.678 -1470.769
v -277.2585 118.4112 -1470.769
v -251.4359 118.4112 -1489.46
v -280.0984 109.6411 -1441.719
v -277.2585 118.4112 -1470.769
v -228.4076 109.6411 -1482.171
v -277.2585 118.4112 -1470.769
v -320.4399 109.6411 -1501.977
v -297.4115 118.4112 -1498.611
v -280.0984 109.6411 -1441.719
v 290.3178 531.4713 -2267.73
v 310.4708 531.4713 -2295.573
v 290.3178 485.314 -2267.73
v 264.4952 485.314 -2286.422
v 165.1492 591.6924 -2139.029
v 190.9718 591.6924 -2120.339
v 200.88 634.6455 -2134.027
v 290.3178 587.5845 -2267.73
v 310.4708 587.5845 -2295.573
v 263.3769 531.4713 -2287.231
v 263.3769 587.5845 -2287.231
v 290.3178 124.0472 -2267.73
v 264.4952 124.0472 -2286.422
v 310.4708 124.0472 -2295.573
v 293.1576 30.88583 -2238.681
v 241.4668 30.8858 -2279.133
v 241.4668 115.277 -2279.133
v 293.1576 115.277 -2238.681
v 333.4991 30.88583 -2298.939
v 333.4991 115.277 -2298.939
v 290.3178 485.314 -2267.73
v 290.3178 531.4713 -2267.73
v 264.4952 485.314 -2286.422
v 293.1576 115.277 -2238.681
v 293.1576 30.88583 -2238.681
v 190.9718 591.6924 -2120.339
v 290.3178 485.314 -2267.73
v 290.3178 587.5845 -2267.73
v 290.3178 531.4713 -2267.73
v 290.3178 485.314 -2267.73
v 290.3178 124.0472 -2267.73
v 264.4952 124.0472 -2286.422
v 293.1576 115.277 -2238.681
v 290.3178 124.0472 -2267.73
v 241.4668 115.277 -2279.133
v 290.3178 124.0472 -2267.73
v 333.4991 115.277 -2298.939
v 310.4708 124.0472 -2295.573
v 293.1576 115.277 -2238.681
v 312.5686 552.2945 -677.0409
v 332.7216 552.2945 -704.8836
v 312.5686 506.1372 -677.0409
v 286.746 506.1372 -695.732
v 187.4 612.5156 -548.3399
v 213.2226 612.5156 -529.649
v 223.1308 655.4687 -543.3375
v 312.5686 608.4077 -677.0409
v 332.7216 608.4077 -704.8836
v 285.6277 552.2945 -696.5415
v 285.6277 608.4077 -696.5415
v 312.5686 144.8704 -677.0409
v 286.746 144.8704 -695.732
v 332.7216 144.8704 -704.8836
v 315.4084 51.70904 -647.9915
v 263.7176 51.70901 -688.4431
v 263.7176 136.1003 -688.4431
v 315.4084 136.1003 -647.9915
v 355.75 51.70904 -708.2491
v 355.75 136.1003 -708.2491
v 312.5686 506.1372 -677.0409
v 312.5686 552.2945 -677.0409
v 286.746 506.1372 -695.732
v 315.4084 136.1003 -647.9915
v 315.4084 51.70904 -647.9915
v 213.2226 612.5156 -529.649
v 312.5686 506.1372 -677.0409
v 312.5686 608.4077 -677.0409
v 312.5686 552.2945 -677.0409
v 312.5686 506.1372 -677.0409
v 312.5686 144.8704 -677.0409
v 286.746 144.8704 -695.732
v 315.4084 136.1003 -647.9915
v 312.5686 144.8704 -677.0409
v 263.7176 136.1003 -688.4431
v 312.5686 144.8704 -677.0409
v 355.75 136.1003 -708.2491
v 332.7216 144.8704 -704.8836
v 315.4084 136.1003 -647.9915
v -126.616 0.9402123 -3396.293
v -119.822 -10.00613 -3396.292
v -105.5172 -14.80437 -3396.293
v -91.21248 -10.00613 -3396.292
v -84.29063 0.9327509 -3396.169
v -126.6164 0.9219803 103.1203
v -119.822 -10.00613 103.1203
v -105.5172 -14.80437 103.1203
v -91.21248 -10.00613 103.1203
v -84.41843 0.9402044 103.1203
v 103.183 0.9327548 -3396.169
v 109.9428 -10.00613 -3396.292
v 124.2475 -14.80437 -3396.293
v 138.5523 -10.00613 -3396.292
v 145.3463 0.9402044 -3396.293
v 103.1484 0.9219803 103.1203
v 109.9428 -10.00613 103.1203
v 124.2475 -14.80437 103.1203
v 138.5523 -10.00613 103.1203
v 145.3463 0.9402044 103.1203
v -613.3278 -167.7681 -2938.376
v -445.4059 -167.7725 -3008.268
v -263.8922 -168.7858 -3174.538
v -153.0758 -168.7888 -3384.887
v -126.4543 -168.7896 -3410.136
v 157.4989 -168.7971 -3410.126
v 184.1203 -168.7978 -3384.867
v 272.0633 -167.7918 -3364.017
v 351.4245 -167.794 -3351.96
v 430.7856 -167.7961 -3351.956
v 499.7884 -167.7979 -3364.983
v 546.9703 -167.7992 -3336.445
v 577.5385 -167.8001 -3216.034
v -590.8297 -111.7013 -2938.375
v -459.6926 -112.9277 -3041.731
v -299.0761 -108.329 -3181.529
v -179.5459 -122.9068 -3384.888
v -152.9244 -122.9075 -3410.137
v -177.0292 -77.02563 -3384.888
v -150.4076 -77.02629 -3410.137
v 201.3369 -77.03579 -3410.122
v 221.7728 -47.5576 -3384.866
v 300.2618 -1.544047 -3364.015
v 366.044 -0.7497733 -3351.959
v 419.6529 51.12561 -3351.957
v 502.517 31.97824 -3379.899
v 589.5079 6.434243 -3373.665
v 668.8691 8.43219 -3253.252
v -612.2307 -18.2564 -2943.37
v -447.6918 -27.22789 -3104.036
v -305.9174 -3.386017 -3238.438
v -200.7524 -31.14371 -3384.889
v -174.1308 -31.14443 -3410.138
v 184.2931 -31.15406 -3410.124
v 200.9365 -18.10282 -3384.866
v 227.6353 22.27231 -3384.865
v 335.1204 53.6095 -3412.357
v 407.8315 120.8605 -3412.354
v 453.714 136.3018 -3412.352
v 547.4344 117.7356 -3412.347
v 575.8533 71.23733 -3355.658
v -206.5374 14.73774 -3384.889
v -179.9158 14.73699 -3410.139
v 154.3625 14.72797 -3410.126
v 172.1477 14.72761 -3384.867
v 247.4556 56.7517 -3384.865
v 335.9463 72.86829 -3412.357
v 388.7122 122.4594 -3412.354
v 465.1866 174.3214 -3412.121
v 526.1029 177.4026 -3388.805
v 559.0392 138.2452 -3329.707
v 632.7792 164.4752 -3253.255
v -164.1347 60.61788 -3384.888
v -137.5131 60.61711 -3410.137
v 157.9692 60.60922 -3410.126
v 209.5429 54.45563 -3361.54
v 261.1948 73.49252 -3361.538
v 319.7408 81.76065 -3393.357
v 388.1598 131.994 -3393.354
v -606.9147 75.18893 -2950.945
v -393.9741 83.13365 -3160.953
v -288.8141 101.2962 -3287.263
v -142.2034 106.4985 -3384.887
v -115.5818 106.4978 -3410.135
v 152.9394 106.4906 -3410.126
v 191.4246 120.1853 -3361.54
v 231.7785 158.251 -3361.539
v 295.7762 149.2613 -3393.358
v 375.7827 166.9478 -3393.355
v -28.53738 192.4896 -3384.874
v 13.0388 198.3994 -3410.131
v 95.22236 174.8223 -3410.128
v 150.041 152.3719 -3384.868
v 203.6575 188.1472 -3384.866
v 309.351 173.5991 -3412.358
v 388.7122 195.4984 -3412.354
v 468.0733 205.1585 -3412.351
v -616.2471 174.8653 -2980.93
v -379.1159 174.8594 -3191.851
v -89.49905 249.8696 -3384.877
v -28.18559 236.9678 -3384.874
v 85.64276 206.0803 -3384.87
v 167.6687 224.3281 -3384.867
v 11.68778 257.3103 -3329.01
v 124.1438 244.908 -3328.999
v 304.9873 245.875 -3412.357
v 71.09726 288.2712 -3341.344
v 287.0061 265.1226 -3341.333
v 381.0588 276.8856 -3390.305
v 459.2126 243.3636 -3390.607
v 544.0601 257.1187 -3321.057
v 640.9134 243.3599 -3253.256
v -611.7551 299.4594 -3007.464
v -317.476 299.4517 -3287.66
v -108.7517 299.4462 -3412.376
v -68.28467 290.526 -3412.374
v -7.383204 311.9347 -3400.566
v 44.89775 303.7332 -3396.113
v 381.9236 366.2336 -3387.025
v 471.0932 299.4306 -3389.465
v 571.9856 299.4278 -3327.126
v 641.4805 273.8246 -3244.701
v 187.0417 413.9508 -3352.68
v 349.1858 369.5715 -3352.673
v -648.3107 402.2508 -3043.152
v -317.476 402.2418 -3283.98
v 24.5369 402.2326 -3354.483
v 67.57833 411.3576 -3412.368
v 94.76541 407.6957 -3387.748
v 155.4385 421.4489 -3378.994
v 365.2227 444.5078 -3366.842
v 401.079 439.1677 -3387.025
v 510.1467 374.1859 -3412.347
v 589.5079 374.1838 -3373.665
v 668.8691 374.1816 -3253.252
v 312.0575 476.5483 -3366.844
v 391.4187 476.5462 -3381.08
v 312.0575 498.902 -3377.674
v 390.4202 526.5525 -3354.268
v 510.1467 486.3206 -3412.347
v 589.5079 486.3185 -3373.665
v 668.8691 486.3163 -3253.252
v -648.3107 495.6964 -3043.152
v -317.476 495.6874 -3273.811
v -76.79095 495.681 -3354.488
v -24.18862 495.6797 -3412.372
v 14.14102 494.5074 -3365.068
v 222.7918 524.4081 -3357.478
v -600.9095 579.796 -3043.15
v -305.9427 579.788 -3257.74
v -185.5201 579.7848 -3354.493
v -145.1911 579.7839 -3412.378
v -116.8281 579.783 -3314.134
v 43.89995 579.7787 -3283.195
v 371.2647 579.77 -3276.365
v 510.1467 579.7661 -3412.347
v 580.2308 579.7643 -3331.492
v 668.8691 579.7618 -3253.252
v -549.4225 690.8593 -2980.801
v -348.6628 690.8541 -3122.031
v -154.0074 690.8488 -3122.021
v 43.89994 690.8434 -2992.839
v 371.2647 690.8346 -3015.195
v 510.1467 690.8309 -3121.991
v -75.95598 -101.1984 -3891.928
v -91.8858 -57.71342 -3891.928
v 103.4576 -101.2033 -3891.92
v 120.2781 -101.2037 -3875.964
v 131.1562 -43.22455 -3891.92
v -99.58624 14.76103 -3891.928
v 120.3872 -14.23453 -3891.92
v 101.4759 14.75571 -3891.92
v 103.7547 43.74532 -3891.92
v -69.0863 72.7397 -3891.927
v 100.5767 72.7351 -3891.92
v 12.18163 130.8068 -3891.925
v 64.10865 115.9099 -3891.922
v -152.9244 -122.9075 -3410.137
v -126.4543 -168.7896 -3410.136
v 184.1203 -168.7978 -3384.867
v 157.4989 -168.7971 -3410.126
v -150.4076 -77.02629 -3410.137
v 201.3369 -77.03579 -3410.122
v -174.1308 -31.14443 -3410.138
v 184.2931 -31.15406 -3410.124
v -179.9158 14.73699 -3410.139
v 154.3625 14.72797 -3410.126
v -137.5131 60.61711 -3410.137
v 157.9692 60.60922 -3410.126
v -115.5818 106.4978 -3410.135
v 152.9394 106.4906 -3410.126
v 13.0388 198.3994 -3410.131
v 95.22236 174.8223 -3410.128
v -445.4059 -167.7725 -3008.268
v -459.6926 -112.9277 -3041.731
v -263.8922 -168.7858 -3174.538
v -299.0761 -108.329 -3181.529
v 221.7728 -47.5576 -3384.866
v 419.6529 51.12561 -3351.957
v -447.6918 -27.22789 -3104.036
v -305.9174 -3.386017 -3238.438
v 335.1204 53.6095 -3412.357
v 407.8315 120.8605 -3412.354
v 419.6529 51.12561 -3351.957
v 453.714 136.3018 -3412.352
v 547.4344 117.7356 -3412.347
v 547.4344 117.7356 -3412.347
v 172.1477 14.72761 -3384.867
v 547.4344 117.7356 -3412.347
v 547.4344 117.7356 -3412.347
v 172.1477 14.72761 -3384.867
v 172.1477 14.72761 -3384.867
v 209.5429 54.45563 -3361.54
v 388.7122 122.4594 -3412.354
v 465.1866 174.3214 -3412.121
v -393.9741 83.13365 -3160.953
v -288.8141 101.2962 -3287.263
v 261.1948 73.49252 -3361.538
v 319.7408 81.76065 -3393.357
v 388.1598 131.994 -3393.354
v 150.041 152.3719 -3384.868
v -379.1159 174.8594 -3191.851
v -28.18559 236.9678 -3384.874
v 85.64276 206.0803 -3384.87
v 167.6687 224.3281 -3384.867
v 11.68778 257.3103 -3329.01
v 124.1438 244.908 -3328.999
v 304.9873 245.875 -3412.357
v 287.0061 265.1226 -3341.333
v -317.476 299.4517 -3287.66
v -89.49905 249.8696 -3384.877
v -68.28467 290.526 -3412.374
v -28.18559 236.9678 -3384.874
v -68.28467 290.526 -3412.374
v 67.57833 411.3576 -3412.368
v 67.57833 411.3576 -3412.368
v 312.0575 498.902 -3377.674
v 510.1467 486.3206 -3412.347
v 24.5369 402.2326 -3354.483
v 67.57833 411.3576 -3412.368
v -76.79095 495.681 -3354.488
v 67.57833 411.3576 -3412.368
v 94.76541 407.6957 -3387.748
v -24.18862 495.6797 -3412.372
v -185.5201 579.7848 -3354.493
v -145.1911 579.7839 -3412.378
v 510.1467 486.3206 -3412.347
v 510.1467 579.7661 -3412.347
v -154.0074 690.8488 -3122.021
v -145.1911 579.7839 -3412.378
v -154.0074 690.8488 -3122.021
v 184.1203 -168.7978 -3384.867
v 103.4576 -101.2033 -3891.92
v 157.4989 -168.7971 -3410.126
v 103.4576 -101.2033 -3891.92
v 12.18163 130.8068 -3891.925
v 12.18163 130.8068 -3891.925
v 510.1467 690.8309 -3121.991
v -531.6602 643.0444 -2087.952
v -498.625 225.369 -2104.801
v 395.8852 718.5228 -2140.407
v 428.9203 300.8474 -2157.255
v -224.2646 500.0465 -3053.217
v -244.4176 500.0465 -3081.06
v -224.2646 453.8893 -3053.217
v -198.442 453.8893 -3071.908
v -99.096 560.2677 -2924.516
v -124.9186 560.2677 -2905.825
v -134.8268 603.2208 -2919.514
v -224.2646 556.1597 -3053.217
v -244.4176 556.1597 -3081.06
v -197.3237 500.0465 -3072.718
v -197.3237 556.1597 -3072.718
v -224.2646 92.62245 -3053.217
v -198.442 92.62245 -3071.908
v -244.4176 92.62245 -3081.06
v -227.1044 -0.538916 -3024.168
v -175.4136 -0.5389473 -3064.619
v -175.4136 83.85229 -3064.619
v -227.1044 83.85229 -3024.168
v -267.4459 -0.538916 -3084.426
v -267.4459 83.85229 -3084.426
v -224.2646 453.8893 -3053.217
v -224.2646 500.0465 -3053.217
v -198.442 453.8893 -3071.908
v -227.1044 83.85229 -3024.168
v -227.1044 -0.538916 -3024.168
v -124.9186 560.2677 -2905.825
v -224.2646 453.8893 -3053.217
v -224.2646 556.1597 -3053.217
v -224.2646 500.0465 -3053.217
v -224.2646 453.8893 -3053.217
v -224.2646 92.62245 -3053.217
v -198.442 92.62245 -3071.908
v -227.1044 83.85229 -3024.168
v -224.2646 92.62245 -3053.217
v -175.4136 83.85229 -3064.619
v -224.2646 92.62245 -3053.217
v -267.4459 83.85229 -3084.426
v -244.4176 92.62245 -3081.06
v -227.1044 83.85229 -3024.168
v 166.9301 9.418028 -2886.072
v 511.2489 9.418028 -2646.755
v 166.9301 562.8101 -2886.072
v 511.2489 562.8101 -2646.755
v 226.4555 144.7199 -799.7091
v 274.3836 144.7199 -715.813
v 228.8019 227.8669 -795.6018
v 272.0372 227.8669 -719.9203
v 333.4547 309.4997 -755.007
v 335.8011 144.7199 -750.8996
v 339.4125 48.4938 -744.5781
v 270.7864 48.4938 -705.3734
v 215.6356 48.4938 -801.9125
v 198.1519 210.938 -806.637
v 265.9766 210.938 -687.913
v 362.3242 338.998 -742.9545
v 294.4995 338.998 -861.6785
v 274.3836 144.7199 -715.813
v 272.0372 227.8669 -719.9203
v 335.8011 144.7199 -750.8996
v 274.3836 144.7199 -715.813
v 274.3836 144.7199 -715.813
v 226.4555 144.7199 -799.7091
v 270.7864 48.4938 -705.3734
v 285.3347 11.77997 -3363.105
v 302.6044 10.27039 -3348.56
v 332.3995 9.029097 -3318.843
v 357.1933 13.53148 -3284.934
v 374.8485 11.60039 -3270.908
v 302.3384 27.55416 -3395.615
v 306.7927 38.37933 -3367.298
v 329.6789 44.78521 -3325.886
v 371.8493 41.30201 -3298.334
v 403.89 30.97491 -3307.417
v 319.3699 52.40377 -3410.415
v 320.3101 73.414 -3371.573
v 346.6863 78.24873 -3334.141
v 381.7258 65.40893 -3325.136
v 412.3329 41.61805 -3337.849
v 334.6995 94.0673 -3406.91
v 346.9095 95.65694 -3392.56
v 371.6333 99.50101 -3363.133
v 404.6662 89.67269 -3345.873
v 421.3966 82.75374 -3340.58
v 347.3103 125.4522 -3415.608
v 352.9005 125.9836 -3390.345
v 376.2426 130.6101 -3363.392
v 407.0038 120.1342 -3347.211
v 423.425 115.0785 -3338.477
v 368.2701 158.984 -3423.444
v 371.791 160.6293 -3405.235
v 395.9479 161.7235 -3382.193
v 422.8177 155.4165 -3363.94
v 428.6479 152.7288 -3362.157
v -174.1656 28.4793 -2732.848
v -146.257 52.08334 -2868.203
v -209.6699 133.5099 -2721.853
v -181.7615 157.1139 -2857.207
v -314.9755 102.032 -2812.909
v -300.4799 114.2919 -2883.212
v -279.4713 -2.998635 -2823.905
v -174.5869 35.61435 -2739.747
v -149.7746 56.59983 -2860.085
v -181.3401 149.9788 -2850.309
v -206.1523 128.9935 -2729.971
v -281.6792 30.85114 -2817.365
v -266.7821 43.45049 -2889.614
v -285.7338 99.51379 -2883.745
v -300.6306 86.9146 -2811.495
v -331.0992 127.8565 -2872.628
v -323.4035 120.4128 -2863.187
v -310.3758 115.2987 -2860.377
v -296.9922 114.4675 -2865.271
v -288.3648 118.2368 -2876.001
v -287.7891 125.1668 -2888.468
v -295.4848 132.6105 -2897.909
v -305.791 147.8053 -2894.99
v -319.1746 148.6364 -2890.095
v -327.802 144.8671 -2879.365
v -328.3777 137.9371 -2866.898
v -320.682 130.4934 -2857.457
v -307.6543 125.3793 -2854.647
v -294.2707 124.5482 -2859.542
v -285.6434 128.3175 -2870.272
v -285.0675 135.2475 -2882.739
v -292.7633 142.6911 -2892.18
v -306.7226 136.5923 -2874.819
v -324.8337 104.4359 -2800.1
v -315.0953 104.6786 -2796.46
v -305.1926 106.5255 -2799.041
v -298.9077 109.2714 -2806.858
v -298.6413 111.8674 -2816.924
v -304.4953 113.3218 -2825.395
v -315.2365 121.4309 -2826.908
v -325.1392 119.5839 -2824.326
v -331.4243 116.838 -2816.51
v -331.6908 114.242 -2806.443
v -325.8368 112.7875 -2797.973
v -316.0986 113.0301 -2794.333
v -306.1958 114.8771 -2796.914
v -299.9109 117.623 -2804.73
v -299.6444 120.2189 -2814.797
v -305.4983 121.6735 -2823.268
v -315.6675 117.2305 -2810.62
v -321.0942 107.6797 -2811.071
v -318.7451 107.096 -2807.672
v -314.8374 107.1934 -2806.211
v -310.8635 107.9345 -2807.247
v -308.3415 109.0364 -2810.384
v -300.8885 -12.5538 -2840.579
v -298.5398 -13.13754 -2837.18
v -294.6321 -13.04027 -2835.719
v -290.6586 -12.29944 -2836.753
v -288.1353 -11.1971 -2839.892
v -174.1656 28.4793 -2732.848
v -181.7615 157.1139 -2857.207
v -209.6699 133.5099 -2721.853
v -174.5869 35.61435 -2739.747
v -266.7821 43.45049 -2889.614
v -149.7746 56.59983 -2860.085
v -281.6792 30.85114 -2817.365
v -285.7338 99.51379 -2883.745
v -181.3401 149.9788 -2850.309
v -181.3401 149.9788 -2850.309
v -206.1523 128.9935 -2729.971
v -281.6792 30.85114 -2817.365
v -174.5869 35.61435 -2739.747
v -328.3777 137.9371 -2866.898
v -320.682 130.4934 -2857.457
v -307.6543 125.3793 -2854.647
v -294.2707 124.5482 -2859.542
v -285.6434 128.3175 -2870.272
v -285.0675 135.2475 -2882.739
v -292.7633 142.6911 -2892.18
v -325.8368 112.7875 -2797.973
v -316.0986 113.0301 -2794.333
v -306.1958 114.8771 -2796.914
v -299.9109 117.623 -2804.73
v -299.6444 120.2189 -2814.797
v -305.4983 121.6735 -2823.268
v -209.6699 133.5099 -2721.853
v -314.9755 102.032 -2812.909
v -149.7746 56.59983 -2860.085
v -266.7821 43.45049 -2889.614
v -300.6306 86.9146 -2811.495
v -285.7338 99.51379 -2883.745
v -206.1523 128.9935 -2729.971
v -300.6306 86.9146 -2811.495
v -296.9922 114.4675 -2865.271
v -294.2707 124.5482 -2859.542
v -305.1926 106.5255 -2799.041
v -306.1958 114.8771 -2796.914
v -370.7396 53.12816 -2977.768
v -343.3911 29.18476 -3077.675
v -400.3506 223.7428 -3026.762
v -373.0021 199.7994 -3126.67
v -52.54085 -14.97044 -3485.499
v -32.03432 -25.43062 -3487.096
v 7.761311 -41.34866 -3489.517
v 50.01388 -48.8579 -3493.301
v 70.15379 -60.01437 -3494.875
v -65.75761 -29.25322 -3521.949
v -36.4861 -18.52017 -3524.003
v 9.915761 -20.48439 -3519.504
v 47.53223 -50.04397 -3528.006
v 51.51493 -84.40261 -3536.24
v -76.2305 -35.3659 -3550.851
v -37.48803 -13.14621 -3556.68
v 8.713623 -20.6988 -3560.302
v 30.24706 -53.35546 -3561.813
v 28.55596 -94.82941 -3559.024
v -61.12671 -24.56343 -3592.291
v -42.5553 -29.30863 -3594.38
v -4.530291 -38.47128 -3599.026
v 24.11013 -65.38414 -3599.552
v 35.20178 -81.09616 -3599.273
v -51.58114 -14.01659 -3622.287
v -34.07015 -17.33889 -3622.371
v 1.19722 -25.70903 -3627.884
v 27.79605 -51.44455 -3627.202
v 42.15384 -64.86708 -3627.267
v -42.09195 -18.46996 -3664.198
v -35.23095 -18.75794 -3665.34
v -3.660039 -30.86202 -3669.451
v 23.72021 -50.57579 -3669.958
v 27.49336 -56.21728 -3669.643
v -135.0204 9.417907 -2254.794
v -479.3392 9.417907 -2494.111
v -135.0204 562.81 -2254.794
v -479.3393 562.81 -2494.111
v 39.17344 244.7045 -502.8234
v -28.06975 109.6208 -541.7662
v 277.1401 135.9164 -536.3632
v 209.8969 0.8327098 -575.306
v -82.69961 -34.03041 -3535.684
v 65.29742 -78.16706 -3572.504
v -57.4384 83.24989 -3574.733
v 90.55838 39.11327 -3611.553
v -37.45699 23.21127 -3723.458
v 39.41282 0.2865733 -3742.583
v -62.71804 -94.06921 -3684.41
v -73.08924 -29.97338 -3539.893
v 58.48927 -69.21358 -3572.628
v 80.9481 35.05621 -3607.345
v -50.63022 74.2965 -3574.609
v -53.12019 -56.1818 -3686.098
v 25.87758 -79.74104 -3705.751
v 39.36141 -17.13903 -3726.595
v -39.63617 6.420345 -3706.941
v 22.46622 23.52766 -3770.052
v 13.68492 19.31368 -3757.151
v 14.53067 13.56068 -3742.068
v 24.68045 8.466102 -3730.564
v 40.25743 5.975865 -3727.034
v 55.31168 7.041188 -3732.825
v 64.09297 11.25518 -3745.726
v 64.18334 29.59677 -3756.06
v 54.03356 34.69135 -3767.564
v 38.45658 37.18159 -3771.094
v 23.40233 36.11626 -3765.302
v 14.62104 31.90228 -3752.401
v 15.46685 26.14922 -3737.319
v 25.61664 21.05464 -3725.815
v 41.19361 18.56441 -3722.285
v 56.2478 19.6298 -3728.076
v 65.02909 23.84377 -3740.977
v 39.82507 27.87303 -3746.689
v -52.47065 33.15063 -3727.729
v -51.25462 33.71984 -3716.03
v -43.48999 32.95042 -3707.21
v -32.14242 31.13634 -3704.638
v -21.54605 28.97038 -3709.297
v -15.74886 27.28008 -3719.407
v -15.27462 36.36822 -3731.752
v -23.0392 37.13762 -3740.572
v -34.38698 38.95176 -3743.143
v -44.98315 41.1176 -3738.485
v -50.78043 42.80786 -3728.375
v -49.56463 43.37708 -3716.676
v -41.79978 42.60766 -3707.856
v -30.45221 40.79358 -3705.284
v -19.85613 38.62769 -3709.943
v -14.05854 36.93731 -3720.052
v -32.41952 39.87266 -3724.214
v -39.15123 30.71493 -3729.295
v -41.4777 31.3933 -3725.238
v -40.9896 31.62164 -3720.543
v -37.87386 31.31292 -3717.004
v -33.32023 30.58488 -3715.972
v -61.88499 -108.6167 -3713.556
v -64.21187 -107.9383 -3709.5
v -63.72421 -107.7098 -3704.805
v -60.61 -108.0182 -3701.265
v -56.05421 -108.7466 -3700.232
v -82.69961 -34.03041 -3535.684
v 90.55838 39.11327 -3611.553
v -57.4384 83.24989 -3574.733
v -73.08924 -29.97338 -3539.893
v 25.87758 -79.74104 -3705.751
v 58.48927 -69.21358 -3572.628
v -53.12019 -56.1818 -3686.098
v 39.36141 -17.13903 -3726.595
v 80.9481 35.05621 -3607.345
v 80.9481 35.05621 -3607.345
v -50.63022 74.2965 -3574.609
v -53.12019 -56.1818 -3686.098
v -73.08924 -29.97338 -3539.893
v 23.40233 36.11626 -3765.302
v 14.62104 31.90228 -3752.401
v 15.46685 26.14922 -3737.319
v 25.61664 21.05464 -3725.815
v 41.19361 18.56441 -3722.285
v 56.2478 19.6298 -3728.076
v 65.02909 23.84377 -3740.977
v -50.78043 42.80786 -3728.375
v -49.56463 43.37708 -3716.676
v -41.79978 42.60766 -3707.856
v -30.45221 40.79358 -3705.284
v -19.85613 38.62769 -3709.943
v -14.05854 36.93731 -3720.052
v -57.4384 83.24989 -3574.733
v -37.45699 23.21127 -3723.458
v 58.48927 -69.21358 -3572.628
v 25.87758 -79.74104 -3705.751
v -39.63617 6.420345 -3706.941
v 39.36141 -17.13903 -3726.595
v -50.63022 74.2965 -3574.609
v -39.63617 6.420345 -3706.941
v 24.68045 8.466102 -3730.564
v 25.61664 21.05464 -3725.815
v -43.48999 32.95042 -3707.21
v -41.79978 42.60766 -3707.856
v -218.6849 6.521083 -2760.115
v -215.7593 38.76697 -2754.111
v -298.42 4.077851 -2708.145
v -295.4943 36.32374 -2702.14
v -253.236 62.78852 -2777.061
v -240.8925 27.77656 -2785.72
v -161.7333 105.8787 -2820.852
v -149.3897 70.86674 -2829.511
v -352.2202 43.46545 -2484.22
v -327.2834 38.35626 -2501.01
v -330.003 128.4844 -2477.094
v -305.0661 123.3752 -2493.883
v -210.2455 3.083356 -2640.428
v -186.7676 -6.403941 -2651.387
v -192.561 76.5117 -2666.108
v -169.0831 67.0244 -2677.068
v -294.0665 8.762483 -2724.043
v -269.9744 -6.94642 -2738.763
v -272.6772 86.21205 -2771.687
v -248.5851 70.50315 -2786.407
v 204.1133 55.1081 -1602.652
v 225.4885 53.73606 -1594.067
v 264.6021 54.68333 -1576.399
v 302.2075 64.30753 -1557.712
v 323.6213 62.189 -1549.374
v 216.5128 49.98728 -1641.732
v 234.7728 70.41033 -1626.709
v 269.3508 83.6155 -1598.297
v 315.8845 73.86613 -1588.266
v 338.7748 47.93374 -1596.496
v 223.8816 50.49024 -1672.193
v 245.6007 85.56189 -1654.111
v 286.1859 96.49128 -1633.179
v 318.8239 76.03262 -1626.205
v 335.961 38.22314 -1628.942
v 248.2855 78.98511 -1697.778
v 265.6827 82.09193 -1690.067
v 301.2015 89.05938 -1674.533
v 336.1447 75.81434 -1662.351
v 351.9732 65.89703 -1657.76
v 263.594 101.5066 -1716.766
v 278.6363 104.8207 -1707.798
v 312.0399 111.793 -1694.387
v 344.3363 98.45648 -1682.166
v 361.735 91.81149 -1675.886
v 291.1196 114.8227 -1747.285
v 297.0135 117.375 -1744.6
v 328.7427 119.3091 -1732.367
v 359.3015 111.9111 -1720.12
v 364.7312 108.2052 -1718.403
v 183.6119 146.4166 -1668.463
v 256.9301 25.56087 -1695.61
v 263.8903 179.1105 -1594.085
v 337.2085 58.25504 -1621.232
v 358.4084 185.2137 -1706.402
v 396.4901 122.4411 -1720.502
v 278.1302 152.5196 -1780.781
v 192.1316 141.5264 -1665.843
v 257.3162 34.07821 -1689.979
v 328.6887 63.14518 -1623.851
v 263.5042 170.5932 -1599.716
v 296.7847 158.8062 -1751.375
v 335.9204 94.29581 -1765.866
v 378.7715 111.7473 -1726.164
v 339.6357 176.2575 -1711.674
v 417.3882 151.8058 -1718.56
v 402.8895 153.486 -1717.071
v 390.328 146.4537 -1714.183
v 384.5019 133.3951 -1711
v 387.6366 119.298 -1708.737
v 398.5346 109.5472 -1708.259
v 413.0334 107.8671 -1709.748
v 427.0121 117.2227 -1700.723
v 432.8382 130.2814 -1703.906
v 429.7035 144.3784 -1706.169
v 418.8054 154.1292 -1706.647
v 404.3067 155.8094 -1705.158
v 391.7453 148.7771 -1702.27
v 385.9192 135.7184 -1699.087
v 389.0539 121.6214 -1696.824
v 399.9518 111.8706 -1696.346
v 414.4506 110.1905 -1697.835
v 409.3786 132.9999 -1701.496
v 358.679 201.7017 -1703.287
v 350.9499 197.5772 -1697.151
v 347.5845 188.6813 -1692.339
v 349.868 178.4118 -1690.691
v 356.9285 170.6912 -1692.835
v 366.0688 168.4688 -1697.953
v 378.3892 174.8502 -1696.816
v 381.7546 183.746 -1701.628
v 379.4711 194.0157 -1703.276
v 372.4109 201.7362 -1701.132
v 363.2705 203.9586 -1696.014
v 355.5415 199.8343 -1689.878
v 352.1762 190.9382 -1685.066
v 354.4597 180.6687 -1683.418
v 361.5199 172.9483 -1685.562
v 370.6603 170.7256 -1690.68
v 366.9654 187.3421 -1693.347
v 364.559 190.8613 -1703.744
v 360.891 191.7532 -1701.69
v 357.7897 190.098 -1699.228
v 356.4391 186.5282 -1697.297
v 357.3555 182.4073 -1696.636
v 294.3714 155.1532 -1805.388
v 290.7036 156.0455 -1803.335
v 287.602 154.3907 -1800.872
v 286.2507 150.8222 -1798.941
v 287.1674 146.6992 -1798.279
v 183.6119 146.4166 -1668.463
v 337.2085 58.25504 -1621.232
v 263.8903 179.1105 -1594.085
v 192.1316 141.5264 -1665.843
v 335.9204 94.29581 -1765.866
v 257.3162 34.07821 -1689.979
v 296.7847 158.8062 -1751.375
v 378.7715 111.7473 -1726.164
v 328.6887 63.14518 -1623.851
v 328.6887 63.14518 -1623.851
v 263.5042 170.5932 -1599.716
v 296.7847 158.8062 -1751.375
v 192.1316 141.5264 -1665.843
v 418.8054 154.1292 -1706.647
v 404.3067 155.8094 -1705.158
v 391.7453 148.7771 -1702.27
v 385.9192 135.7184 -1699.087
v 389.0539 121.6214 -1696.824
v 399.9518 111.8706 -1696.346
v 414.4506 110.1905 -1697.835
v 363.2705 203.9586 -1696.014
v 355.5415 199.8343 -1689.878
v 352.1762 190.9382 -1685.066
v 354.4597 180.6687 -1683.418
v 361.5199 172.9483 -1685.562
v 370.6603 170.7256 -1690.68
v 263.8903 179.1105 -1594.085
v 358.4084 185.2137 -1706.402
v 257.3162 34.07821 -1689.979
v 335.9204 94.29581 -1765.866
v 339.6357 176.2575 -1711.674
v 378.7715 111.7473 -1726.164
v 263.5042 170.5932 -1599.716
v 339.6357 176.2575 -1711.674
v 384.5019 133.3951 -1711
v 385.9192 135.7184 -1699.087
v 347.5845 188.6813 -1692.339
v 352.1762 190.9382 -1685.066
v -85.60009 -0.001740125 13.56999
v 104.1747 -0.001740125 13.56999
v -85.60009 -0.001740125 -3396.641
v 104.1747 -0.001740125 -3396.641
vt 0.5309856 9.059906E-06
vt 0.5309856 9.059906E-06
vt 0.4914229 5.960464E-08
vt 0.4914229 5.960464E-08
vt 0.4914229 0.9999912
vt 0.4914229 0.9999912
vt 0.5309856 1
vt 0.5309856 1
vt 0.4634241 5.960464E-08
vt 0.4634241 5.960464E-08
vt 0.4634241 0.9999912
vt 0.4634241 0.9999912
vt 0.1499254 0
vt 0.3124213 0
vt 0.3124213 1
vt 0.1499254 1
vt 0.6599143 1
vt 0.6599143 9.089708E-06
vt 0.6599144 1
vt 0.6599144 9.059906E-06
vt 0.6928434 0.9999999
vt 0.6928434 9.059906E-06
vt 0.6928434 0.9999999
vt 0.6928434 9.059906E-06
vt 0.4159356 0.9999912
vt 0.4159356 1.192093E-07
vt 0.4159356 1.192093E-07
vt 0.4159356 0.9999912
vt 0.9015383 0.09490797
vt 0.8165681 0.1042208
vt 0.8999189 0.1042208
vt 0.8181869 0.09490797
vt 0.7654794 0.1108112
vt 0.9510074 0.1108112
vt 0.7654794 0.1219893
vt 0.9510074 0.1219893
vt 0.9996015 0.09016493
vt 0.7201231 0.09016493
vt 0.9996015 0.08241374
vt 0.7201231 0.08241374
vt 0.4914229 5.960464E-08
vt 0.4914229 0.9999912
vt 0.4914229 0.9999912
vt 0.4914229 5.960464E-08
vt 0.4634241 5.960464E-08
vt 0.4634241 0.9999912
vt 0.4634241 0.9999912
vt 0.4634241 5.960464E-08
vt 0.5309856 9.059906E-06
vt 0.5309856 1
vt 0.5309856 1
vt 0.5309856 9.059906E-06
vt 0.6599143 9.089708E-06
vt 0.6599143 1
vt 0.6599144 1
vt 0.6599144 9.059906E-06
vt 0.5309856 9.059906E-06
vt 0.5309856 9.059906E-06
vt 0.4914229 5.960464E-08
vt 0.4914229 5.960464E-08
vt 0.4914229 0.9999912
vt 0.4914229 0.9999912
vt 0.5309856 1
vt 0.5309856 1
vt 0.4634241 5.960464E-08
vt 0.4634241 5.960464E-08
vt 0.4634241 0.9999912
vt 0.4634241 0.9999912
vt 0.1499254 0
vt 0.3124213 0
vt 0.3124213 1
vt 0.1499254 1
vt 0.6599143 1
vt 0.6599143 9.089708E-06
vt 0.6599144 1
vt 0.6599144 9.059906E-06
vt 0.6928434 0.9999999
vt 0.6928434 9.059906E-06
vt 0.6928434 0.9999999
vt 0.6928434 9.059906E-06
vt 0.4159356 0.9999912
vt 0.4159356 1.192093E-07
vt 0.4159356 1.192093E-07
vt 0.4159356 0.9999912
vt 0.9031091 0.07422352
vt 0.8149363 0.09820393
vt 0.9014287 0.09820393
vt 0.8166161 0.07422352
vt 0.761922 0.115175
vt 0.9544428 0.115175
vt 0.761922 0.1439595
vt 0.9544428 0.1439595
vt 1.004868 0.0620098
vt 0.7148561 0.06200984
vt 1.004868 0.04205032
vt 0.7148561 0.04205032
vt 0.4914229 5.960464E-08
vt 0.4914229 0.9999912
vt 0.4914229 0.9999912
vt 0.4914229 5.960464E-08
vt 0.4634241 5.960464E-08
vt 0.4634241 0.9999912
vt 0.4634241 0.9999912
vt 0.4634241 5.960464E-08
vt 0.5309856 9.059906E-06
vt 0.5309856 1
vt 0.5309856 1
vt 0.5309856 9.059906E-06
vt 0.6599143 9.089708E-06
vt 0.6599143 1
vt 0.6599144 1
vt 0.6599144 9.059906E-06
vt 0.5309856 9.059906E-06
vt 0.5309856 9.059906E-06
vt 0.4914229 5.960464E-08
vt 0.4914229 5.960464E-08
vt 0.4914229 0.9999912
vt 0.4914229 0.9999912
vt 0.5309856 1
vt 0.5309856 1
vt 0.4634241 5.960464E-08
vt 0.4634241 5.960464E-08
vt 0.4634241 0.9999912
vt 0.4634241 0.9999912
vt 0.1499254 0
vt 0.3124213 0
vt 0.3124213 1
vt 0.1499254 1
vt 0.6599143 1
vt 0.6599143 9.089708E-06
vt 0.6599144 1
vt 0.6599144 9.059906E-06
vt 0.6928434 0.9999999
vt 0.6928434 9.059906E-06
vt 0.6928434 0.9999999
vt 0.6928434 9.059906E-06
vt 0.4159356 0.9999912
vt 0.4159356 1.192093E-07
vt 0.4159356 1.192093E-07
vt 0.4159356 0.9999912
vt 0.9015383 0.09490797
vt 0.8165681 0.1042208
vt 0.8999189 0.1042208
vt 0.8181869 0.09490797
vt 0.7654794 0.1108112
vt 0.9510074 0.1108112
vt 0.7654794 0.1219893
vt 0.9510074 0.1219893
vt 0.9996015 0.09016493
vt 0.7201231 0.09016493
vt 0.9996015 0.08241374
vt 0.7201231 0.08241374
vt 0.4914229 5.960464E-08
vt 0.4914229 0.9999912
vt 0.4914229 0.9999912
vt 0.4914229 5.960464E-08
vt 0.4634241 5.960464E-08
vt 0.4634241 0.9999912
vt 0.4634241 0.9999912
vt 0.4634241 5.960464E-08
vt 0.5309856 9.059906E-06
vt 0.5309856 1
vt 0.5309856 1
vt 0.5309856 9.059906E-06
vt 0.6599143 9.089708E-06
vt 0.6599143 1
vt 0.6599144 1
vt 0.6599144 9.059906E-06
vt 0.5309856 9.059906E-06
vt 0.5309856 9.059906E-06
vt 0.4914229 5.960464E-08
vt 0.4914229 5.960464E-08
vt 0.4914229 0.9999912
vt 0.4914229 0.9999912
vt 0.5309856 1
vt 0.5309856 1
vt 0.4634241 5.960464E-08
vt 0.4634241 5.960464E-08
vt 0.4634241 0.9999912
vt 0.4634241 0.9999912
vt 0.1499254 0
vt 0.3124213 0
vt 0.3124213 1
vt 0.1499254 1
vt 0.6599143 1
vt 0.6599143 9.089708E-06
vt 0.6599144 1
vt 0.6599144 9.059906E-06
vt 0.6928434 0.9999999
vt 0.6928434 9.059906E-06
vt 0.6928434 0.9999999
vt 0.6928434 9.059906E-06
vt 0.4159356 0.9999912
vt 0.4159356 1.192093E-07
vt 0.4159356 1.192093E-07
vt 0.4159356 0.9999912
vt 0.9015383 0.09490797
vt 0.8165681 0.1042208
vt 0.8999189 0.1042208
vt 0.8181869 0.09490797
vt 0.7654794 0.1108112
vt 0.9510074 0.1108112
vt 0.7654794 0.1219893
vt 0.9510074 0.1219893
vt 0.9996015 0.09016493
vt 0.7201231 0.09016493
vt 0.9996015 0.08241374
vt 0.7201231 0.08241374
vt 0.4914229 5.960464E-08
vt 0.4914229 0.9999912
vt 0.4914229 0.9999912
vt 0.4914229 5.960464E-08
vt 0.4634241 5.960464E-08
vt 0.4634241 0.9999912
vt 0.4634241 0.9999912
vt 0.4634241 5.960464E-08
vt 0.5309856 9.059906E-06
vt 0.5309856 1
vt 0.5309856 1
vt 0.5309856 9.059906E-06
vt 0.6599143 9.089708E-06
vt 0.6599143 1
vt 0.6599144 1
vt 0.6599144 9.059906E-06
vt 0 0
vt 0.9988459 0
vt 0 1
vt 0.9988459 1
vt 0 0
vt 1 0
vt 0 1
vt 1 1
vt 0 1
vt 1 1
vt 0 1
vt 1 1
vt 0 0
vt 1 0
vt 0 0
vt 1 0
vt 0 0
vt 1 1
vt 1 0
vt 0 1
vt 0 0
vt 1 1
vt 1 0
vt 0 1
vt 0 0
vt 1 1
vt 1 0
vt 0 1
vt 0 0
vt 1 0
vt 0 1
vt 1 1
vt 0 1
vt 1 1
vt 0 1
vt 1 1
vt 0 0
vt 1 0
vt 0 0
vt 1 0
vt 0 0
vt 1 1
vt 1 0
vt 0 1
vt 0 0
vt 1 1
vt 1 0
vt 0 1
vt 0 0
vt 1 1
vt 1 0
vt 0 1
vt 0 0
vt 0.09594183 0
vt 0 1
vt 0.09594183 1
vt 0 0
vt 0.09594183 0
vt 0 1
vt 0.09594183 1
vt 0.2288517 0.2288514
vt 0.7711483 0.2288514
vt 0.2288517 0.7711481
vt 0.7711483 0.7711481
vt 0 -0.6354106
vt 0.1062705 -0.6354106
vt 0.2132179 -0.6354106
vt 0.3123636 -0.6354106
vt 0.4189839 -0.6354106
vt 0.5755351 -0.6354106
vt 0.65975 -0.6354106
vt 0.7590272 -0.6354334
vt 0.789861 -0.6356414
vt 1 -0.6354106
vt 0.002629876 -0.124583
vt 0.1093038 -0.1250411
vt 0.2141906 -0.1249412
vt 0.312838 -0.1246845
vt 0.418984 -0.1245007
vt 0.5753909 -0.1245093
vt 0.6579074 -0.1247747
vt 0.7581246 -0.1252823
vt 0.8333594 -0.1248276
vt 0.9967934 -0.1248313
vt 0.006238699 0.5571234
vt 0.1087978 0.5567207
vt 0.2139947 0.5567757
vt 0.313223 0.5569398
vt 0.418984 0.5567123
vt 0.5755351 0.5567123
vt 0.6560444 0.556685
vt 0.7580754 0.5564587
vt 0.846177 0.5564982
vt 0.997839 0.5567172
vt 0.03273141 1.238034
vt 0.1065303 1.238025
vt 0.2134123 1.238046
vt 0.3131789 1.238003
vt 0.418984 1.237925
vt 0.5755366 1.237925
vt 0.6580422 1.23805
vt 0.7574736 1.23864
vt 0.8771598 1.238214
vt 0.9988618 1.237958
vt 0.03940254 1.6353
vt 0.1062705 1.6353
vt 0.2130156 1.635642
vt 0.3126023 1.6354
vt 0.4189839 1.6353
vt 0.5755351 1.6353
vt 0.6597685 1.6353
vt 0.7592148 1.6353
vt 0.8612107 1.635301
vt 1 1.6353
vt 0 0
vt 1 0
vt 0 1
vt 1 1
vt 0 0
vt 1 0
vt 0 1
vt 1 1
vt 0 0
vt 1 0
vt 0 1
vt 1 1
vt 0 0
vt 1 0
vt 0 1
vt 1 1
vt 0 0
vt 1 0
vt 0 1
vt 1 1
vt 0.9906288 -0.9822472
vt 0.01254824 -0.9338059
vt 0.9906289 -0.9822472
vt 0.01254815 -0.9338059
vt 0.9906288 -0.5144572
vt 0.01655872 -0.4912515
vt 0.9906288 -0.5144572
vt 0.01655873 -0.4912515
vt 0.9906289 -0.05899794
vt 0.01937509 -0.008738674
vt 0.5013497 0.9846781
vt 0.573148 1
vt 0.5015717 6.318092E-06
vt 0.573148 0
vt 0.4310007 0.9633152
vt 0.4268519 1.257658E-05
vt 0.01937506 -0.008738674
vt 0.9906288 -0.05899794
vt 0.5292015 0.4466981
vt 0.5033257 0.4466981
vt 0.5292015 0.405744
vt 0.5626559 0.002509065
vt 0.5626559 0.2205724
vt 0.5292015 0.2205724
vt 0.5033257 0.2053668
vt 0.5292015 0.4980502
vt 0.5033257 0.4980502
vt 0.5626559 0.4466981
vt 0.5626559 0.4980502
vt 0.5292015 0.04930077
vt 0.5626559 0.04930078
vt 0.5033257 0.04930075
vt 0.5292015 0.001706496
vt 0.5626559 0.001706496
vt 0.5626559 0.04930078
vt 0.5292015 0.04930077
vt 0.5033257 0.001706496
vt 0.5033257 0.04930075
vt 0.5292015 0.002509065
vt 0.5033257 0.002509058
vt 0.5626559 0.405744
vt 0.5292015 0.04930077
vt 0.5292015 0.001706496
vt 0.5292015 0.2205724
vt 0.5292015 0.002509065
vt 0.5292015 0.4980502
vt 0.5292015 0.4466981
vt 0.5292015 0.405744
vt 0.5292015 0.04930077
vt 0.5626559 0.04930078
vt 0.5292015 0.04930077
vt 0.5292015 0.04930077
vt 0.5626559 0.04930078
vt 0.5292015 0.04930077
vt 0.5033257 0.04930075
vt 0.5033257 0.04930075
vt 0.5292015 0.04930077
vt 0.5292015 0.4466981
vt 0.5033257 0.4466981
vt 0.5292015 0.405744
vt 0.5626559 0.002509065
vt 0.5626559 0.2205724
vt 0.5292015 0.2205724
vt 0.5033257 0.2053668
vt 0.5292015 0.4980502
vt 0.5033257 0.4980502
vt 0.5626559 0.4466981
vt 0.5626559 0.4980502
vt 0.5292015 0.04930077
vt 0.5626559 0.04930078
vt 0.5033257 0.04930075
vt 0.5292015 0.001706496
vt 0.5626559 0.001706496
vt 0.5626559 0.04930078
vt 0.5292015 0.04930077
vt 0.5033257 0.001706496
vt 0.5033257 0.04930075
vt 0.5292015 0.002509065
vt 0.5033257 0.002509058
vt 0.5626559 0.405744
vt 0.5292015 0.04930077
vt 0.5292015 0.001706496
vt 0.5292015 0.2205724
vt 0.5292015 0.002509065
vt 0.5292015 0.4980502
vt 0.5292015 0.4466981
vt 0.5292015 0.405744
vt 0.5292015 0.04930077
vt 0.5626559 0.04930078
vt 0.5292015 0.04930077
vt 0.5292015 0.04930077
vt 0.5626559 0.04930078
vt 0.5292015 0.04930077
vt 0.5033257 0.04930075
vt 0.5033257 0.04930075
vt 0.5292015 0.04930077
vt 0.5292015 0.4466981
vt 0.5033257 0.4466981
vt 0.5292015 0.405744
vt 0.5626559 0.002509065
vt 0.5626559 0.2205724
vt 0.5292015 0.2205724
vt 0.5033257 0.2053668
vt 0.5292015 0.4980502
vt 0.5033257 0.4980502
vt 0.5626559 0.4466981
vt 0.5626559 0.4980502
vt 0.5292015 0.04930077
vt 0.5626559 0.04930078
vt 0.5033257 0.04930075
vt 0.5292015 0.001706496
vt 0.5626559 0.001706496
vt 0.5626559 0.04930078
vt 0.5292015 0.04930077
vt 0.5033257 0.001706496
vt 0.5033257 0.04930075
vt 0.5292015 0.002509065
vt 0.5033257 0.002509058
vt 0.5626559 0.405744
vt 0.5292015 0.04930077
vt 0.5292015 0.001706496
vt 0.5292015 0.2205724
vt 0.5292015 0.002509065
vt 0.5292015 0.4980502
vt 0.5292015 0.4466981
vt 0.5292015 0.405744
vt 0.5292015 0.04930077
vt 0.5626559 0.04930078
vt 0.5292015 0.04930077
vt 0.5292015 0.04930077
vt 0.5626559 0.04930078
vt 0.5292015 0.04930077
vt 0.5033257 0.04930075
vt 0.5033257 0.04930075
vt 0.5292015 0.04930077
vt 0.7493857 0.990853
vt 0.7993818 0.990853
vt 0.8743758 0.990853
vt 0.9493699 0.990853
vt 0.999366 0.990853
vt 0.7492813 0.9991233
vt 0.7993818 0.9991233
vt 0.8743758 0.9991233
vt 0.9493699 0.9991233
vt 0.999366 0.9991233
vt 0.7493857 0.990853
vt 0.7993818 0.990853
vt 0.8743758 0.990853
vt 0.9493699 0.990853
vt 0.999366 0.990853
vt 0.7492813 0.9991233
vt 0.7993818 0.9991233
vt 0.8743758 0.9991233
vt 0.9493699 0.9991233
vt 0.999366 0.9991233
vt 0.01251592 0.5003539
vt 0.09913204 0.5003521
vt 0.1603048 0.5003498
vt 0.2163872 0.5003487
vt 0.2212792 0.5003486
vt 0.2905794 0.5003461
vt 0.2988096 0.5003459
vt 0.348506 0.5003445
vt 0.3786222 0.5003436
vt 0.4087384 0.5003429
vt 0.4349237 0.5003421
vt 0.4528284 0.5003417
vt 0.4644285 0.5003413
vt 0.02105354 0.533676
vt 0.09371053 0.5329478
vt 0.1494275 0.5296217
vt 0.211523 0.5225639
vt 0.2164151 0.5225637
vt 0.2119856 0.5447787
vt 0.2168776 0.5447785
vt 0.3041321 0.5447755
vt 0.3104499 0.5590483
vt 0.3592069 0.5991502
vt 0.3841701 0.5996225
vt 0.4045137 0.6304538
vt 0.4359591 0.6190743
vt 0.4689706 0.6038933
vt 0.4990868 0.6050812
vt 0.03029171 0.589213
vt 0.09826463 0.5838815
vt 0.1473125 0.5804331
vt 0.2076261 0.5669937
vt 0.2125181 0.5669936
vt 0.2988629 0.5669905
vt 0.3040083 0.5733097
vt 0.3122624 0.5928587
vt 0.3582851 0.6114398
vt 0.3858776 0.6514093
vt 0.4032892 0.6605867
vt 0.4388545 0.6495528
vt 0.4637889 0.6424074
vt 0.2065631 0.5892087
vt 0.2114551 0.5892085
vt 0.2896098 0.5892056
vt 0.2951082 0.5892055
vt 0.3183899 0.6095532
vt 0.3585985 0.6228858
vt 0.3786222 0.6523594
vt 0.4076429 0.6831827
vt 0.4307595 0.6850143
vt 0.4574082 0.6822319
vt 0.4777846 0.6978213
vt 0.2143551 0.6114233
vt 0.2192471 0.611423
vt 0.2907248 0.6114205
vt 0.306669 0.6084412
vt 0.3226374 0.6176587
vt 0.3524488 0.6281707
vt 0.3784125 0.658026
vt 0.03230903 0.6447499
vt 0.1186495 0.6494725
vt 0.1590493 0.6455061
vt 0.2183852 0.6336379
vt 0.2232772 0.6336377
vt 0.2891698 0.6336353
vt 0.3010677 0.6402662
vt 0.3135432 0.658697
vt 0.3433546 0.668288
vt 0.3737157 0.6788
vt 0.2392726 0.6752737
vt 0.2469126 0.6781353
vt 0.2713264 0.66672
vt 0.2882738 0.6558502
vt 0.3048495 0.6731722
vt 0.348506 0.6827527
vt 0.3786222 0.6957684
vt 0.4087384 0.70151
vt 0.01722847 0.70399
vt 0.1013951 0.7039877
vt 0.2142191 0.7030556
vt 0.2331743 0.6968092
vt 0.2683648 0.6818545
vt 0.2937234 0.6906902
vt 0.2455013 0.7066588
vt 0.2802675 0.7006543
vt 0.361 0.7461977
vt 0.272243 0.7713938
vt 0.3541766 0.757637
vt 0.3898679 0.7646286
vt 0.4195259 0.7447059
vt 0.451724 0.7528813
vt 0.4718758 0.7447045
vt 0.01722847 0.7780396
vt 0.1247864 0.7780366
vt 0.2039935 0.7780344
vt 0.2193501 0.7613667
vt 0.2424611 0.7854571
vt 0.2623008 0.7805831
vt 0.3822881 0.7891368
vt 0.4240344 0.7780282
vt 0.4623213 0.7780271
vt 0.4810866 0.7628106
vt 0.308334 0.8174952
vt 0.3698648 0.7911203
vt -0.0007595122 0.8391309
vt 0.1247864 0.8391273
vt 0.2545742 0.8391237
vt 0.2709077 0.8445472
vt 0.2812247 0.842371
vt 0.2963411 0.8219514
vt 0.3686813 0.8145251
vt 0.3822881 0.8113515
vt 0.4388545 0.8224574
vt 0.4689706 0.8224565
vt 0.4990868 0.8224556
vt 0.348506 0.8335673
vt 0.3786222 0.8335666
vt 0.348506 0.8468528
vt 0.3861513 0.8918803
vt 0.4388545 0.8891019
vt 0.4689706 0.8891013
vt 0.4990868 0.8891003
vt -0.0007595122 0.8946682
vt 0.1247864 0.8946646
vt 0.2161221 0.8946619
vt 0.2337313 0.8946615
vt 0.2506291 0.8939649
vt 0.3225392 0.8906051
vt 0.01722847 0.944651
vt 0.129163 0.9446478
vt 0.1748613 0.9446466
vt 0.1878392 0.9446462
vt 0.2009287 0.9446458
vt 0.2619221 0.944644
vt 0.3861513 0.9446406
vt 0.4388545 0.9446391
vt 0.4654502 0.9446384
vt 0.4990868 0.9446375
vt 0.03914382 1.000187
vt 0.1129515 1.000185
vt 0.1868198 1.000183
vt 0.2619221 1.000181
vt 0.3861513 1.000178
vt 0.4388545 1.000176
vt 0.6080438 0.8869429
vt 0.6042073 0.8978168
vt 0.6512543 0.8869416
vt 0.6553055 0.8869416
vt 0.6579254 0.9014398
vt 0.6023532 0.9159394
vt 0.6553318 0.9086887
vt 0.6507772 0.9159379
vt 0.6513257 0.9231874
vt 0.6096985 0.9304378
vt 0.6505605 0.9304366
vt 0.6292711 0.944958
vt 0.6417773 0.9412328
vt 0.5036507 0.8238444
vt 0.5036507 0.7989781
vt 0.7419701 0.7989736
vt 0.7419701 0.798974
vt 0.5036507 0.8487102
vt 0.7419701 0.8487051
vt 0.5036507 0.8735764
vt 0.7419701 0.8735712
vt 0.5036507 0.8984423
vt 0.7419701 0.8984374
vt 0.5036507 0.9233075
vt 0.7419701 0.9233032
vt 0.5036507 0.9979801
vt 0.7419701 0.9979801
vt 0.6293298 0.9979801
vt 0.672228 0.9979801
vt 0.09913204 0.5003521
vt 0.09371053 0.5329478
vt 0.1603048 0.5003498
vt 0.1494275 0.5296217
vt 0.3104499 0.5590483
vt 0.4045137 0.6304538
vt 0.09826463 0.5838815
vt 0.1473125 0.5804331
vt 0.3582851 0.6114398
vt 0.3858776 0.6514093
vt 0.4045137 0.6304538
vt 0.4032892 0.6605867
vt 0.4388545 0.6495528
vt 0.4388545 0.6495528
vt 0.2951082 0.5892055
vt 0.4388545 0.6495528
vt 0.4388545 0.6495528
vt 0.2951082 0.5892055
vt 0.2951082 0.5892055
vt 0.306669 0.6084412
vt 0.3786222 0.6523594
vt 0.4076429 0.6831827
vt 0.1186495 0.6494725
vt 0.1590493 0.6455061
vt 0.3226374 0.6176587
vt 0.3524488 0.6281707
vt 0.3784125 0.658026
vt 0.2882738 0.6558502
vt 0.1013951 0.7039877
vt 0.2331743 0.6968092
vt 0.2683648 0.6818545
vt 0.2937234 0.6906902
vt 0.2455013 0.7066588
vt 0.2802675 0.7006543
vt 0.361 0.7461977
vt 0.3541766 0.757637
vt 0.1247864 0.7780366
vt 0.2142191 0.7030556
vt 0.2193501 0.7613667
vt 0.2331743 0.6968092
vt 0.2193501 0.7613667
vt 0.2709077 0.8445472
vt 0.2709077 0.8445472
vt 0.348506 0.8468528
vt 0.4388545 0.8891019
vt 0.2545742 0.8391237
vt 0.2709077 0.8445472
vt 0.2161221 0.8946619
vt 0.2709077 0.8445472
vt 0.2812247 0.842371
vt 0.2337313 0.8946615
vt 0.1748613 0.9446466
vt 0.1878392 0.9446462
vt 0.4388545 0.8891019
vt 0.4388545 0.9446391
vt 0.1868198 1.000183
vt 0.1878392 0.9446462
vt 0.1868198 1.000183
vt 0.7419701 0.7989736
vt 0.6512543 0.8869416
vt 0.7419701 0.798974
vt 0.6512543 0.8869416
vt 0.6292711 0.944958
vt 0.6292711 0.944958
vt 0.4388545 1.000176
vt -0.0004985831 0.0009929538
vt 0.2640747 0.0009929538
vt -0.0004985831 0.499218
vt 0.2640747 0.499218
vt 0.5292015 0.4466981
vt 0.5033257 0.4466981
vt 0.5292015 0.405744
vt 0.5626559 0.002509065
vt 0.5626559 0.2205724
vt 0.5292015 0.2205724
vt 0.5033257 0.2053668
vt 0.5292015 0.4980502
vt 0.5033257 0.4980502
vt 0.5626559 0.4466981
vt 0.5626559 0.4980502
vt 0.5292015 0.04930077
vt 0.5626559 0.04930078
vt 0.5033257 0.04930075
vt 0.5292015 0.001706496
vt 0.5626559 0.001706496
vt 0.5626559 0.04930078
vt 0.5292015 0.04930077
vt 0.5033257 0.001706496
vt 0.5033257 0.04930075
vt 0.5292015 0.002509065
vt 0.5033257 0.002509058
vt 0.5626559 0.405744
vt 0.5292015 0.04930077
vt 0.5292015 0.001706496
vt 0.5292015 0.2205724
vt 0.5292015 0.002509065
vt 0.5292015 0.4980502
vt 0.5292015 0.4466981
vt 0.5292015 0.405744
vt 0.5292015 0.04930077
vt 0.5626559 0.04930078
vt 0.5292015 0.04930077
vt 0.5292015 0.04930077
vt 0.5626559 0.04930078
vt 0.5292015 0.04930077
vt 0.5033257 0.04930075
vt 0.5033257 0.04930075
vt 0.5292015 0.04930077
vt 0.2650008 0.0009929538
vt 0.4986324 0.0009929538
vt 0.2650008 0.499218
vt 0.4986324 0.499218
vt 0.7225052 0.655261
vt 0.8295255 0.655261
vt 0.7270792 0.7616366
vt 0.8257104 0.7616366
vt 0.9317945 0.8660752
vt 0.9356093 0.655261
vt 0.9414811 0.5321522
vt 0.8197539 0.5321522
vt 0.705164 0.5321522
vt 0.5015966 0.533464
vt 0.6945927 0.533464
vt 0.6945927 0.7889663
vt 0.5015966 0.7889662
vt 0.8295255 0.655261
vt 0.8257104 0.7616366
vt 0.9356093 0.655261
vt 0.8295255 0.655261
vt 0.8295255 0.655261
vt 0.7225052 0.655261
vt 0.8197539 0.5321522
vt 0.7570069 0.2110225
vt 0.7570069 0.2353407
vt 0.7570068 0.2718179
vt 0.7570068 0.3082952
vt 0.7570068 0.3326134
vt 0.7195246 0.2110224
vt 0.7195246 0.2353407
vt 0.7195246 0.2718179
vt 0.7195245 0.3082952
vt 0.7195245 0.3326134
vt 0.6820423 0.2110224
vt 0.6820423 0.2353406
vt 0.6820423 0.2718179
vt 0.6820422 0.3082952
vt 0.6820422 0.3326134
vt 0.64456 0.2110224
vt 0.64456 0.2353407
vt 0.64456 0.271818
vt 0.6445599 0.3082952
vt 0.64456 0.3326134
vt 0.6070777 0.2110224
vt 0.6070777 0.2353407
vt 0.6070777 0.271818
vt 0.6070775 0.3082952
vt 0.6070776 0.3326134
vt 0.5695953 0.2110225
vt 0.5695952 0.2353407
vt 0.5695953 0.271818
vt 0.5695953 0.3082952
vt 0.5695953 0.3326135
vt 0.7527338 0.3407613
vt 0.7527338 0.3407613
vt 0.5729196 0.3407613
vt 0.7527338 0.3407613
vt 0.5729196 0.5172278
vt 0.7527339 0.5172278
vt 0.7527339 0.5172278
vt 0.5802051 0.3487927
vt 0.7453777 0.3487927
vt 0.7453777 0.5092099
vt 0.5802051 0.5092099
vt 0.5729196 0.3407613
vt 0.7527338 0.3407613
vt 0.7527339 0.5172278
vt 0.5729196 0.5172278
vt 0.5873769 0.5010574
vt 0.637954 0.5010574
vt 0.6894668 0.5010574
vt 0.7378605 0.5010574
vt 0.6894668 0.5010574
vt 0.637954 0.5010574
vt 0.5873769 0.5010574
vt 0.8243622 0.5007741
vt 0.8083298 0.5124223
vt 0.7885126 0.5124223
vt 0.5873769 0.5170456
vt 0.637954 0.5170456
vt 0.6894668 0.5170456
vt 0.7378605 0.5170456
vt 0.6894668 0.5170456
vt 0.637954 0.5170456
vt 0.5873769 0.5170456
vt 0.7984212 0.4806443
vt 0.637954 0.5010574
vt 0.6894668 0.5010574
vt 0.7378605 0.5010574
vt 0.6894668 0.5010574
vt 0.637954 0.5010574
vt 0.5873769 0.5010574
vt 0.8243622 0.5007741
vt 0.8083298 0.5124223
vt 0.7885126 0.5124223
vt 0.7724802 0.5007741
vt 0.637954 0.5170456
vt 0.6894668 0.5170456
vt 0.7378605 0.5170456
vt 0.6894668 0.5170456
vt 0.637954 0.5170456
vt 0.5873769 0.5170456
vt 0.7984212 0.4806443
vt 0.580261 0.5355045
vt 0.5887699 0.5355045
vt 0.5971063 0.5355045
vt 0.6050071 0.5355045
vt 0.6130475 0.5355046
vt 0.58022 0.788282
vt 0.5887277 0.788282
vt 0.5970646 0.788282
vt 0.6049644 0.788282
vt 0.6130074 0.788282
vt 0.5729196 0.3407613
vt 0.7527339 0.5172278
vt 0.5729196 0.5172279
vt 0.5729196 0.3407613
vt 0.7527338 0.5172278
vt 0.7527338 0.3407613
vt 0.5729196 0.5172278
vt 0.5729196 0.5172278
vt 0.5729196 0.3407613
vt 0.7527338 0.3407613
vt 0.5729196 0.3407613
vt 0.7527339 0.5172278
vt 0.7527338 0.3407613
vt 0.7724802 0.5007741
vt 0.7663564 0.4819269
vt 0.7724802 0.4630797
vt 0.7885126 0.4514315
vt 0.8083298 0.4514315
vt 0.8243622 0.4630797
vt 0.830486 0.4819269
vt 0.7663564 0.4819269
vt 0.7724802 0.4630797
vt 0.7885126 0.4514315
vt 0.8083298 0.4514315
vt 0.8243622 0.4630797
vt 0.830486 0.4819269
vt 0.5729196 0.3407613
vt 0.5729196 0.5172278
vt 0.7527338 0.3407613
vt 0.7527339 0.5172278
vt 0.5729196 0.5172278
vt 0.7527338 0.5172278
vt 0.5729196 0.3407613
vt 0.5729196 0.5172278
vt 0.7378605 0.5010574
vt 0.7378605 0.5170456
vt 0.7378605 0.5010574
vt 0.7378605 0.5170456
vt 0.7596586 0.2633134
vt 0.8739879 0.2633134
vt 0.7596586 0.4430333
vt 0.8739879 0.4430333
vt 0.7570069 0.2110225
vt 0.7570069 0.2353407
vt 0.7570068 0.2718179
vt 0.7570068 0.3082952
vt 0.7570068 0.3326134
vt 0.7195246 0.2110224
vt 0.7195246 0.2353407
vt 0.7195246 0.2718179
vt 0.7195245 0.3082952
vt 0.7195245 0.3326134
vt 0.6820423 0.2110224
vt 0.6820423 0.2353406
vt 0.6820423 0.2718179
vt 0.6820422 0.3082952
vt 0.6820422 0.3326134
vt 0.64456 0.2110224
vt 0.64456 0.2353407
vt 0.64456 0.271818
vt 0.6445599 0.3082952
vt 0.64456 0.3326134
vt 0.6070777 0.2110224
vt 0.6070777 0.2353407
vt 0.6070777 0.271818
vt 0.6070775 0.3082952
vt 0.6070776 0.3326134
vt 0.5695953 0.2110225
vt 0.5695952 0.2353407
vt 0.5695953 0.271818
vt 0.5695953 0.3082952
vt 0.5695953 0.3326135
vt 0.2650008 0.0009929538
vt 0.4986324 0.0009929538
vt 0.2650008 0.499218
vt 0.4986324 0.499218
vt 0.7596586 0.2633134
vt 0.8739879 0.2633134
vt 0.7596586 0.4430333
vt 0.8739879 0.4430333
vt 0.7527338 0.3407613
vt 0.7527338 0.3407613
vt 0.5729196 0.3407613
vt 0.7527338 0.3407613
vt 0.5729196 0.5172278
vt 0.7527339 0.5172278
vt 0.7527339 0.5172278
vt 0.5802051 0.3487927
vt 0.7453777 0.3487927
vt 0.7453777 0.5092099
vt 0.5802051 0.5092099
vt 0.5729196 0.3407613
vt 0.7527338 0.3407613
vt 0.7527339 0.5172278
vt 0.5729196 0.5172278
vt 0.5873769 0.5010574
vt 0.637954 0.5010574
vt 0.6894668 0.5010574
vt 0.7378605 0.5010574
vt 0.6894668 0.5010574
vt 0.637954 0.5010574
vt 0.5873769 0.5010574
vt 0.8243622 0.5007741
vt 0.8083298 0.5124223
vt 0.7885126 0.5124223
vt 0.5873769 0.5170456
vt 0.637954 0.5170456
vt 0.6894668 0.5170456
vt 0.7378605 0.5170456
vt 0.6894668 0.5170456
vt 0.637954 0.5170456
vt 0.5873769 0.5170456
vt 0.7984212 0.4806443
vt 0.637954 0.5010574
vt 0.6894668 0.5010574
vt 0.7378605 0.5010574
vt 0.6894668 0.5010574
vt 0.637954 0.5010574
vt 0.5873769 0.5010574
vt 0.8243622 0.5007741
vt 0.8083298 0.5124223
vt 0.7885126 0.5124223
vt 0.7724802 0.5007741
vt 0.637954 0.5170456
vt 0.6894668 0.5170456
vt 0.7378605 0.5170456
vt 0.6894668 0.5170456
vt 0.637954 0.5170456
vt 0.5873769 0.5170456
vt 0.7984212 0.4806443
vt 0.580261 0.5355045
vt 0.5887699 0.5355045
vt 0.5971063 0.5355045
vt 0.6050071 0.5355045
vt 0.6130475 0.5355046
vt 0.58022 0.788282
vt 0.5887277 0.788282
vt 0.5970646 0.788282
vt 0.6049644 0.788282
vt 0.6130074 0.788282
vt 0.5729196 0.3407613
vt 0.7527339 0.5172278
vt 0.5729196 0.5172279
vt 0.5729196 0.3407613
vt 0.7527338 0.5172278
vt 0.7527338 0.3407613
vt 0.5729196 0.5172278
vt 0.5729196 0.5172278
vt 0.5729196 0.3407613
vt 0.7527338 0.3407613
vt 0.5729196 0.3407613
vt 0.7527339 0.5172278
vt 0.7527338 0.3407613
vt 0.7724802 0.5007741
vt 0.7663564 0.4819269
vt 0.7724802 0.4630797
vt 0.7885126 0.4514315
vt 0.8083298 0.4514315
vt 0.8243622 0.4630797
vt 0.830486 0.4819269
vt 0.7663564 0.4819269
vt 0.7724802 0.4630797
vt 0.7885126 0.4514315
vt 0.8083298 0.4514315
vt 0.8243622 0.4630797
vt 0.830486 0.4819269
vt 0.5729196 0.3407613
vt 0.5729196 0.5172278
vt 0.7527338 0.3407613
vt 0.7527339 0.5172278
vt 0.5729196 0.5172278
vt 0.7527338 0.5172278
vt 0.5729196 0.3407613
vt 0.5729196 0.5172278
vt 0.7378605 0.5010574
vt 0.7378605 0.5170456
vt 0.7378605 0.5010574
vt 0.7378605 0.5170456
vt 0.9497633 0.5323691
vt 0.9760413 0.5323691
vt 0.9497633 0.6168671
vt 0.9760413 0.6168671
vt 0.9497633 0.5323691
vt 0.9760413 0.5323691
vt 0.9497633 0.6168671
vt 0.9760413 0.6168671
vt 0.9497633 0.5323691
vt 0.9760413 0.5323691
vt 0.9497633 0.6168671
vt 0.9760413 0.6168671
vt 0.9497633 0.5323691
vt 0.9760413 0.5323691
vt 0.9497633 0.6168671
vt 0.9760413 0.6168671
vt 0.9497633 0.5323691
vt 0.9760413 0.5323691
vt 0.9497633 0.6168671
vt 0.9760413 0.6168671
vt 0.7570069 0.2110225
vt 0.7570069 0.2353407
vt 0.7570068 0.2718179
vt 0.7570068 0.3082952
vt 0.7570068 0.3326134
vt 0.7195246 0.2110224
vt 0.7195246 0.2353407
vt 0.7195246 0.2718179
vt 0.7195245 0.3082952
vt 0.7195245 0.3326134
vt 0.6820423 0.2110224
vt 0.6820423 0.2353406
vt 0.6820423 0.2718179
vt 0.6820422 0.3082952
vt 0.6820422 0.3326134
vt 0.64456 0.2110224
vt 0.64456 0.2353407
vt 0.64456 0.271818
vt 0.6445599 0.3082952
vt 0.64456 0.3326134
vt 0.6070777 0.2110224
vt 0.6070777 0.2353407
vt 0.6070777 0.271818
vt 0.6070775 0.3082952
vt 0.6070776 0.3326134
vt 0.5695953 0.2110225
vt 0.5695952 0.2353407
vt 0.5695953 0.271818
vt 0.5695953 0.3082952
vt 0.5695953 0.3326135
vt 0.7527338 0.3407613
vt 0.7527338 0.3407613
vt 0.5729196 0.3407613
vt 0.7527338 0.3407613
vt 0.5729196 0.5172278
vt 0.7527339 0.5172278
vt 0.7527339 0.5172278
vt 0.5802051 0.3487927
vt 0.7453777 0.3487927
vt 0.7453777 0.5092099
vt 0.5802051 0.5092099
vt 0.5729196 0.3407613
vt 0.7527338 0.3407613
vt 0.7527339 0.5172278
vt 0.5729196 0.5172278
vt 0.5873769 0.5010574
vt 0.637954 0.5010574
vt 0.6894668 0.5010574
vt 0.7378605 0.5010574
vt 0.6894668 0.5010574
vt 0.637954 0.5010574
vt 0.5873769 0.5010574
vt 0.8243622 0.5007741
vt 0.8083298 0.5124223
vt 0.7885126 0.5124223
vt 0.5873769 0.5170456
vt 0.637954 0.5170456
vt 0.6894668 0.5170456
vt 0.7378605 0.5170456
vt 0.6894668 0.5170456
vt 0.637954 0.5170456
vt 0.5873769 0.5170456
vt 0.7984212 0.4806443
vt 0.637954 0.5010574
vt 0.6894668 0.5010574
vt 0.7378605 0.5010574
vt 0.6894668 0.5010574
vt 0.637954 0.5010574
vt 0.5873769 0.5010574
vt 0.8243622 0.5007741
vt 0.8083298 0.5124223
vt 0.7885126 0.5124223
vt 0.7724802 0.5007741
vt 0.637954 0.5170456
vt 0.6894668 0.5170456
vt 0.7378605 0.5170456
vt 0.6894668 0.5170456
vt 0.637954 0.5170456
vt 0.5873769 0.5170456
vt 0.7984212 0.4806443
vt 0.580261 0.5355045
vt 0.5887699 0.5355045
vt 0.5971063 0.5355045
vt 0.6050071 0.5355045
vt 0.6130475 0.5355046
vt 0.58022 0.788282
vt 0.5887277 0.788282
vt 0.5970646 0.788282
vt 0.6049644 0.788282
vt 0.6130074 0.788282
vt 0.5729196 0.3407613
vt 0.7527339 0.5172278
vt 0.5729196 0.5172279
vt 0.5729196 0.3407613
vt 0.7527338 0.5172278
vt 0.7527338 0.3407613
vt 0.5729196 0.5172278
vt 0.5729196 0.5172278
vt 0.5729196 0.3407613
vt 0.7527338 0.3407613
vt 0.5729196 0.3407613
vt 0.7527339 0.5172278
vt 0.7527338 0.3407613
vt 0.7724802 0.5007741
vt 0.7663564 0.4819269
vt 0.7724802 0.4630797
vt 0.7885126 0.4514315
vt 0.8083298 0.4514315
vt 0.8243622 0.4630797
vt 0.830486 0.4819269
vt 0.7663564 0.4819269
vt 0.7724802 0.4630797
vt 0.7885126 0.4514315
vt 0.8083298 0.4514315
vt 0.8243622 0.4630797
vt 0.830486 0.4819269
vt 0.5729196 0.3407613
vt 0.5729196 0.5172278
vt 0.7527338 0.3407613
vt 0.7527339 0.5172278
vt 0.5729196 0.5172278
vt 0.7527338 0.5172278
vt 0.5729196 0.3407613
vt 0.5729196 0.5172278
vt 0.7378605 0.5010574
vt 0.7378605 0.5170456
vt 0.7378605 0.5010574
vt 0.7378605 0.5170456
vt 0.001621564 0.0008288175
vt 0.499375 0.0008288175
vt 0.001621564 0.5003507
vt 0.499375 0.5003507
vn -0.9993451 -0.03618413 0
vn 0.9993447 0.0361971 0
vn -0.9993451 -0.03618413 0
vn 0.9993447 0.0361971 0
vn -0.9993451 -0.03618413 0
vn 0.9993447 0.0361971 0
vn -0.9993451 -0.03618413 0
vn 0.9993447 0.0361971 0
vn -0.5264957 -0.8501778 0
vn 0.5264986 -0.850176 0
vn 0.5264986 -0.850176 0
vn -0.5264957 -0.8501778 0
vn 0 1 0
vn 0 1 0
vn 0 1 0
vn 0 1 0
vn -0.226172 0.9740874 0
vn -0.226172 0.9740874 0
vn 0.2261735 0.974087 0
vn 0.2261735 0.974087 0
vn -1 0 0
vn -1 0 0
vn 1 0 0
vn 1 0 0
vn 1 0 0
vn 1 0 0
vn -1 0 0
vn -1 0 0
vn 0 -0.003819436 0.9999927
vn 0 -0.003819436 0.9999927
vn 0 -0.003819436 0.9999927
vn 0 -0.003819436 0.9999927
vn 0 0 1
vn 0 0 1
vn 0 0 1
vn 0 0 1
vn 0 0 1
vn 0 0 1
vn 0 0 1
vn 0 0 1
vn 0.5264986 -0.850176 0
vn 0.5264986 -0.850176 0
vn -0.5264957 -0.8501778 0
vn -0.5264957 -0.8501778 0
vn 1 0 0
vn 1 0 0
vn -1 0 0
vn -1 0 0
vn -0.226172 0.9740874 0
vn -0.226172 0.9740874 0
vn 0.2261735 0.974087 0
vn 0.2261735 0.974087 0
vn -1 0 0
vn -1 0 0
vn 1 0 0
vn 1 0 0
vn -0.9993451 -0.03618413 0
vn 0.9993447 0.0361971 0
vn -0.9993451 -0.03618413 0
vn 0.9993447 0.0361971 0
vn -0.9993451 -0.03618413 0
vn 0.9993447 0.0361971 0
vn -0.9993451 -0.03618413 0
vn 0.9993447 0.0361971 0
vn -0.5264957 -0.8501778 0
vn 0.5264986 -0.850176 0
vn 0.5264986 -0.850176 0
vn -0.5264957 -0.8501778 0
vn 0 1 0
vn 0 1 0
vn 0 1 0
vn 0 1 0
vn -0.226172 0.9740874 0
vn -0.226172 0.9740874 0
vn 0.2261735 0.974087 0
vn 0.2261735 0.974087 0
vn -1 0 0
vn -1 0 0
vn 1 0 0
vn 1 0 0
vn 1 0 0
vn 1 0 0
vn -1 0 0
vn -1 0 0
vn 0 -0.003819436 0.9999927
vn 0 -0.003819436 0.9999927
vn 0 -0.003819436 0.9999927
vn 0 -0.003819436 0.9999927
vn 0 0 1
vn 0 0 1
vn 0 0 1
vn 0 0 1
vn 0 0 1
vn 0 0 1
vn 0 0 1
vn 0 0 1
vn 0.5264986 -0.850176 0
vn 0.5264986 -0.850176 0
vn -0.5264957 -0.8501778 0
vn -0.5264957 -0.8501778 0
vn 1 0 0
vn 1 0 0
vn -1 0 0
vn -1 0 0
vn -0.226172 0.9740874 0
vn -0.226172 0.9740874 0
vn 0.2261735 0.974087 0
vn 0.2261735 0.974087 0
vn -1 0 0
vn -1 0 0
vn 1 0 0
vn 1 0 0
vn -0.334578 0.6694118 -0.6632838
vn 0.3345717 -0.6694027 0.6632962
vn -0.334578 0.6694118 -0.6632838
vn 0.3345717 -0.6694027 0.6632962
vn -0.334578 0.6694118 -0.6632838
vn 0.3345717 -0.6694027 0.6632962
vn -0.334578 0.6694118 -0.6632838
vn 0.3345717 -0.6694027 0.6632962
vn 0.1722023 -0.1662306 -0.9709345
vn 0.4772561 -0.7683921 -0.4263803
vn 0.4772561 -0.7683921 -0.4263803
vn 0.1722023 -0.1662306 -0.9709345
vn -0.360376 0.5186096 0.7753536
vn -0.360376 0.5186096 0.7753536
vn -0.360376 0.5186096 0.7753536
vn -0.360376 0.5186096 0.7753536
vn -0.4171057 0.6336545 0.6515403
vn -0.4171057 0.6336545 0.6515403
vn -0.2921917 0.3870805 0.8745242
vn -0.2921917 0.3870805 0.8745242
vn -0.3517319 0.6943015 -0.6278774
vn -0.3517319 0.6943015 -0.6278774
vn 0.3517319 -0.6943015 0.6278774
vn 0.3517319 -0.6943015 0.6278774
vn 0.3517319 -0.6943015 0.6278774
vn 0.3517319 -0.6943015 0.6278774
vn -0.3517319 0.6943015 -0.6278774
vn -0.3517319 0.6943015 -0.6278774
vn -0.8626914 -0.5007927 -0.07049958
vn -0.8626914 -0.5007927 -0.07049958
vn -0.8626914 -0.5007927 -0.07049958
vn -0.8626914 -0.5007927 -0.07049958
vn -0.8639525 -0.4989885 -0.06779808
vn -0.8639525 -0.4989885 -0.06779808
vn -0.8639525 -0.4989885 -0.06779808
vn -0.8639525 -0.4989885 -0.06779808
vn -0.8639525 -0.4989885 -0.06779808
vn -0.8639525 -0.4989885 -0.06779808
vn -0.8639525 -0.4989885 -0.06779808
vn -0.8639525 -0.4989885 -0.06779808
vn 0.4772561 -0.7683921 -0.4263803
vn 0.4772561 -0.7683921 -0.4263803
vn 0.1722023 -0.1662306 -0.9709345
vn 0.1722023 -0.1662306 -0.9709345
vn 0.3517319 -0.6943015 0.6278774
vn 0.3517319 -0.6943015 0.6278774
vn -0.3517319 0.6943015 -0.6278774
vn -0.3517319 0.6943015 -0.6278774
vn -0.4171057 0.6336545 0.6515403
vn -0.4171057 0.6336545 0.6515403
vn -0.2921917 0.3870805 0.8745242
vn -0.2921917 0.3870805 0.8745242
vn -0.3517319 0.6943015 -0.6278774
vn -0.3517319 0.6943015 -0.6278774
vn 0.3517319 -0.6943015 0.6278774
vn 0.3517319 -0.6943015 0.6278774
vn -0.3283397 0.735174 -0.5930534
vn 0.3283339 -0.7351658 0.5930668
vn -0.3283397 0.735174 -0.5930534
vn 0.3283339 -0.7351658 0.5930668
vn -0.3283397 0.735174 -0.5930534
vn 0.3283339 -0.7351658 0.5930668
vn -0.3283397 0.735174 -0.5930534
vn 0.3283339 -0.7351658 0.5930668
vn 0.1469843 -0.08319075 -0.9856343
vn 0.4453408 -0.7399495 -0.5041294
vn 0.4453408 -0.7399495 -0.5041294
vn 0.1469843 -0.08319075 -0.9856343
vn -0.3286734 0.4567492 0.8266523
vn -0.3286734 0.4567492 0.8266523
vn -0.3286734 0.4567492 0.8266523
vn -0.3286734 0.4567492 0.8266523
vn -0.3845357 0.5839554 0.7149324
vn -0.3845357 0.5839554 0.7149324
vn -0.2623642 0.3150249 0.9120988
vn -0.2623642 0.3150249 0.9120988
vn -0.3440097 0.7572528 -0.5551807
vn -0.3440097 0.7572528 -0.5551807
vn 0.3440097 -0.7572528 0.5551807
vn 0.3440097 -0.7572528 0.5551807
vn 0.3440097 -0.7572528 0.5551807
vn 0.3440097 -0.7572528 0.5551807
vn -0.3440097 0.7572528 -0.5551807
vn -0.3440097 0.7572528 -0.5551807
vn -0.8784123 -0.4684383 -0.09464282
vn -0.8784123 -0.4684383 -0.09464282
vn -0.8784123 -0.4684383 -0.09464282
vn -0.8784123 -0.4684383 -0.09464282
vn -0.879563 -0.4668495 -0.09176271
vn -0.879563 -0.4668495 -0.09176271
vn -0.879563 -0.4668495 -0.09176271
vn -0.879563 -0.4668495 -0.09176271
vn -0.879563 -0.4668495 -0.09176271
vn -0.879563 -0.4668495 -0.09176271
vn -0.879563 -0.4668495 -0.09176271
vn -0.879563 -0.4668495 -0.09176271
vn 0.4453408 -0.7399495 -0.5041294
vn 0.4453408 -0.7399495 -0.5041294
vn 0.1469843 -0.08319075 -0.9856343
vn 0.1469843 -0.08319075 -0.9856343
vn 0.3440097 -0.7572528 0.5551807
vn 0.3440097 -0.7572528 0.5551807
vn -0.3440097 0.7572528 -0.5551807
vn -0.3440097 0.7572528 -0.5551807
vn -0.3845357 0.5839554 0.7149324
vn -0.3845357 0.5839554 0.7149324
vn -0.2623642 0.3150249 0.9120988
vn -0.2623642 0.3150249 0.9120988
vn -0.3440097 0.7572528 -0.5551807
vn -0.3440097 0.7572528 -0.5551807
vn 0.3440097 -0.7572528 0.5551807
vn 0.3440097 -0.7572528 0.5551807
vn 0.04835791 0.03344041 0.9982702
vn 0.04835791 0.03344041 0.9982702
vn 0.04835791 0.03344041 0.9982702
vn 0.04835791 0.03344041 0.9982702
vn 0 0 1
vn 0 0 1
vn 0 0 1
vn 0 0 1
vn 0 1 0
vn 0 1 0
vn 0 0 -1
vn 0 0 -1
vn 0 1 0
vn 0 1 0
vn 0 0 -1
vn 0 0 -1
vn 0 -1 0
vn 0 -1 0
vn 0 -1 0
vn 0 -1 0
vn 1 0 0
vn 1 0 0
vn 1 0 0
vn 1 0 0
vn -1 0 0
vn -1 0 0
vn -1 0 0
vn -1 0 0
vn 0 0 1
vn 0 0 1
vn 0 0 1
vn 0 0 1
vn 0 1 0
vn 0 1 0
vn 0 0 -1
vn 0 0 -1
vn 0 1 0
vn 0 1 0
vn 0 0 -1
vn 0 0 -1
vn 0 -1 0
vn 0 -1 0
vn 0 -1 0
vn 0 -1 0
vn 1 0 0
vn 1 0 0
vn 1 0 0
vn 1 0 0
vn -1 0 0
vn -1 0 0
vn -1 0 0
vn -1 0 0
vn 0 0.04984784 0.9987569
vn 0 0.04984784 0.9987569
vn 0 0.04984784 0.9987569
vn 0 0.04984784 0.9987569
vn 0 0.04984784 0.9987568
vn 0 0.04984784 0.9987568
vn 0 0.04984784 0.9987568
vn 0 0.04984784 0.9987568
vn 0 1 0
vn 0 1 0
vn 0 1 0
vn 0 1 0
vn 0.5699029 0.8206927 0.0409154
vn 0.5961935 0.8016148 0.04435138
vn 0.4027014 0.9144943 0.03913793
vn 0.1253777 0.9919481 0.01787211
vn 0.09353156 0.995586 0.007761072
vn -0.274788 0.9614605 0.00923485
vn -0.2316788 0.9725123 0.02333974
vn -0.1518129 0.9875475 0.04126564
vn -0.258509 0.9646997 0.05027378
vn -0.3961627 0.9165676 0.05439652
vn 0.5266917 0.8497719 0.0219916
vn 0.5879688 0.8085628 0.02278079
vn 0.4178032 0.9082499 0.02286235
vn 0.1878342 0.9820865 0.01497504
vn 0.2164858 0.9762416 0.009284261
vn -0.3749158 0.9270458 0.004925425
vn -0.3919404 0.9198252 0.01744246
vn -0.2231447 0.9743246 0.0299667
vn -0.267123 0.9631658 0.03093407
vn -0.4864318 0.8731493 0.03153254
vn 0.4977741 0.8671333 -0.01734459
vn 0.5672463 0.8234122 -0.01496635
vn 0.3881446 0.9215571 -0.008734529
vn 0.2255224 0.9742356 -0.002141523
vn 0.3363073 0.9417523 0
vn -0.4476224 0.8942222 -0.0009297695
vn -0.5338923 0.8455517 -0.001107051
vn -0.2869914 0.9579305 -0.002245282
vn -0.3093152 0.9509583 -0.00153549
vn -0.6527067 0.7576107 8.480718E-05
vn 0.4813106 0.8760169 -0.03056712
vn 0.5210035 0.853163 -0.0258492
vn 0.3172545 0.948135 -0.01973836
vn 0.1474282 0.9889969 -0.01224608
vn 0.2419664 0.9702564 -0.007392765
vn -0.3230714 0.9463586 -0.005497756
vn -0.3834748 0.9233697 -0.01831435
vn -0.1689015 0.9850793 -0.0330322
vn -0.3659294 0.9302375 -0.02745612
vn -0.7597923 0.6499594 -0.01638541
vn 0.4486248 0.8934134 -0.02341432
vn 0.486213 0.8735939 -0.02075362
vn 0.2920829 0.9562657 -0.01559953
vn 0.09392346 0.9955463 -0.008119528
vn 0.1450794 0.9894116 -0.004073877
vn -0.2182012 0.9758667 -0.008510615
vn -0.2318401 0.9724857 -0.02283997
vn -0.06643997 0.9968845 -0.04251013
vn -0.3880921 0.9207183 -0.04077193
vn -0.7907652 0.6116266 -0.02456297
vn -0.5101238 -6.006064E-08 0.860101
vn -0.5101238 -6.006064E-08 0.860101
vn -0.5101238 -6.006064E-08 0.860101
vn -0.5101238 -6.006064E-08 0.860101
vn 0.8321027 -3.30631E-08 0.5546215
vn 0.8321027 -3.30631E-08 0.5546215
vn 0.8321027 -3.30631E-08 0.5546215
vn 0.8321027 -3.30631E-08 0.5546215
vn -0.4918447 0.2914075 0.8204697
vn -0.4918447 0.2914075 0.8204697
vn -0.4918447 0.2914075 0.8204697
vn -0.4918447 0.2914075 0.8204697
vn 0.6484938 9.437325E-05 0.7612199
vn 0.6484938 9.437325E-05 0.7612199
vn 0.6484938 9.437325E-05 0.7612199
vn 0.6484938 9.437325E-05 0.7612199
vn -0.4918447 0.2914075 0.8204697
vn -0.4918447 0.2914075 0.8204697
vn -0.4918447 0.2914075 0.8204697
vn -0.4918447 0.2914075 0.8204697
vn -0.9771392 0.212558 0.004269094
vn -0.9771392 0.212558 0.004269094
vn 0.9994878 0.02858081 0.01439859
vn 0.9994878 0.02858081 0.01439859
vn -0.996506 -0.08329602 0.006122784
vn -0.996506 -0.08329602 0.006122784
vn 0.9952936 -0.09609783 0.01248304
vn 0.9952936 -0.09609783 0.01248304
vn 0.6432843 -0.7654741 0.01532171
vn 0.6432843 -0.7654741 0.01532171
vn 0.02399137 -0.9995825 0.01609881
vn -0.5604112 -0.8280701 0.01546651
vn 0.02399137 -0.9995825 0.01609881
vn -0.5604112 -0.8280701 0.01546651
vn 0.6432843 -0.7654741 0.01532171
vn 0.6432843 -0.7654741 0.01532171
vn -0.5604112 -0.8280701 0.01546651
vn -0.5604112 -0.8280701 0.01546651
vn -0.8191773 -0.002980975 0.5735325
vn -0.8100653 0 0.5863397
vn -0.8161623 -0.001987288 0.5778193
vn 0.301235 -0.8579397 0.4161694
vn 0.301235 -0.8579397 0.4161694
vn 0.301235 -0.8579397 0.4161694
vn -0.8280777 -0.005961187 0.5605817
vn -0.8100658 0 0.5863389
vn -0.8100658 0 0.5863389
vn 0.5863476 0 0.8100595
vn 0.5863476 0 0.8100595
vn 0.5863423 0 0.8100634
vn 0.5863423 0 0.8100634
vn -0.8100631 0 0.5863426
vn 0.6162879 0 0.7875209
vn 0.6162879 0 0.7875209
vn 0.6162879 0 0.7875209
vn 0.6162879 0 0.7875209
vn -0.8309677 0 0.5563207
vn -0.8309677 0 0.5563207
vn 0.301235 -0.8579397 0.4161694
vn -0.8191773 -0.002980975 0.5735325
vn 0.5863423 0 0.8100634
vn -0.8309677 0 0.5563207
vn -0.8309677 0 0.5563207
vn -0.8280777 -0.005961187 0.5605817
vn -0.8161623 -0.001987288 0.5778193
vn 0.5863476 0 0.8100595
vn 0.5863476 0 0.8100595
vn 0.5863423 0 0.8100634
vn -0.8100631 0 0.5863426
vn 0.2379237 0.9198666 0.3118298
vn 0.2379237 0.9198666 0.3118298
vn 0.2379237 0.9198666 0.3118298
vn 0.2379237 0.9198666 0.3118298
vn -0.3621888 0.8983142 0.2486983
vn -0.3621888 0.8983142 0.2486983
vn -0.3621888 0.8983142 0.2486983
vn -0.3621888 0.8983142 0.2486983
vn 0.8191773 -0.002980975 0.5735325
vn 0.8100653 0 0.5863397
vn 0.8161623 -0.001987288 0.5778193
vn -0.301235 -0.8579397 0.4161694
vn -0.301235 -0.8579397 0.4161694
vn -0.301235 -0.8579397 0.4161694
vn 0.8280777 -0.005961187 0.5605817
vn 0.8100658 0 0.5863389
vn 0.8100658 0 0.5863389
vn -0.5863476 0 0.8100595
vn -0.5863476 0 0.8100595
vn -0.5863423 0 0.8100634
vn -0.5863423 0 0.8100634
vn 0.8100631 0 0.5863426
vn -0.6162879 0 0.7875209
vn -0.6162879 0 0.7875209
vn -0.6162879 0 0.7875209
vn -0.6162879 0 0.7875209
vn 0.8309677 0 0.5563207
vn 0.8309677 0 0.5563207
vn -0.301235 -0.8579397 0.4161694
vn 0.8191773 -0.002980975 0.5735325
vn -0.5863423 0 0.8100634
vn 0.8309677 0 0.5563207
vn 0.8309677 0 0.5563207
vn 0.8280777 -0.005961187 0.5605817
vn 0.8161623 -0.001987288 0.5778193
vn -0.5863476 0 0.8100595
vn -0.5863476 0 0.8100595
vn -0.5863423 0 0.8100634
vn 0.8100631 0 0.5863426
vn -0.2379237 0.9198666 0.3118298
vn -0.2379237 0.9198666 0.3118298
vn -0.2379237 0.9198666 0.3118298
vn -0.2379237 0.9198666 0.3118298
vn 0.3621888 0.8983142 0.2486983
vn 0.3621888 0.8983142 0.2486983
vn 0.3621888 0.8983142 0.2486983
vn 0.3621888 0.8983142 0.2486983
vn 0.8191773 -0.002980975 0.5735325
vn 0.8100653 0 0.5863397
vn 0.8161623 -0.001987288 0.5778193
vn -0.301235 -0.8579397 0.4161694
vn -0.301235 -0.8579397 0.4161694
vn -0.301235 -0.8579397 0.4161694
vn 0.8280777 -0.005961187 0.5605817
vn 0.8100658 0 0.5863389
vn 0.8100658 0 0.5863389
vn -0.5863476 0 0.8100595
vn -0.5863476 0 0.8100595
vn -0.5863423 0 0.8100634
vn -0.5863423 0 0.8100634
vn 0.8100631 0 0.5863426
vn -0.6162879 0 0.7875209
vn -0.6162879 0 0.7875209
vn -0.6162879 0 0.7875209
vn -0.6162879 0 0.7875209
vn 0.8309677 0 0.5563207
vn 0.8309677 0 0.5563207
vn -0.301235 -0.8579397 0.4161694
vn 0.8191773 -0.002980975 0.5735325
vn -0.5863423 0 0.8100634
vn 0.8309677 0 0.5563207
vn 0.8309677 0 0.5563207
vn 0.8280777 -0.005961187 0.5605817
vn 0.8161623 -0.001987288 0.5778193
vn -0.5863476 0 0.8100595
vn -0.5863476 0 0.8100595
vn -0.5863423 0 0.8100634
vn 0.8100631 0 0.5863426
vn -0.2379237 0.9198666 0.3118298
vn -0.2379237 0.9198666 0.3118298
vn -0.2379237 0.9198666 0.3118298
vn -0.2379237 0.9198666 0.3118298
vn 0.3621888 0.8983142 0.2486983
vn 0.3621888 0.8983142 0.2486983
vn 0.3621888 0.8983142 0.2486983
vn 0.3621888 0.8983142 0.2486983
vn 0.8494457 0.5276761 0
vn 0.6204255 0.7842654 0
vn 0 1 0
vn -0.6188663 0.7854963 0
vn -0.8473427 0.5310465 0
vn 0.8494457 0.5276761 0
vn 0.6204255 0.7842654 0
vn 0 1 0
vn -0.6188663 0.7854963 0
vn -0.8473427 0.5310465 0
vn 0.8499618 0.5268445 0
vn 0.6208092 0.7839617 0
vn 0 1 0
vn -0.620576 0.7841463 0
vn -0.8496484 0.5273497 0
vn 0.8499618 0.5268445 0
vn 0.6208092 0.7839617 0
vn 0 1 0
vn -0.620576 0.7841463 0
vn -0.8496484 0.5273497 0
vn 0.4898499 0.2183723 0.8440146
vn 0.4898499 0.2183723 0.8440146
vn 0.5820989 0.4800211 0.6563083
vn 0.7129104 0.4255404 0.5573814
vn 0.7906756 0.4115327 0.4532912
vn -0.8521183 0.3675376 0.3725727
vn -0.5191045 0.174784 0.8366487
vn -0.2108939 0.03994866 0.9766923
vn -0.08168527 0.01048702 0.996603
vn 0.1311581 0.01962994 0.9911671
vn 0.02432786 0.1032766 0.9943551
vn -0.5351695 0.2915866 0.7928246
vn -0.8352704 0.3993298 0.3779671
vn 0.5658112 0.2586089 0.7829298
vn 0.5658112 0.2586089 0.7829298
vn 0.5858119 0.4485162 0.6750242
vn 0.7680578 0.1920194 0.610914
vn 0.8592516 0.1860867 0.4765065
vn 0.7627897 0.152758 0.6283447
vn 0.871193 0.1336863 0.4723884
vn -0.8931292 0.01043133 0.4496792
vn -0.3600626 0.09557851 0.9280192
vn -0.2308762 0.2574159 0.938314
vn -0.2230382 0.2808614 0.9334725
vn 0.04446945 0.2428709 0.9690388
vn -0.03107019 0.1938214 0.9805447
vn -0.5828849 0.1196619 0.8036954
vn -0.8337402 -0.06672996 0.5481098
vn 0.6778678 0.1617552 0.7171684
vn 0.6778678 0.1617552 0.7171684
vn 0.660888 0.263912 0.7025508
vn 0.7419175 0.2202053 0.6332994
vn 0.8541641 0.2111445 0.4752071
vn -0.7952035 -0.4430725 0.4139303
vn -0.3067608 -0.1911911 0.932386
vn 0.04289884 0.06653567 0.9968615
vn -0.03535837 0.2129424 0.9764248
vn -0.1749373 0.2740693 0.9456654
vn -0.0786107 0.164505 0.9832388
vn -0.09110054 0.2900675 0.9526603
vn -0.7430522 -0.1805334 0.6444231
vn 0.7433938 -0.2472992 0.621457
vn 0.8350918 -0.2704861 0.4790185
vn -0.8811592 -0.2124466 0.4224038
vn -0.7261165 -0.1660651 0.6672161
vn 0.2595275 -0.4061646 0.8761711
vn 0.2983049 -0.3771259 0.8768068
vn 0.0005412496 -0.002782844 0.9999959
vn -0.04901878 0.0297531 0.9983546
vn -0.5243805 -0.3003202 0.796764
vn -0.7715133 -0.2526301 0.583905
vn -0.69168 -0.1494809 0.7065651
vn 0.6693988 -0.3487183 0.6559731
vn 0.7462382 -0.5131897 0.423987
vn -0.8972787 -0.005636004 0.4414287
vn -0.4797894 0.002240586 0.8773808
vn 0.3521386 -0.7824834 0.513535
vn 0.4383856 -0.7261768 0.5296087
vn 0.5257967 -0.7048066 0.47622
vn 0.6863809 0.1160749 0.7179191
vn 0.6863809 0.1160749 0.7179191
vn 0.5377929 0.06863778 0.8402783
vn 0.5905148 -0.3783707 0.712831
vn 0.6940382 -0.5864611 0.4175815
vn -0.8174441 -0.3500579 0.4574325
vn -0.4068264 -0.04132145 0.9125705
vn 0.1259108 0.2894676 0.9488704
vn 0.168925 0.3554996 0.9192847
vn 0.04003078 0.2359099 0.9709501
vn 0.4592395 -0.2408849 0.8550283
vn 0.1962028 -0.7199608 0.6657034
vn -0.4999424 -0.6995676 0.5105515
vn -0.560501 -0.5232955 0.6418725
vn 0.07784054 0.3156401 0.9456808
vn 0.1378142 0.2996191 0.9440528
vn -0.03320287 0.1496659 0.988179
vn -0.1839759 -0.1083472 0.976941
vn 0.667092 0.1930578 0.7195255
vn 0.667092 0.1930578 0.7195255
vn 0.287843 0.2632079 0.9207975
vn 0.2476515 0.1560365 0.9562015
vn -0.1822064 -0.7488337 0.6372197
vn 0.1560015 0.09275582 0.983392
vn -0.1574382 -0.822769 0.5461359
vn 0.06837867 -0.8794852 0.4709884
vn -0.03379709 -0.07181685 0.9968451
vn -0.2600471 0.450351 0.8541426
vn 0.02441193 0.1969381 0.9801119
vn -0.1719291 -0.2056067 0.9634139
vn -0.4321085 -0.1603186 0.8874571
vn -0.6614292 0.03071896 0.7493782
vn -0.6397659 0.08158965 0.7642269
vn 0.6459988 0.202725 0.7359267
vn 0.6459988 0.202725 0.7359267
vn 0.3731662 -0.02570785 0.9274082
vn 0.1135373 0.5152726 0.8494725
vn -0.2187434 0.2998806 0.9285596
vn -0.3139386 0.3798999 0.8701256
vn 0.243557 -0.09901141 0.9648196
vn -0.1888419 0.2032973 0.9607335
vn -0.5926911 0.3450508 0.7277756
vn -0.6788476 0.2930477 0.6732674
vn -0.1297011 0.3002165 0.945012
vn 0.3534505 -0.04885577 0.9341765
vn 0.6072376 0.08944957 0.789469
vn 0.4525083 -0.04597209 0.8905745
vn 0.3395006 -0.3337522 0.8794025
vn 0.4245425 -0.6689597 0.6101284
vn -0.2534263 0.2699788 0.9289169
vn -0.3067104 0.394607 0.8661489
vn 0.2737986 0.1170586 0.9546369
vn 0.3596645 -0.02989182 0.9326028
vn -0.03458123 0.05267844 0.9980126
vn -0.627681 0.224931 0.7452668
vn -0.795729 0.1877529 0.575816
vn -0.001708722 0.3525376 0.9357961
vn 0.2087933 -0.08392038 0.9743525
vn -0.1046625 0.4764237 0.872964
vn 0.151701 -0.4966001 0.8546199
vn -0.07098242 -0.1956788 0.9780958
vn -0.6650114 -0.09673701 0.7405416
vn -0.7970595 -0.09214537 0.5968294
vn 0.5728359 -0.1569779 0.804498
vn 0.460084 -0.009761136 0.8878218
vn 0.34128 0.1242275 0.9317164
vn 0.5569275 0.6784317 0.4791265
vn -0.2628547 -0.6589653 0.7047496
vn 0.004959955 -0.6085916 0.7934682
vn 0.52351 -0.4342965 0.7330237
vn 0.4580089 -0.3902387 0.7987125
vn 0.4338717 -0.5297692 0.728766
vn 0.5337773 0.7290401 0.4284652
vn -0.3798265 -0.816229 0.4353183
vn -0.04887691 -0.8431928 0.5353849
vn 0.2410221 -0.7810022 0.5761458
vn -0.04873374 -0.6839533 0.7278962
vn -0.5826161 -0.5546542 0.5940684
vn -0.6085666 -0.5604762 0.5617055
vn 0.4670676 -0.5986549 0.6507382
vn 0.3253051 -0.7325893 0.5979043
vn 0.3163803 -0.8457775 0.4296092
vn -0.08571254 -0.9173788 0.3886766
vn 0.1616883 -0.9153877 0.3686765
vn -0.1359857 -0.9203935 0.3665838
vn 0.89161 0.423024 0.1614999
vn 0.9665049 0.2111189 0.145935
vn 0.1455562 -0.9773776 -0.1534483
vn 0.1455562 -0.9773776 -0.1534483
vn -0.9882126 0.0428876 0.146957
vn 0.9687757 -0.1976424 0.1497033
vn -0.8886075 -0.447146 0.1021628
vn -0.9643465 -0.2425559 0.1058424
vn -0.9935537 -0.0152385 0.1123341
vn 0.7563019 -0.6436929 0.1169053
vn -0.9133386 -0.3870911 0.1263846
vn 0.1723562 -0.9755238 0.136553
vn -0.5425028 -0.828908 0.1363907
vn 0.8592516 0.1860867 0.4765065
vn 0.7906756 0.4115327 0.4532912
vn 0.1455562 -0.9773776 -0.1534483
vn 0.1455562 -0.9773776 -0.1534483
vn 0.871193 0.1336863 0.4723884
vn -0.8931292 0.01043133 0.4496792
vn 0.8541641 0.2111445 0.4752071
vn -0.7952035 -0.4430725 0.4139303
vn 0.8350918 -0.2704861 0.4790185
vn -0.8811592 -0.2124466 0.4224038
vn 0.7462382 -0.5131897 0.423987
vn -0.8972787 -0.005636004 0.4414287
vn 0.6940382 -0.5864611 0.4175815
vn -0.8174441 -0.3500579 0.4574325
vn 0.1962028 -0.7199608 0.6657034
vn -0.4999424 -0.6995676 0.5105515
vn 0.5820989 0.4800211 0.6563083
vn 0.5858119 0.4485162 0.6750242
vn 0.7750922 0.4766618 0.4147597
vn 0.8290336 0.26434 0.4927756
vn -0.3600626 0.09557851 0.9280192
vn 0.04446945 0.2428709 0.9690388
vn 0.660888 0.263912 0.7025508
vn 0.7879347 -0.01041121 0.6156708
vn -0.03535837 0.2129424 0.9764248
vn -0.1749373 0.2740693 0.9456654
vn 0.04446945 0.2428709 0.9690388
vn -0.0786107 0.164505 0.9832388
vn -0.09110054 0.2900675 0.9526603
vn -0.09110054 0.2900675 0.9526603
vn -2.67778E-05 0 1
vn -0.1687661 -0.2491103 0.9536572
vn -0.908273 -0.358061 0.2164079
vn 0.3690533 -0.7673883 0.5243233
vn 0.3690533 -0.7673883 0.5243233
vn 0.3690533 -0.7673883 0.5243233
vn 0.5257967 -0.7048066 0.47622
vn 0.5144328 -0.7603517 0.3965153
vn 0.6856713 -0.03706441 0.726967
vn 0.5874505 -0.260568 0.7661633
vn 0.2217107 0.07774195 0.9720085
vn 0.2217058 0.0777414 0.9720097
vn 0.0990001 0.03507027 0.9944692
vn -0.1356957 0.1726474 0.9755919
vn 0.5693867 0.1454612 0.8090982
vn -0.1709149 -0.7466719 0.6428603
vn -3.468094E-05 0 1
vn 0.1844072 -0.8882544 0.4207113
vn -0.2356286 0.5910796 0.7714299
vn 0.03366768 0.3115252 0.9496413
vn 0.5004509 -0.7413838 0.4471006
vn 0.5004509 -0.7413838 0.4471006
vn 0.4083061 -0.008013011 0.9128099
vn -0.3575105 0.6439899 0.6763604
vn -0.392803 0.5272355 0.7534776
vn -0.5356677 0.7949361 0.2848451
vn 0.4245425 -0.6689597 0.6101284
vn 0.4245425 -0.6689597 0.6101284
vn -0.417857 0.4112098 0.8101247
vn -0.01790709 -0.4651723 0.885039
vn -0.07098242 -0.1956788 0.9780958
vn 0.5762703 0.625972 0.5254252
vn 0.5762703 0.625972 0.5254252
vn 0.5569275 0.6784317 0.4791265
vn -0.5823535 -0.6511295 0.4867183
vn -0.2495527 -0.4966871 0.8312793
vn -0.5551876 -0.7467529 0.3662334
vn 0.5337773 0.7290401 0.4284652
vn -0.6395011 -0.7352138 0.2247198
vn -0.07098242 -0.1956788 0.9780958
vn -0.04873374 -0.6839533 0.7278962
vn 0.3163803 -0.8457775 0.4296092
vn 0.4703456 -0.8193806 0.3277046
vn -0.4917965 -0.8071865 0.3264753
vn 0.1455562 -0.9773776 -0.1534483
vn 0.1455562 -0.9773776 -0.1534483
vn -0.8521183 0.3675376 0.3725727
vn -0.8907511 0.4255418 0.1596141
vn 0.1723562 -0.9755238 0.136553
vn 0.1723562 -0.9755238 0.136553
vn -0.1359857 -0.9203935 0.3665838
vn 0.05930967 -0.03555097 0.9976064
vn 0.05930967 -0.03555097 0.9976064
vn 0.05930967 -0.03555097 0.9976064
vn 0.05930967 -0.03555097 0.9976064
vn -0.8191773 -0.002980975 0.5735325
vn -0.8100653 0 0.5863397
vn -0.8161623 -0.001987288 0.5778193
vn 0.301235 -0.8579397 0.4161694
vn 0.301235 -0.8579397 0.4161694
vn 0.301235 -0.8579397 0.4161694
vn -0.8280777 -0.005961187 0.5605817
vn -0.8100658 0 0.5863389
vn -0.8100658 0 0.5863389
vn 0.5863476 0 0.8100595
vn 0.5863476 0 0.8100595
vn 0.5863423 0 0.8100634
vn 0.5863423 0 0.8100634
vn -0.8100631 0 0.5863426
vn 0.6162879 0 0.7875209
vn 0.6162879 0 0.7875209
vn 0.6162879 0 0.7875209
vn 0.6162879 0 0.7875209
vn -0.8309677 0 0.5563207
vn -0.8309677 0 0.5563207
vn 0.301235 -0.8579397 0.4161694
vn -0.8191773 -0.002980975 0.5735325
vn 0.5863423 0 0.8100634
vn -0.8309677 0 0.5563207
vn -0.8309677 0 0.5563207
vn -0.8280777 -0.005961187 0.5605817
vn -0.8161623 -0.001987288 0.5778193
vn 0.5863476 0 0.8100595
vn 0.5863476 0 0.8100595
vn 0.5863423 0 0.8100634
vn -0.8100631 0 0.5863426
vn 0.2379237 0.9198666 0.3118298
vn 0.2379237 0.9198666 0.3118298
vn 0.2379237 0.9198666 0.3118298
vn 0.2379237 0.9198666 0.3118298
vn -0.3621888 0.8983142 0.2486983
vn -0.3621888 0.8983142 0.2486983
vn -0.3621888 0.8983142 0.2486983
vn -0.3621888 0.8983142 0.2486983
vn -0.5707281 -1.223593E-07 0.8211392
vn -0.5707281 -1.223593E-07 0.8211392
vn -0.5707281 -1.223593E-07 0.8211392
vn -0.5707281 -1.223593E-07 0.8211392
vn -0.8682987 0 0.4960417
vn -0.8682987 0 0.4960417
vn -0.8682987 0 0.4960417
vn -0.8682987 0 0.4960417
vn 0.4764596 0.03812208 0.8783695
vn 0.4764596 0.03812208 0.8783695
vn 0.494628 0.07544285 0.8658242
vn 0.494628 0.07544285 0.8658242
vn -0.865085 0.0859562 0.4942058
vn -0.6562245 0.6548498 0.374888
vn -0.6562245 0.6548498 0.374888
vn -0.6562245 0.6548498 0.374888
vn -0.6562245 0.6548498 0.374888
vn 0.4764596 0.03812208 0.8783695
vn 0.4764596 0.03812208 0.8783695
vn 0.494628 0.07544285 0.8658242
vn 0.494628 0.07544285 0.8658242
vn -0.865085 0.0859562 0.4942058
vn -0.865085 0.0859562 0.4942058
vn -0.865085 0.0859562 0.4942058
vn -0.737689 0.6323816 0.2364493
vn -0.7893278 0.447791 0.4200535
vn -0.71576 0.2966079 0.6322274
vn -0.3162392 0.5497794 0.7731335
vn 0.09559178 0.6804883 0.726497
vn -0.8337641 0.5475838 0.0706359
vn -0.8372164 0.4494875 0.3114959
vn -0.6399281 0.4182489 0.6446394
vn -0.1060132 0.6211032 0.7765256
vn 0.3142819 0.6773901 0.6651087
vn -0.8716158 0.4845762 -0.07397097
vn -0.7814943 0.6029289 0.160448
vn -0.4093411 0.7070318 0.5766678
vn 0.1260641 0.5974387 0.7919438
vn 0.4325148 0.4435652 0.784972
vn -0.8824388 0.429213 0.1925561
vn -0.7976618 0.4890526 0.3529349
vn -0.4923878 0.5069081 0.7075298
vn -0.1799441 0.284272 0.9417058
vn -0.09304737 0.105216 0.9900868
vn -0.8657781 0.4219932 0.2689794
vn -0.7988148 0.4053836 0.4444761
vn -0.5602911 0.3634667 0.7442888
vn -0.3472289 0.3054871 0.8866283
vn -0.3097488 0.2766547 0.9096802
vn -0.8316863 0.5352947 0.1475041
vn -0.7282959 0.591308 0.3463234
vn -0.4596435 0.6043411 0.6507685
vn -0.2530913 0.5451562 0.7992181
vn -0.2106176 0.519549 0.8280756
vn -0.5800268 -0.2762944 0.7663096
vn 0.9267212 0.2880254 0.2413075
vn -0.3551586 0.9305552 0.08904728
vn -0.3551586 0.9305552 0.08904728
vn -0.3551586 0.9305552 0.08904728
vn -0.3551586 0.9305552 0.08904728
vn -0.5800268 -0.2762944 0.7663096
vn 0.9267212 0.2880254 0.2413075
vn 0.9267212 0.2880254 0.2413075
vn 0.9267257 0.2880099 0.2413085
vn 0.9267176 0.2880416 0.241302
vn 0.926728 0.2880058 0.2413048
vn 0.926728 0.2880058 0.2413048
vn 0.926728 0.2880058 0.2413048
vn 0.926728 0.2880058 0.2413048
vn -0.8106453 -0.1082119 0.5754515
vn -0.6043746 -0.2640486 0.7516713
vn -0.04033854 -0.4854657 0.8733246
vn 0.5391108 -0.5214528 0.6613973
vn 0.9126362 -0.3582592 0.1968388
vn 0.9375643 -0.05822638 -0.3429036
vn 0.8106457 0.1082093 -0.5754514
vn 0.2285011 0.8463899 0.4810523
vn 0.2284998 0.8463902 0.4810525
vn 0.2285023 0.8463916 0.481049
vn -0.8106453 -0.1082119 0.5754515
vn -0.6043746 -0.2640486 0.7516713
vn -0.04033854 -0.4854657 0.8733246
vn 0.5391108 -0.5214528 0.6613973
vn 0.9126362 -0.3582592 0.1968388
vn 0.9375643 -0.05822638 -0.3429036
vn 0.8106457 0.1082093 -0.5754514
vn 0.2285028 0.8463897 0.481052
vn -0.3312068 -0.2700675 0.9040828
vn -0.02561588 -0.2496362 0.9680008
vn 0.5629243 -0.1398548 0.8145901
vn 0.9364452 0.02333281 0.350037
vn 0.9522822 0.1776048 -0.248224
vn 0.8183818 0.2321907 -0.5256792
vn -0.1156153 0.9625612 0.2451713
vn -0.1156134 0.9625626 0.2451672
vn -0.1156184 0.9625612 0.24517
vn -0.1156166 0.9625602 0.2451749
vn -0.3312068 -0.2700675 0.9040828
vn -0.02561588 -0.2496362 0.9680008
vn 0.5629243 -0.1398548 0.8145901
vn 0.9364452 0.02333281 0.350037
vn 0.9522822 0.1776048 -0.248224
vn 0.8183818 0.2321907 -0.5256792
vn -0.1156175 0.9625608 0.2451718
vn -0.8141628 -0.2637821 0.5172601
vn -0.6017601 -0.2843025 0.7463624
vn -0.02660153 -0.2424715 0.9697937
vn 0.5586271 -0.1079454 0.8223646
vn 0.7827656 -0.02109661 0.621959
vn -0.8141628 -0.2637821 0.5172601
vn -0.6017601 -0.2843025 0.7463624
vn -0.02660153 -0.2424715 0.9697937
vn 0.5586271 -0.1079454 0.8223646
vn 0.7827656 -0.02109661 0.621959
vn 0.9267212 0.2880254 0.2413075
vn 0.9267257 0.2880099 0.2413085
vn 0.9267176 0.2880416 0.241302
vn -0.1455745 0.979283 0.1407581
vn -0.1455745 0.979283 0.1407581
vn -0.1455745 0.979283 0.1407581
vn -0.1455745 0.979283 0.1407581
vn -0.222304 -0.1755471 0.9590434
vn -0.222304 -0.1755471 0.9590434
vn 0.4505101 -0.8905869 -0.06241651
vn 0.4505101 -0.8905869 -0.06241651
vn 0.5570546 0.2705021 -0.7851871
vn 0.5570546 0.2705021 -0.7851871
vn 0.2285026 0.8463893 0.4810528
vn 0.2285028 0.8463876 0.4810555
vn 0.2285047 0.8463898 0.4810508
vn 0.2285043 0.8463916 0.4810479
vn 0.2285045 0.8463891 0.4810522
vn 0.228503 0.8463877 0.4810553
vn 0.2285021 0.84639 0.4810517
vn -0.1156199 0.9625592 0.2451771
vn -0.1156232 0.9625596 0.2451739
vn -0.1156166 0.9625616 0.2451694
vn -0.11562 0.9625599 0.2451746
vn -0.1156174 0.9625611 0.2451711
vn -0.1156145 0.9625621 0.2451683
vn -0.5800268 -0.2762944 0.7663096
vn -0.5800268 -0.2762944 0.7663096
vn -0.222304 -0.1755471 0.9590434
vn -0.222304 -0.1755471 0.9590434
vn 0.4505101 -0.8905869 -0.06241651
vn 0.4505101 -0.8905869 -0.06241651
vn 0.5570546 0.2705021 -0.7851871
vn 0.5570546 0.2705021 -0.7851871
vn 0.5391108 -0.5214528 0.6613973
vn 0.5391108 -0.5214528 0.6613973
vn 0.5629243 -0.1398548 0.8145901
vn 0.5629243 -0.1398548 0.8145901
vn 0.9522361 0.2246572 0.2068226
vn 0.9522361 0.2246572 0.2068226
vn 0.9522361 0.2246572 0.2068226
vn 0.9522361 0.2246572 0.2068226
vn -0.01256845 0.995206 -0.09699066
vn 0.08957881 0.9846963 0.1494958
vn 0.315574 0.8941147 0.3177607
vn 0.657359 0.7519248 -0.04988288
vn 0.7794803 0.4956611 -0.3830541
vn -0.2105432 0.9773648 -0.02072627
vn -0.02260635 0.9933947 0.1124985
vn 0.3781514 0.9161658 0.1328224
vn 0.7512082 0.6178343 -0.2323078
vn 0.8151836 0.3011183 -0.4947762
vn -0.3664272 0.9302535 -0.01896009
vn -0.107584 0.9874557 -0.1155729
vn 0.4393185 0.8581892 -0.2655381
vn 0.8422806 0.4319106 -0.3225161
vn 0.9429191 0.1200097 -0.3106467
vn -0.01891037 0.9815137 0.1904553
vn 0.1068565 0.9893273 0.0990615
vn 0.4949561 0.8688363 0.01190928
vn 0.8080722 0.5724572 0.138968
vn 0.8653091 0.4237715 0.26769
vn 0.1891062 0.9639218 0.1873327
vn 0.2368263 0.9540479 0.1835916
vn 0.4815784 0.8589643 0.1739619
vn 0.6913253 0.7007875 0.1759718
vn 0.7240834 0.6626241 0.1913962
vn 0.1436441 0.9881403 -0.05426959
vn 0.2131455 0.974156 -0.07476082
vn 0.4698479 0.8767742 -0.1025189
vn 0.6822218 0.7249834 -0.09472251
vn 0.7226964 0.6862451 -0.08232631
vn -0.5707281 -1.903954E-07 0.8211392
vn -0.5707281 -1.903954E-07 0.8211392
vn -0.5707281 -1.903954E-07 0.8211392
vn -0.5707281 -1.903954E-07 0.8211392
vn 0.007155417 -0.2802856 0.95989
vn 0.007155417 -0.2802856 0.95989
vn 0.007155417 -0.2802856 0.95989
vn 0.007155417 -0.2802856 0.95989
vn -0.9709707 0.1460706 -0.1894186
vn 0.3016279 0.2420939 0.9221774
vn 0.1881088 0.9192522 -0.3458185
vn 0.1881088 0.9192522 -0.3458185
vn 0.1881088 0.9192522 -0.3458185
vn 0.1881088 0.9192522 -0.3458185
vn -0.9709707 0.1460706 -0.1894186
vn 0.3016279 0.2420939 0.9221774
vn 0.3016279 0.2420939 0.9221774
vn 0.3016222 0.2420799 0.9221829
vn 0.3016379 0.2421066 0.9221708
vn 0.3016244 0.2420743 0.9221837
vn 0.3016244 0.2420743 0.9221837
vn 0.3016244 0.2420743 0.9221837
vn 0.3016244 0.2420743 0.9221837
vn -0.8367099 0.246678 -0.4889444
vn -0.963625 0.1540536 -0.2183904
vn -0.9312896 -0.06590039 0.3582693
vn -0.5432315 -0.2606847 0.7980871
vn 0.05232329 -0.355893 0.9330608
vn 0.6278887 -0.3151646 0.7116369
vn 0.8367088 -0.2466804 0.4889449
vn 0.06940988 0.9333767 0.3521225
vn 0.06940932 0.9333772 0.3521213
vn 0.06941377 0.9333766 0.352122
vn -0.8367099 0.246678 -0.4889444
vn -0.963625 0.1540536 -0.2183904
vn -0.9312896 -0.06590039 0.3582693
vn -0.5432315 -0.2606847 0.7980871
vn 0.05232329 -0.355893 0.9330608
vn 0.6278887 -0.3151646 0.7116369
vn 0.8367088 -0.2466804 0.4889449
vn 0.06941066 0.9333761 0.3521238
vn -0.9796685 0.1776758 0.09317143
vn -0.8998119 0.1839201 0.3956159
vn -0.4922979 0.1435518 0.8585078
vn 0.1032481 0.04834107 0.9934802
vn 0.6593624 -0.06534053 0.7489805
vn 0.853257 -0.1153436 0.5085747
vn 0.1720232 0.9829 -0.06569298
vn 0.1720279 0.9828992 -0.06569302
vn 0.172023 0.9828998 -0.06569636
vn 0.1720193 0.9829007 -0.06569263
vn -0.9796685 0.1776758 0.09317143
vn -0.8998119 0.1839201 0.3956159
vn -0.4922979 0.1435518 0.8585078
vn 0.1032481 0.04834107 0.9934802
vn 0.6593624 -0.06534053 0.7489805
vn 0.853257 -0.1153436 0.5085747
vn 0.1720218 0.9829002 -0.06569479
vn -0.8584316 0.08287486 -0.5061885
vn -0.9670506 0.1332859 -0.2169056
vn -0.8985559 0.1912387 0.3950002
vn -0.4864965 0.1760468 0.855762
vn -0.1971838 0.1417505 0.9700646
vn -0.8584316 0.08287486 -0.5061885
vn -0.9670506 0.1332859 -0.2169056
vn -0.8985559 0.1912387 0.3950002
vn -0.4864965 0.1760468 0.855762
vn -0.1971838 0.1417505 0.9700646
vn 0.3016279 0.2420939 0.9221774
vn 0.3016222 0.2420799 0.9221829
vn 0.3016379 0.2421066 0.9221708
vn 0.2515363 0.9580478 -0.1373821
vn 0.2515363 0.9580478 -0.1373821
vn 0.2515363 0.9580478 -0.1373821
vn 0.2515363 0.9580478 -0.1373821
vn -0.9394575 0.27182 0.2086467
vn -0.9394575 0.27182 0.2086467
vn -0.1540595 -0.8842965 0.440778
vn -0.1540595 -0.8842965 0.440778
vn 0.9744884 -0.1562574 0.161108
vn 0.9744884 -0.1562574 0.161108
vn 0.06940974 0.9333761 0.352124
vn 0.069407 0.9333757 0.3521255
vn 0.06941248 0.9333755 0.352125
vn 0.06941539 0.933376 0.3521233
vn 0.06941091 0.9333755 0.3521255
vn 0.06940727 0.9333757 0.3521255
vn 0.06941082 0.9333764 0.3521231
vn 0.1720158 0.9829012 -0.06569465
vn 0.1720173 0.9829006 -0.06569899
vn 0.1720244 0.9828997 -0.06569505
vn 0.1720181 0.9829007 -0.06569579
vn 0.1720225 0.9829 -0.06569498
vn 0.1720263 0.9828994 -0.06569355
vn -0.9709707 0.1460706 -0.1894186
vn -0.9709707 0.1460706 -0.1894186
vn -0.9394575 0.27182 0.2086467
vn -0.9394575 0.27182 0.2086467
vn -0.1540595 -0.8842965 0.440778
vn -0.1540595 -0.8842965 0.440778
vn 0.9744884 -0.1562574 0.161108
vn 0.9744884 -0.1562574 0.161108
vn -0.5432315 -0.2606847 0.7980871
vn -0.5432315 -0.2606847 0.7980871
vn -0.4922979 0.1435518 0.8585078
vn -0.4922979 0.1435518 0.8585078
vn 0.5391956 -0.2012021 0.8177933
vn 0.5391956 -0.2012021 0.8177933
vn 0.5391956 -0.2012021 0.8177933
vn 0.5391956 -0.2012021 0.8177933
vn 0.4537359 -0.05993665 0.8891182
vn 0.4537359 -0.05993665 0.8891182
vn 0.4537359 -0.05993665 0.8891182
vn 0.4537359 -0.05993665 0.8891182
vn 0.517429 -0.2048572 0.8308434
vn 0.517429 -0.2048572 0.8308434
vn 0.517429 -0.2048572 0.8308434
vn 0.517429 -0.2048572 0.8308434
vn 0.4762847 0.185859 0.8594238
vn 0.4762847 0.185859 0.8594238
vn 0.4762847 0.185859 0.8594238
vn 0.4762847 0.185859 0.8594238
vn 0.6257342 0.2759964 0.7295772
vn 0.6257342 0.2759964 0.7295772
vn 0.6257342 0.2759964 0.7295772
vn 0.6257342 0.2759964 0.7295772
vn -0.4389827 0.8984153 0.01200431
vn -0.4623181 0.8438536 0.2723475
vn -0.3188783 0.7888935 0.5253224
vn 0.169744 0.9069098 0.3856183
vn 0.5289686 0.8360261 0.1457831
vn -0.6154032 0.7875711 -0.03179033
vn -0.5364835 0.8240194 0.1821472
vn -0.2012847 0.8914641 0.4059266
vn 0.3841848 0.8830875 0.2693668
vn 0.6968379 0.715368 0.05162887
vn -0.7134342 0.6906329 -0.1184812
vn -0.5001566 0.8641728 -0.05521554
vn 0.0454876 0.9940739 0.09873208
vn 0.5811353 0.7824411 0.2237583
vn 0.8009098 0.5412005 0.256214
vn -0.5617582 0.7891569 0.2483127
vn -0.4294318 0.8706909 0.2397618
vn -0.03694341 0.9313385 0.3622759
vn 0.2886217 0.7407439 0.6066268
vn 0.3472375 0.5883312 0.7302689
vn -0.3925069 0.8483672 0.3552627
vn -0.3496058 0.8578419 0.3766736
vn -0.11266 0.8643914 0.4900357
vn 0.1222765 0.7995068 0.5880793
vn 0.1588037 0.7726004 0.6147113
vn -0.3342945 0.9333572 0.1307343
vn -0.2654897 0.9524769 0.1493418
vn -0.0104432 0.9672357 0.2536648
vn 0.22098 0.9069548 0.3586099
vn 0.2650092 0.8832755 0.3867744
vn -0.2460149 0.956786 -0.1550391
vn -0.492772 -0.4642571 0.7359627
vn 0.7223194 0.2980285 0.6240462
vn 0.7223194 0.2980285 0.6240462
vn 0.7223194 0.2980285 0.6240462
vn 0.7223194 0.2980285 0.6240462
vn -0.2460149 0.956786 -0.1550391
vn -0.492772 -0.4642571 0.7359627
vn -0.492772 -0.4642571 0.7359627
vn -0.4927846 -0.4642594 0.7359528
vn -0.4927571 -0.4642588 0.7359716
vn -0.4927864 -0.4642636 0.735949
vn -0.4927864 -0.4642636 0.735949
vn -0.4927864 -0.4642636 0.735949
vn -0.4927864 -0.4642636 0.735949
vn 0.09234188 0.9751915 -0.201183
vn -0.2166153 0.962724 -0.1619887
vn -0.7432966 0.6676561 -0.04178088
vn -0.9885978 0.1169939 0.09479882
vn -0.8548954 -0.4805804 0.1954393
vn -0.3929794 -0.8926334 0.2208456
vn -0.09234367 -0.9751917 0.2011811
vn 0.1214691 0.1835925 0.9754686
vn 0.12147 0.1835935 0.9754683
vn 0.1214712 0.1835892 0.975469
vn 0.09234188 0.9751915 -0.201183
vn -0.2166153 0.962724 -0.1619887
vn -0.7432966 0.6676561 -0.04178088
vn -0.9885978 0.1169939 0.09479882
vn -0.8548954 -0.4805804 0.1954393
vn -0.3929794 -0.8926334 0.2208456
vn -0.09234367 -0.9751917 0.2011811
vn 0.1214682 0.1835912 0.975469
vn -0.4610035 0.8872594 0.01570018
vn -0.6611797 0.7251408 0.1923858
vn -0.8549202 0.2083827 0.4750663
vn -0.7194347 -0.3895102 0.5750614
vn -0.3090884 -0.8354669 0.454378
vn -0.04845393 -0.9448869 0.3237916
vn 0.5184277 0.246702 0.8187618
vn 0.5184295 0.2466977 0.8187619
vn 0.5184302 0.2467032 0.8187599
vn 0.5184258 0.2467056 0.8187619
vn -0.4610035 0.8872594 0.01570018
vn -0.6611797 0.7251408 0.1923858
vn -0.8549202 0.2083827 0.4750663
vn -0.7194347 -0.3895102 0.5750614
vn -0.3090884 -0.8354669 0.454378
vn -0.04845393 -0.9448869 0.3237916
vn 0.5184285 0.2467039 0.8187607
vn 0.03140355 0.9360253 -0.3505289
vn -0.227503 0.9571548 -0.1791568
vn -0.6572538 0.7270774 0.1984336
vn -0.837265 0.2166817 0.5020323
vn -0.8056754 -0.08505856 0.5862185
vn 0.03140355 0.9360253 -0.3505289
vn -0.227503 0.9571548 -0.1791568
vn -0.6572538 0.7270774 0.1984336
vn -0.837265 0.2166817 0.5020323
vn -0.8056754 -0.08505856 0.5862185
vn -0.492772 -0.4642571 0.7359627
vn -0.4927846 -0.4642594 0.7359528
vn -0.4927571 -0.4642588 0.7359716
vn 0.6020521 0.1911031 0.7752502
vn 0.6020521 0.1911031 0.7752502
vn 0.6020521 0.1911031 0.7752502
vn 0.6020521 0.1911031 0.7752502
vn -0.4970159 0.8525432 0.1616949
vn -0.4970159 0.8525432 0.1616949
vn -0.7680417 -0.3447095 -0.5397104
vn -0.7680417 -0.3447095 -0.5397104
vn 0.2660118 -0.9548087 0.1325824
vn 0.2660118 -0.9548087 0.1325824
vn 0.1214676 0.1835919 0.9754689
vn 0.121465 0.1835937 0.9754689
vn 0.1214678 0.183589 0.9754694
vn 0.1214707 0.1835871 0.9754694
vn 0.1214667 0.1835902 0.9754694
vn 0.1214651 0.1835934 0.9754689
vn 0.1214689 0.1835914 0.9754689
vn 0.518426 0.2467094 0.8187606
vn 0.5184299 0.2467093 0.8187581
vn 0.5184297 0.2467015 0.8187606
vn 0.5184278 0.2467076 0.81876
vn 0.5184289 0.2467033 0.8187606
vn 0.5184293 0.2466993 0.8187616
vn -0.2460149 0.956786 -0.1550391
vn -0.2460149 0.956786 -0.1550391
vn -0.4970159 0.8525432 0.1616949
vn -0.4970159 0.8525432 0.1616949
vn -0.7680417 -0.3447095 -0.5397104
vn -0.7680417 -0.3447095 -0.5397104
vn 0.2660118 -0.9548087 0.1325824
vn 0.2660118 -0.9548087 0.1325824
vn -0.9885978 0.1169939 0.09479882
vn -0.9885978 0.1169939 0.09479882
vn -0.8549202 0.2083827 0.4750663
vn -0.8549202 0.2083827 0.4750663
vn 0 1 0
vn 0 1 0
vn 0 1 0
vn 0 1 0
g Combined Mesh (root: scene)_0
f 15/15/15 13/13/13 14/14/14
f 16/16/16 13/13/13 15/15/15
f 6/6/6 2/2/2 8/8/8
f 4/4/4 2/2/2 6/6/6
f 3/3/3 7/7/7 1/1/1
f 5/5/5 7/7/7 3/3/3
f 11/11/11 41/41/41 42/42/42
f 10/10/10 41/41/41 11/11/11
f 9/9/9 43/43/43 44/44/44
f 12/12/12 43/43/43 9/9/9
f 25/25/25 45/45/45 46/46/46
f 26/26/26 45/45/45 25/25/25
f 27/27/27 47/47/47 48/48/48
f 28/28/28 47/47/47 27/27/27
f 17/17/17 49/49/49 50/50/50
f 18/18/18 49/49/49 17/17/17
f 20/20/20 51/51/51 52/52/52
f 19/19/19 51/51/51 20/20/20
f 21/21/21 53/53/53 54/54/54
f 22/22/22 53/53/53 21/21/21
f 24/24/24 55/55/55 56/56/56
f 23/23/23 55/55/55 24/24/24
f 38/38/38 40/40/40 39/39/39
f 37/37/37 38/38/38 39/39/39
f 32/32/32 38/38/38 37/37/37
f 29/29/29 32/32/32 37/37/37
f 30/30/30 32/32/32 29/29/29
f 31/31/31 30/30/30 29/29/29
f 33/33/33 30/30/30 31/31/31
f 34/34/34 33/33/33 31/31/31
f 35/35/35 33/33/33 34/34/34
f 36/36/36 35/35/35 34/34/34
g Combined Mesh (root: scene)_1
f 71/71/71 69/69/69 70/70/70
f 72/72/72 69/69/69 71/71/71
f 62/62/62 58/58/58 64/64/64
f 60/60/60 58/58/58 62/62/62
f 59/59/59 63/63/63 57/57/57
f 61/61/61 63/63/63 59/59/59
f 67/67/67 97/97/97 98/98/98
f 66/66/66 97/97/97 67/67/67
f 65/65/65 99/99/99 100/100/100
f 68/68/68 99/99/99 65/65/65
f 81/81/81 101/101/101 102/102/102
f 82/82/82 101/101/101 81/81/81
f 83/83/83 103/103/103 104/104/104
f 84/84/84 103/103/103 83/83/83
f 73/73/73 105/105/105 106/106/106
f 74/74/74 105/105/105 73/73/73
f 76/76/76 107/107/107 108/108/108
f 75/75/75 107/107/107 76/76/76
f 77/77/77 109/109/109 110/110/110
f 78/78/78 109/109/109 77/77/77
f 80/80/80 111/111/111 112/112/112
f 79/79/79 111/111/111 80/80/80
f 94/94/94 96/96/96 95/95/95
f 93/93/93 94/94/94 95/95/95
f 88/88/88 94/94/94 93/93/93
f 85/85/85 88/88/88 93/93/93
f 86/86/86 88/88/88 85/85/85
f 87/87/87 86/86/86 85/85/85
f 89/89/89 86/86/86 87/87/87
f 90/90/90 89/89/89 87/87/87
f 91/91/91 89/89/89 90/90/90
f 92/92/92 91/91/91 90/90/90
g Combined Mesh (root: scene)_2
f 127/127/127 125/125/125 126/126/126
f 128/128/128 125/125/125 127/127/127
f 118/118/118 114/114/114 120/120/120
f 116/116/116 114/114/114 118/118/118
f 115/115/115 119/119/119 113/113/113
f 117/117/117 119/119/119 115/115/115
f 123/123/123 153/153/153 154/154/154
f 122/122/122 153/153/153 123/123/123
f 121/121/121 155/155/155 156/156/156
f 124/124/124 155/155/155 121/121/121
f 137/137/137 157/157/157 158/158/158
f 138/138/138 157/157/157 137/137/137
f 139/139/139 159/159/159 160/160/160
f 140/140/140 159/159/159 139/139/139
f 129/129/129 161/161/161 162/162/162
f 130/130/130 161/161/161 129/129/129
f 132/132/132 163/163/163 164/164/164
f 131/131/131 163/163/163 132/132/132
f 133/133/133 165/165/165 166/166/166
f 134/134/134 165/165/165 133/133/133
f 136/136/136 167/167/167 168/168/168
f 135/135/135 167/167/167 136/136/136
f 150/150/150 152/152/152 151/151/151
f 149/149/149 150/150/150 151/151/151
f 144/144/144 150/150/150 149/149/149
f 141/141/141 144/144/144 149/149/149
f 142/142/142 144/144/144 141/141/141
f 143/143/143 142/142/142 141/141/141
f 145/145/145 142/142/142 143/143/143
f 146/146/146 145/145/145 143/143/143
f 147/147/147 145/145/145 146/146/146
f 148/148/148 147/147/147 146/146/146
g Combined Mesh (root: scene)_3
f 183/183/183 181/181/181 182/182/182
f 184/184/184 181/181/181 183/183/183
f 174/174/174 170/170/170 176/176/176
f 172/172/172 170/170/170 174/174/174
f 171/171/171 175/175/175 169/169/169
f 173/173/173 175/175/175 171/171/171
f 179/179/179 209/209/209 210/210/210
f 178/178/178 209/209/209 179/179/179
f 177/177/177 211/211/211 212/212/212
f 180/180/180 211/211/211 177/177/177
f 193/193/193 213/213/213 214/214/214
f 194/194/194 213/213/213 193/193/193
f 195/195/195 215/215/215 216/216/216
f 196/196/196 215/215/215 195/195/195
f 185/185/185 217/217/217 218/218/218
f 186/186/186 217/217/217 185/185/185
f 188/188/188 219/219/219 220/220/220
f 187/187/187 219/219/219 188/188/188
f 189/189/189 221/221/221 222/222/222
f 190/190/190 221/221/221 189/189/189
f 192/192/192 223/223/223 224/224/224
f 191/191/191 223/223/223 192/192/192
f 206/206/206 208/208/208 207/207/207
f 205/205/205 206/206/206 207/207/207
f 200/200/200 206/206/206 205/205/205
f 197/197/197 200/200/200 205/205/205
f 198/198/198 200/200/200 197/197/197
f 199/199/199 198/198/198 197/197/197
f 201/201/201 198/198/198 199/199/199
f 202/202/202 201/201/201 199/199/199
f 203/203/203 201/201/201 202/202/202
f 204/204/204 203/203/203 202/202/202
g Combined Mesh (root: scene)_4
f 228/228/228 225/225/225 226/226/226
f 227/227/227 225/225/225 228/228/228
g Combined Mesh (root: scene)_5
f 232/232/232 229/229/229 230/230/230
f 231/231/231 229/229/229 232/232/232
f 234/234/234 237/237/237 238/238/238
f 233/233/233 237/237/237 234/234/234
f 236/236/236 239/239/239 240/240/240
f 235/235/235 239/239/239 236/236/236
f 242/242/242 241/241/241 243/243/243
f 244/244/244 241/241/241 242/242/242
f 246/246/246 245/245/245 247/247/247
f 248/248/248 245/245/245 246/246/246
f 250/250/250 249/249/249 251/251/251
f 252/252/252 249/249/249 250/250/250
g Combined Mesh (root: scene)_6
f 256/256/256 253/253/253 254/254/254
f 255/255/255 253/253/253 256/256/256
f 258/258/258 261/261/261 262/262/262
f 257/257/257 261/261/261 258/258/258
f 260/260/260 263/263/263 264/264/264
f 259/259/259 263/263/263 260/260/260
f 266/266/266 265/265/265 267/267/267
f 268/268/268 265/265/265 266/266/266
f 270/270/270 269/269/269 271/271/271
f 272/272/272 269/269/269 270/270/270
f 274/274/274 273/273/273 275/275/275
f 276/276/276 273/273/273 274/274/274
g Combined Mesh (root: scene)_7
f 280/280/280 277/277/277 278/278/278
f 279/279/279 277/277/277 280/280/280
g Combined Mesh (root: scene)_8
f 284/284/284 281/281/281 282/282/282
f 283/283/283 281/281/281 284/284/284
g Combined Mesh (root: scene)_9
f 288/288/288 285/285/285 286/286/286
f 287/287/287 285/285/285 288/288/288
g Combined Mesh (root: scene)_10
f 300/300/300 299/299/299 289/289/289
f 290/290/290 300/300/300 289/289/289
f 301/301/301 300/300/300 290/290/290
f 291/291/291 301/301/301 290/290/290
f 302/302/302 301/301/301 291/291/291
f 292/292/292 302/302/302 291/291/291
f 303/303/303 302/302/302 292/292/292
f 293/293/293 303/303/303 292/292/292
f 305/305/305 304/304/304 294/294/294
f 295/295/295 305/305/305 294/294/294
f 306/306/306 305/305/305 295/295/295
f 296/296/296 306/306/306 295/295/295
f 307/307/307 306/306/306 296/296/296
f 297/297/297 307/307/307 296/296/296
f 308/308/308 307/307/307 297/297/297
f 298/298/298 308/308/308 297/297/297
f 322/322/322 323/323/323 333/333/333
f 332/332/332 322/322/322 333/333/333
f 321/321/321 322/322/322 332/332/332
f 331/331/331 321/321/321 332/332/332
f 320/320/320 321/321/321 331/331/331
f 330/330/330 320/320/320 331/331/331
f 319/319/319 320/320/320 330/330/330
f 329/329/329 319/319/319 330/330/330
f 327/327/327 328/328/328 338/338/338
f 337/337/337 327/327/327 338/338/338
f 326/326/326 327/327/327 337/337/337
f 336/336/336 326/326/326 337/337/337
f 325/325/325 326/326/326 336/336/336
f 335/335/335 325/325/325 336/336/336
f 324/324/324 325/325/325 335/335/335
f 334/334/334 324/324/324 335/335/335
f 302/302/302 303/303/303 313/313/313
f 312/312/312 302/302/302 313/313/313
f 301/301/301 302/302/302 312/312/312
f 311/311/311 301/301/301 312/312/312
f 300/300/300 301/301/301 311/311/311
f 310/310/310 300/300/300 311/311/311
f 299/299/299 300/300/300 310/310/310
f 309/309/309 299/299/299 310/310/310
f 307/307/307 308/308/308 318/318/318
f 317/317/317 307/307/307 318/318/318
f 306/306/306 307/307/307 317/317/317
f 316/316/316 306/306/306 317/317/317
f 305/305/305 306/306/306 316/316/316
f 315/315/315 305/305/305 316/316/316
f 304/304/304 305/305/305 315/315/315
f 314/314/314 304/304/304 315/315/315
f 312/312/312 313/313/313 323/323/323
f 322/322/322 312/312/312 323/323/323
f 311/311/311 312/312/312 322/322/322
f 321/321/321 311/311/311 322/322/322
f 310/310/310 311/311/311 321/321/321
f 320/320/320 310/310/310 321/321/321
f 309/309/309 310/310/310 320/320/320
f 319/319/319 309/309/309 320/320/320
f 317/317/317 318/318/318 328/328/328
f 327/327/327 317/317/317 328/328/328
f 316/316/316 317/317/317 327/327/327
f 326/326/326 316/316/316 327/327/327
f 315/315/315 316/316/316 326/326/326
f 325/325/325 315/315/315 326/326/326
f 314/314/314 315/315/315 325/325/325
f 324/324/324 314/314/314 325/325/325
g Combined Mesh (root: scene)_11
f 340/340/340 341/341/341 339/339/339
f 340/340/340 342/342/342 341/341/341
g Combined Mesh (root: scene)_12
f 344/344/344 345/345/345 343/343/343
f 344/344/344 346/346/346 345/345/345
g Combined Mesh (root: scene)_13
f 348/348/348 349/349/349 347/347/347
f 348/348/348 350/350/350 349/349/349
g Combined Mesh (root: scene)_14
f 352/352/352 353/353/353 351/351/351
f 352/352/352 354/354/354 353/353/353
g Combined Mesh (root: scene)_15
f 356/356/356 357/357/357 355/355/355
f 356/356/356 358/358/358 357/357/357
g Combined Mesh (root: scene)_16
f 363/363/363 375/375/375 376/376/376
f 364/364/364 375/375/375 363/363/363
f 359/359/359 364/364/364 363/363/363
f 360/360/360 364/364/364 359/359/359
f 365/365/365 368/368/368 367/367/367
f 366/366/366 368/368/368 365/365/365
f 361/361/361 366/366/366 365/365/365
f 362/362/362 366/366/366 361/361/361
f 369/369/369 370/370/370 372/372/372
f 371/371/371 369/369/369 372/372/372
f 373/373/373 369/369/369 371/371/371
f 374/374/374 373/373/373 371/371/371
g Combined Mesh (root: scene)_17
f 393/393/393 391/391/391 392/392/392
f 394/394/394 391/391/391 393/393/393
f 400/400/400 395/395/395 401/401/401
f 396/396/396 395/395/395 400/400/400
f 381/381/381 397/397/397 380/380/380
f 382/382/382 397/397/397 381/381/381
f 402/402/402 398/398/398 403/403/403
f 383/383/383 398/398/398 402/402/402
f 378/378/378 384/384/384 385/385/385
f 377/377/377 384/384/384 378/378/378
f 379/379/379 377/377/377 378/378/378
f 386/386/386 404/404/404 405/405/405
f 387/387/387 404/404/404 386/386/386
f 399/399/399 388/388/388 389/389/389
f 406/406/406 388/388/388 399/399/399
f 379/379/379 390/390/390 407/407/407
f 378/378/378 390/390/390 379/379/379
f 409/409/409 408/408/408 410/410/410
f 411/411/411 408/408/408 409/409/409
f 413/413/413 412/412/412 414/414/414
f 415/415/415 412/412/412 413/413/413
g Combined Mesh (root: scene)_18
f 452/452/452 451/451/451 454/454/454
f 453/453/453 451/451/451 452/452/452
f 448/448/448 447/447/447 450/450/450
f 449/449/449 447/447/447 448/448/448
f 418/418/418 429/429/429 417/417/417
f 446/446/446 429/429/429 418/418/418
f 438/438/438 427/427/427 445/445/445
f 428/428/428 427/427/427 438/438/438
f 425/425/425 443/443/443 426/426/426
f 444/444/444 443/443/443 425/425/425
f 417/417/417 416/416/416 418/418/418
f 417/417/417 423/423/423 416/416/416
f 424/424/424 423/423/423 417/417/417
f 441/441/441 437/437/437 422/422/422
f 442/442/442 437/437/437 441/441/441
f 420/420/420 436/436/436 421/421/421
f 419/419/419 436/436/436 420/420/420
f 439/439/439 434/434/434 435/435/435
f 440/440/440 434/434/434 439/439/439
f 432/432/432 430/430/430 433/433/433
f 431/431/431 430/430/430 432/432/432
g Combined Mesh (root: scene)_19
f 491/491/491 490/490/490 493/493/493
f 492/492/492 490/490/490 491/491/491
f 487/487/487 486/486/486 489/489/489
f 488/488/488 486/486/486 487/487/487
f 457/457/457 468/468/468 456/456/456
f 485/485/485 468/468/468 457/457/457
f 477/477/477 466/466/466 484/484/484
f 467/467/467 466/466/466 477/477/477
f 464/464/464 482/482/482 465/465/465
f 483/483/483 482/482/482 464/464/464
f 456/456/456 455/455/455 457/457/457
f 456/456/456 462/462/462 455/455/455
f 463/463/463 462/462/462 456/456/456
f 480/480/480 476/476/476 461/461/461
f 481/481/481 476/476/476 480/480/480
f 459/459/459 475/475/475 460/460/460
f 458/458/458 475/475/475 459/459/459
f 478/478/478 473/473/473 474/474/474
f 479/479/479 473/473/473 478/478/478
f 471/471/471 469/469/469 472/472/472
f 470/470/470 469/469/469 471/471/471
g Combined Mesh (root: scene)_20
f 497/497/497 503/503/503 498/498/498
f 502/502/502 503/503/503 497/497/497
f 496/496/496 502/502/502 497/497/497
f 501/501/501 502/502/502 496/496/496
f 495/495/495 501/501/501 496/496/496
f 500/500/500 501/501/501 495/495/495
f 494/494/494 500/500/500 495/495/495
f 499/499/499 500/500/500 494/494/494
g Combined Mesh (root: scene)_21
f 507/507/507 513/513/513 508/508/508
f 512/512/512 513/513/513 507/507/507
f 506/506/506 512/512/512 507/507/507
f 511/511/511 512/512/512 506/506/506
f 505/505/505 511/511/511 506/506/506
f 510/510/510 511/511/511 505/505/505
f 504/504/504 510/510/510 505/505/505
f 509/509/509 510/510/510 504/504/504
g Combined Mesh (root: scene)_22
f 534/534/534 519/519/519 691/691/691
f 552/552/552 537/537/537 697/697/697
f 698/698/698 692/692/692 699/699/699
f 706/706/706 705/705/705 570/570/570
f 621/621/621 608/608/608 727/727/727
f 660/660/660 673/673/673 674/674/674
f 661/661/661 745/745/745 746/746/746
f 749/749/749 686/686/686 685/685/685
f 642/642/642 653/653/653 652/652/652
f 643/643/643 653/653/653 642/642/642
f 636/636/636 643/643/643 642/642/642
f 637/637/637 643/643/643 636/636/636
f 618/618/618 637/637/637 636/636/636
f 619/619/619 637/637/637 618/618/618
f 606/606/606 619/619/619 618/618/618
f 607/607/607 619/619/619 606/606/606
f 591/591/591 607/607/607 606/606/606
f 592/592/592 607/607/607 591/591/591
f 573/573/573 592/592/592 591/591/591
f 574/574/574 592/592/592 573/573/573
f 542/542/542 574/574/574 573/573/573
f 543/543/543 574/574/574 542/542/542
f 527/527/527 543/543/543 542/542/542
f 528/528/528 543/543/543 527/527/527
f 514/514/514 528/528/528 527/527/527
f 515/515/515 528/528/528 514/514/514
f 529/529/529 687/687/687 516/516/516
f 688/688/688 687/687/687 529/529/529
f 544/544/544 688/688/688 529/529/529
f 693/693/693 688/688/688 544/544/544
f 575/575/575 693/693/693 544/544/544
f 709/709/709 693/693/693 575/575/575
f 593/593/593 709/709/709 575/575/575
f 715/715/715 709/709/709 593/593/593
f 608/608/608 715/715/715 593/593/593
f 723/723/723 715/715/715 608/608/608
f 620/620/620 723/723/723 608/608/608
f 619/619/619 723/723/723 620/620/620
f 638/638/638 619/619/619 620/620/620
f 637/637/637 619/619/619 638/638/638
f 644/644/644 637/637/637 638/638/638
f 643/643/643 637/637/637 644/644/644
f 654/654/654 643/643/643 644/644/644
f 531/531/531 517/517/517 518/518/518
f 530/530/530 517/517/517 531/531/531
f 533/533/533 530/530/530 531/531/531
f 532/532/532 530/530/530 533/533/533
f 546/546/546 532/532/532 533/533/533
f 545/545/545 532/532/532 546/546/546
f 556/556/556 545/545/545 546/546/546
f 555/555/555 545/545/545 556/556/556
f 567/567/567 555/555/555 556/556/556
f 566/566/566 555/555/555 567/567/567
f 577/577/577 566/566/566 567/567/567
f 576/576/576 566/566/566 577/577/577
f 584/584/584 576/576/576 577/577/577
f 583/583/583 576/576/576 584/584/584
f 594/594/594 583/583/583 584/584/584
f 575/575/575 583/583/583 594/594/594
f 593/593/593 575/575/575 594/594/594
f 520/520/520 535/535/535 519/519/519
f 536/536/536 535/535/535 520/520/520
f 521/521/521 536/536/536 520/520/520
f 537/537/537 536/536/536 521/521/521
f 522/522/522 537/537/537 521/521/521
f 538/538/538 537/537/537 522/522/522
f 523/523/523 538/538/538 522/522/522
f 539/539/539 692/692/692 523/523/523
f 524/524/524 539/539/539 523/523/523
f 540/540/540 539/539/539 524/524/524
f 525/525/525 540/540/540 524/524/524
f 541/541/541 540/540/540 525/525/525
f 526/526/526 541/541/541 525/525/525
f 550/550/550 536/536/536 696/696/696
f 691/691/691 536/536/536 550/550/550
f 553/553/553 692/692/692 539/539/539
f 554/554/554 540/540/540 541/541/541
f 539/539/539 540/540/540 554/554/554
f 700/700/700 539/539/539 554/554/554
f 698/698/698 702/702/702 563/563/563
f 562/562/562 698/698/698 563/563/563
f 551/551/551 698/698/698 562/562/562
f 561/561/561 551/551/551 562/562/562
f 695/695/695 551/551/551 561/561/561
f 560/560/560 695/695/695 561/561/561
f 549/549/549 695/695/695 560/560/560
f 559/559/559 549/549/549 560/560/560
f 548/548/548 549/549/549 559/559/559
f 701/701/701 548/548/548 559/559/559
f 572/572/572 707/707/707 708/708/708
f 560/560/560 707/707/707 572/572/572
f 571/571/571 560/560/560 572/572/572
f 559/559/559 560/560/560 571/571/571
f 570/570/570 559/559/559 571/571/571
f 704/704/704 559/559/559 570/570/570
f 581/581/581 711/711/711 712/712/712
f 580/580/580 711/711/711 581/581/581
f 588/588/588 580/580/580 581/581/581
f 587/587/587 580/580/580 588/588/588
f 596/596/596 587/587/587 588/588/588
f 714/714/714 587/587/587 596/596/596
f 717/717/717 714/714/714 596/596/596
f 629/629/629 630/630/630 631/631/631
f 624/624/624 630/630/630 629/629/629
f 616/616/616 624/624/624 629/629/629
f 617/617/617 624/624/624 616/616/616
f 600/600/600 617/617/617 616/616/616
f 601/601/601 617/617/617 600/600/600
f 719/719/719 601/601/601 600/600/600
f 720/720/720 601/601/601 719/719/719
f 608/608/608 593/593/593 609/609/609
f 610/610/610 725/725/725 724/724/724
f 622/622/622 725/725/725 610/610/610
f 623/623/623 622/622/622 610/610/610
f 631/631/631 622/622/622 623/623/623
f 629/629/629 631/631/631 623/623/623
f 620/620/620 608/608/608 728/728/728
f 729/729/729 725/725/725 622/622/622
f 734/734/734 645/645/645 738/738/738
f 639/639/639 645/645/645 734/734/734
f 732/732/732 639/639/639 734/734/734
f 733/733/733 639/639/639 732/732/732
f 650/650/650 741/741/741 740/740/740
f 751/751/751 741/741/741 650/650/650
f 651/651/651 751/751/751 650/650/650
f 653/653/653 643/643/643 742/742/742
f 654/654/654 644/644/644 743/743/743
f 659/659/659 677/677/677 675/675/675
f 671/671/671 659/659/659 675/675/675
f 658/658/658 659/659/659 671/671/671
f 672/672/672 658/658/658 671/671/671
f 670/670/670 686/686/686 750/750/750
f 684/684/684 686/686/686 670/670/670
f 668/668/668 684/684/684 670/670/670
f 682/682/682 684/684/684 668/668/668
f 666/666/666 682/682/682 668/668/668
f 680/680/680 682/682/682 666/666/666
f 665/665/665 680/680/680 666/666/666
f 678/678/678 680/680/680 665/665/665
f 664/664/664 678/678/678 665/665/665
f 676/676/676 678/678/678 664/664/664
f 662/662/662 676/676/676 664/664/664
f 747/747/747 676/676/676 662/662/662
f 748/748/748 747/747/747 662/662/662
f 663/663/663 681/681/681 679/679/679
f 683/683/683 681/681/681 663/663/663
f 667/667/667 683/683/683 663/663/663
f 685/685/685 683/683/683 667/667/667
f 669/669/669 685/685/685 667/667/667
f 690/690/690 532/532/532 545/545/545
f 530/530/530 532/532/532 690/690/690
f 689/689/689 530/530/530 690/690/690
f 517/517/517 530/530/530 689/689/689
f 694/694/694 555/555/555 566/566/566
f 545/545/545 555/555/555 694/694/694
f 690/690/690 545/545/545 694/694/694
f 548/548/548 534/534/534 535/535/535
f 547/547/547 534/534/534 548/548/548
f 558/558/558 547/547/547 548/548/548
f 557/557/557 547/547/547 558/558/558
f 569/569/569 557/557/557 558/558/558
f 568/568/568 557/557/557 569/569/569
f 579/579/579 568/568/568 569/569/569
f 578/578/578 568/568/568 579/579/579
f 586/586/586 578/578/578 579/579/579
f 585/585/585 578/578/578 586/586/586
f 595/595/595 585/585/585 586/586/586
f 584/584/584 585/585/585 595/595/595
f 716/716/716 584/584/584 595/595/595
f 549/549/549 535/535/535 695/695/695
f 548/548/548 535/535/535 549/549/549
f 551/551/551 537/537/537 698/698/698
f 536/536/536 537/537/537 551/551/551
f 564/564/564 703/703/703 554/554/554
f 563/563/563 703/703/703 564/564/564
f 604/604/604 563/563/563 564/564/564
f 603/603/603 563/563/563 604/604/604
f 614/614/614 603/603/603 604/604/604
f 613/613/613 603/603/603 614/614/614
f 627/627/627 613/613/613 614/614/614
f 626/626/626 613/613/613 627/627/627
f 634/634/634 626/626/626 627/627/627
f 633/633/633 626/626/626 634/634/634
f 650/650/650 633/633/633 634/634/634
f 634/634/634 651/651/651 650/650/650
f 635/635/635 651/651/651 634/634/634
f 627/627/627 635/635/635 634/634/634
f 628/628/628 635/635/635 627/627/627
f 614/614/614 628/628/628 627/627/627
f 615/615/615 628/628/628 614/614/614
f 604/604/604 615/615/615 614/614/614
f 605/605/605 615/615/615 604/604/604
f 564/564/564 605/605/605 604/604/604
f 565/565/565 605/605/605 564/564/564
f 554/554/554 565/565/565 564/564/564
f 541/541/541 565/565/565 554/554/554
f 576/576/576 694/694/694 566/566/566
f 710/710/710 694/694/694 576/576/576
f 583/583/583 710/710/710 576/576/576
f 579/579/579 587/587/587 714/714/714
f 580/580/580 587/587/587 579/579/579
f 569/569/569 580/580/580 579/579/579
f 711/711/711 580/580/580 569/569/569
f 588/588/588 599/599/599 596/596/596
f 589/589/589 599/599/599 588/588/588
f 581/581/581 589/589/589 588/588/588
f 582/582/582 589/589/589 581/581/581
f 712/712/712 582/582/582 581/581/581
f 713/713/713 582/582/582 712/712/712
f 602/602/602 612/612/612 599/599/599
f 589/589/589 602/602/602 599/599/599
f 590/590/590 602/602/602 589/589/589
f 582/582/582 590/590/590 589/589/589
f 562/562/562 590/590/590 582/582/582
f 713/713/713 562/562/562 582/582/582
f 598/598/598 718/718/718 721/721/721
f 595/595/595 718/718/718 598/598/598
f 597/597/597 595/595/595 598/598/598
f 716/716/716 595/595/595 597/597/597
f 721/721/721 722/722/722 598/598/598
f 617/617/617 722/722/722 721/721/721
f 612/612/612 617/617/617 721/721/721
f 625/625/625 617/617/617 612/612/612
f 626/626/626 625/625/625 612/612/612
f 630/630/630 625/625/625 626/626/626
f 633/633/633 630/630/630 626/626/626
f 611/611/611 593/593/593 594/594/594
f 610/610/610 593/593/593 611/611/611
f 623/623/623 610/610/610 611/611/611
f 600/600/600 726/726/726 719/719/719
f 611/611/611 726/726/726 600/600/600
f 616/616/616 611/611/611 600/600/600
f 623/623/623 611/611/611 616/616/616
f 629/629/629 623/623/623 616/616/616
f 632/632/632 630/630/630 731/731/731
f 730/730/730 630/630/630 632/632/632
f 641/641/641 730/730/730 632/632/632
f 736/736/736 730/730/730 641/641/641
f 640/640/640 736/736/736 641/641/641
f 735/735/735 736/736/736 640/640/640
f 737/737/737 735/735/735 640/640/640
f 632/632/632 731/731/731 649/649/649
f 648/648/648 632/632/632 649/649/649
f 641/641/641 632/632/632 648/648/648
f 647/647/647 641/641/641 648/648/648
f 640/640/640 641/641/641 647/647/647
f 646/646/646 640/640/640 647/647/647
f 737/737/737 640/640/640 646/646/646
f 739/739/739 737/737/737 646/646/646
f 646/646/646 744/744/744 739/739/739
f 655/655/655 744/744/744 646/646/646
f 647/647/647 655/655/655 646/646/646
f 656/656/656 655/655/655 647/647/647
f 648/648/648 656/656/656 647/647/647
f 657/657/657 656/656/656 648/648/648
f 649/649/649 657/657/657 648/648/648
f 663/663/663 677/677/677 659/659/659
f 679/679/679 677/677/677 663/663/663
f 613/613/613 626/626/626 612/612/612
f 602/602/602 613/613/613 612/612/612
f 603/603/603 613/613/613 602/602/602
f 590/590/590 603/603/603 602/602/602
f 563/563/563 603/603/603 590/590/590
f 562/562/562 563/563/563 590/590/590
f 624/624/624 625/625/625 630/630/630
f 617/617/617 625/625/625 624/624/624
g Combined Mesh (root: scene)_23
f 755/755/755 752/752/752 753/753/753
f 754/754/754 752/752/752 755/755/755
g Combined Mesh (root: scene)_24
f 772/772/772 770/770/770 771/771/771
f 773/773/773 770/770/770 772/772/772
f 779/779/779 774/774/774 780/780/780
f 775/775/775 774/774/774 779/779/779
f 760/760/760 776/776/776 759/759/759
f 761/761/761 776/776/776 760/760/760
f 781/781/781 777/777/777 782/782/782
f 762/762/762 777/777/777 781/781/781
f 757/757/757 763/763/763 764/764/764
f 756/756/756 763/763/763 757/757/757
f 758/758/758 756/756/756 757/757/757
f 765/765/765 783/783/783 784/784/784
f 766/766/766 783/783/783 765/765/765
f 778/778/778 767/767/767 768/768/768
f 785/785/785 767/767/767 778/778/778
f 758/758/758 769/769/769 786/786/786
f 757/757/757 769/769/769 758/758/758
f 788/788/788 787/787/787 789/789/789
f 790/790/790 787/787/787 788/788/788
f 792/792/792 791/791/791 793/793/793
f 794/794/794 791/791/791 792/792/792
g Combined Mesh (root: scene)_25
f 798/798/798 795/795/795 796/796/796
f 797/797/797 795/795/795 798/798/798
g Combined Mesh (root: scene)_26
f 802/802/802 799/799/799 800/800/800
f 801/801/801 799/799/799 802/802/802
f 810/810/810 808/808/808 809/809/809
f 811/811/811 808/808/808 810/810/810
f 803/803/803 812/812/812 804/804/804
f 813/813/813 812/812/812 803/803/803
f 806/806/806 814/814/814 815/815/815
f 805/805/805 814/814/814 806/806/806
f 807/807/807 816/816/816 817/817/817
f 818/818/818 816/816/816 807/807/807
g Combined Mesh (root: scene)_27
f 842/842/842 848/848/848 847/847/847
f 843/843/843 848/848/848 842/842/842
f 837/837/837 843/843/843 842/842/842
f 838/838/838 843/843/843 837/837/837
f 832/832/832 838/838/838 837/837/837
f 833/833/833 838/838/838 832/832/832
f 827/827/827 833/833/833 832/832/832
f 828/828/828 833/833/833 827/827/827
f 822/822/822 828/828/828 827/827/827
f 823/823/823 828/828/828 822/822/822
f 825/825/825 819/819/819 820/820/820
f 824/824/824 819/819/819 825/825/825
f 830/830/830 824/824/824 825/825/825
f 829/829/829 824/824/824 830/830/830
f 835/835/835 829/829/829 830/830/830
f 834/834/834 829/829/829 835/835/835
f 840/840/840 834/834/834 835/835/835
f 839/839/839 834/834/834 840/840/840
f 845/845/845 839/839/839 840/840/840
f 844/844/844 839/839/839 845/845/845
f 840/840/840 846/846/846 845/845/845
f 841/841/841 846/846/846 840/840/840
f 835/835/835 841/841/841 840/840/840
f 836/836/836 841/841/841 835/835/835
f 830/830/830 836/836/836 835/835/835
f 831/831/831 836/836/836 830/830/830
f 825/825/825 831/831/831 830/830/830
f 826/826/826 831/831/831 825/825/825
f 820/820/820 826/826/826 825/825/825
f 821/821/821 826/826/826 820/820/820
f 841/841/841 847/847/847 846/846/846
f 842/842/842 847/847/847 841/841/841
f 836/836/836 842/842/842 841/841/841
f 837/837/837 842/842/842 836/836/836
f 831/831/831 837/837/837 836/836/836
f 832/832/832 837/837/837 831/831/831
f 826/826/826 832/832/832 831/831/831
f 827/827/827 832/832/832 826/826/826
f 821/821/821 827/827/827 826/826/826
f 822/822/822 827/827/827 821/821/821
g Combined Mesh (root: scene)_28
f 862/862/862 860/860/860 861/861/861
f 863/863/863 860/860/860 862/862/862
f 854/854/854 851/851/851 852/852/852
f 853/853/853 851/851/851 854/854/854
f 935/935/935 855/855/855 849/849/849
f 936/936/936 855/855/855 935/935/935
f 913/913/913 912/912/912 914/914/914
f 915/915/915 912/912/912 913/913/913
f 916/916/916 937/937/937 917/917/917
f 938/938/938 937/937/937 916/916/916
f 939/939/939 918/918/918 919/919/919
f 940/940/940 918/918/918 939/939/939
f 920/920/920 941/941/941 921/921/921
f 942/942/942 941/941/941 920/920/920
f 866/866/866 867/867/867 877/877/877
f 876/876/876 866/866/866 877/877/877
f 865/865/865 866/866/866 876/876/876
f 875/875/875 865/865/865 876/876/876
f 864/864/864 865/865/865 875/875/875
f 874/874/874 864/864/864 875/875/875
f 869/869/869 870/870/870 880/880/880
f 879/879/879 869/869/869 880/880/880
f 868/868/868 869/869/869 879/879/879
f 878/878/878 868/868/868 879/879/879
f 943/943/943 868/868/868 878/878/878
f 944/944/944 943/943/943 878/878/878
f 883/883/883 884/884/884 894/894/894
f 893/893/893 883/883/883 894/894/894
f 882/882/882 883/883/883 893/893/893
f 892/892/892 882/882/882 893/893/893
f 886/886/886 887/887/887 897/897/897
f 896/896/896 886/886/886 897/897/897
f 885/885/885 886/886/886 896/896/896
f 895/895/895 885/885/885 896/896/896
f 945/945/945 885/885/885 895/895/895
f 946/946/946 945/945/945 895/895/895
f 907/907/907 908/908/908 903/903/903
f 902/902/902 907/907/907 903/903/903
f 906/906/906 907/907/907 902/902/902
f 901/901/901 906/906/906 902/902/902
f 905/905/905 906/906/906 901/901/901
f 900/900/900 905/905/905 901/901/901
f 904/904/904 905/905/905 900/900/900
f 899/899/899 904/904/904 900/900/900
f 856/856/856 909/909/909 857/857/857
f 911/911/911 909/909/909 856/856/856
f 859/859/859 911/911/911 856/856/856
f 910/910/910 911/911/911 859/859/859
f 858/858/858 910/910/910 859/859/859
f 850/850/850 910/910/910 858/858/858
f 857/857/857 850/850/850 858/858/858
f 909/909/909 850/850/850 857/857/857
f 881/881/881 872/872/872 873/873/873
f 871/871/871 872/872/872 881/881/881
f 928/928/928 871/871/871 881/881/881
f 881/881/881 923/923/923 924/924/924
f 922/922/922 923/923/923 881/881/881
f 873/873/873 922/922/922 881/881/881
f 881/881/881 926/926/926 927/927/927
f 925/925/925 926/926/926 881/881/881
f 924/924/924 925/925/925 881/881/881
f 881/881/881 927/927/927 928/928/928
f 898/898/898 889/889/889 890/890/890
f 888/888/888 889/889/889 898/898/898
f 934/934/934 888/888/888 898/898/898
f 898/898/898 929/929/929 930/930/930
f 891/891/891 929/929/929 898/898/898
f 890/890/890 891/891/891 898/898/898
f 898/898/898 932/932/932 933/933/933
f 931/931/931 932/932/932 898/898/898
f 930/930/930 931/931/931 898/898/898
f 898/898/898 933/933/933 934/934/934
g Combined Mesh (root: scene)_29
f 950/950/950 947/947/947 948/948/948
f 949/949/949 947/947/947 950/950/950
g Combined Mesh (root: scene)_30
f 974/974/974 980/980/980 979/979/979
f 975/975/975 980/980/980 974/974/974
f 969/969/969 975/975/975 974/974/974
f 970/970/970 975/975/975 969/969/969
f 964/964/964 970/970/970 969/969/969
f 965/965/965 970/970/970 964/964/964
f 959/959/959 965/965/965 964/964/964
f 960/960/960 965/965/965 959/959/959
f 954/954/954 960/960/960 959/959/959
f 955/955/955 960/960/960 954/954/954
f 957/957/957 951/951/951 952/952/952
f 956/956/956 951/951/951 957/957/957
f 962/962/962 956/956/956 957/957/957
f 961/961/961 956/956/956 962/962/962
f 967/967/967 961/961/961 962/962/962
f 966/966/966 961/961/961 967/967/967
f 972/972/972 966/966/966 967/967/967
f 971/971/971 966/966/966 972/972/972
f 977/977/977 971/971/971 972/972/972
f 976/976/976 971/971/971 977/977/977
f 972/972/972 978/978/978 977/977/977
f 973/973/973 978/978/978 972/972/972
f 967/967/967 973/973/973 972/972/972
f 968/968/968 973/973/973 967/967/967
f 962/962/962 968/968/968 967/967/967
f 963/963/963 968/968/968 962/962/962
f 957/957/957 963/963/963 962/962/962
f 958/958/958 963/963/963 957/957/957
f 952/952/952 958/958/958 957/957/957
f 953/953/953 958/958/958 952/952/952
f 973/973/973 979/979/979 978/978/978
f 974/974/974 979/979/979 973/973/973
f 968/968/968 974/974/974 973/973/973
f 969/969/969 974/974/974 968/968/968
f 963/963/963 969/969/969 968/968/968
f 964/964/964 969/969/969 963/963/963
f 958/958/958 964/964/964 963/963/963
f 959/959/959 964/964/964 958/958/958
f 953/953/953 959/959/959 958/958/958
f 954/954/954 959/959/959 953/953/953
g Combined Mesh (root: scene)_31
f 984/984/984 981/981/981 983/983/983
f 982/982/982 981/981/981 984/984/984
g Combined Mesh (root: scene)_32
f 988/988/988 985/985/985 986/986/986
f 987/987/987 985/985/985 988/988/988
g Combined Mesh (root: scene)_33
f 1002/1002/1002 1000/1000/1000 1001/1001/1001
f 1003/1003/1003 1000/1000/1000 1002/1002/1002
f 994/994/994 991/991/991 992/992/992
f 993/993/993 991/991/991 994/994/994
f 1075/1075/1075 995/995/995 989/989/989
f 1076/1076/1076 995/995/995 1075/1075/1075
f 1053/1053/1053 1052/1052/1052 1054/1054/1054
f 1055/1055/1055 1052/1052/1052 1053/1053/1053
f 1056/1056/1056 1077/1077/1077 1057/1057/1057
f 1078/1078/1078 1077/1077/1077 1056/1056/1056
f 1079/1079/1079 1058/1058/1058 1059/1059/1059
f 1080/1080/1080 1058/1058/1058 1079/1079/1079
f 1060/1060/1060 1081/1081/1081 1061/1061/1061
f 1082/1082/1082 1081/1081/1081 1060/1060/1060
f 1006/1006/1006 1007/1007/1007 1017/1017/1017
f 1016/1016/1016 1006/1006/1006 1017/1017/1017
f 1005/1005/1005 1006/1006/1006 1016/1016/1016
f 1015/1015/1015 1005/1005/1005 1016/1016/1016
f 1004/1004/1004 1005/1005/1005 1015/1015/1015
f 1014/1014/1014 1004/1004/1004 1015/1015/1015
f 1009/1009/1009 1010/1010/1010 1020/1020/1020
f 1019/1019/1019 1009/1009/1009 1020/1020/1020
f 1008/1008/1008 1009/1009/1009 1019/1019/1019
f 1018/1018/1018 1008/1008/1008 1019/1019/1019
f 1083/1083/1083 1008/1008/1008 1018/1018/1018
f 1084/1084/1084 1083/1083/1083 1018/1018/1018
f 1023/1023/1023 1024/1024/1024 1034/1034/1034
f 1033/1033/1033 1023/1023/1023 1034/1034/1034
f 1022/1022/1022 1023/1023/1023 1033/1033/1033
f 1032/1032/1032 1022/1022/1022 1033/1033/1033
f 1026/1026/1026 1027/1027/1027 1037/1037/1037
f 1036/1036/1036 1026/1026/1026 1037/1037/1037
f 1025/1025/1025 1026/1026/1026 1036/1036/1036
f 1035/1035/1035 1025/1025/1025 1036/1036/1036
f 1085/1085/1085 1025/1025/1025 1035/1035/1035
f 1086/1086/1086 1085/1085/1085 1035/1035/1035
f 1047/1047/1047 1048/1048/1048 1043/1043/1043
f 1042/1042/1042 1047/1047/1047 1043/1043/1043
f 1046/1046/1046 1047/1047/1047 1042/1042/1042
f 1041/1041/1041 1046/1046/1046 1042/1042/1042
f 1045/1045/1045 1046/1046/1046 1041/1041/1041
f 1040/1040/1040 1045/1045/1045 1041/1041/1041
f 1044/1044/1044 1045/1045/1045 1040/1040/1040
f 1039/1039/1039 1044/1044/1044 1040/1040/1040
f 996/996/996 1049/1049/1049 997/997/997
f 1051/1051/1051 1049/1049/1049 996/996/996
f 999/999/999 1051/1051/1051 996/996/996
f 1050/1050/1050 1051/1051/1051 999/999/999
f 998/998/998 1050/1050/1050 999/999/999
f 990/990/990 1050/1050/1050 998/998/998
f 997/997/997 990/990/990 998/998/998
f 1049/1049/1049 990/990/990 997/997/997
f 1021/1021/1021 1012/1012/1012 1013/1013/1013
f 1011/1011/1011 1012/1012/1012 1021/1021/1021
f 1068/1068/1068 1011/1011/1011 1021/1021/1021
f 1021/1021/1021 1063/1063/1063 1064/1064/1064
f 1062/1062/1062 1063/1063/1063 1021/1021/1021
f 1013/1013/1013 1062/1062/1062 1021/1021/1021
f 1021/1021/1021 1066/1066/1066 1067/1067/1067
f 1065/1065/1065 1066/1066/1066 1021/1021/1021
f 1064/1064/1064 1065/1065/1065 1021/1021/1021
f 1021/1021/1021 1067/1067/1067 1068/1068/1068
f 1038/1038/1038 1029/1029/1029 1030/1030/1030
f 1028/1028/1028 1029/1029/1029 1038/1038/1038
f 1074/1074/1074 1028/1028/1028 1038/1038/1038
f 1038/1038/1038 1069/1069/1069 1070/1070/1070
f 1031/1031/1031 1069/1069/1069 1038/1038/1038
f 1030/1030/1030 1031/1031/1031 1038/1038/1038
f 1038/1038/1038 1072/1072/1072 1073/1073/1073
f 1071/1071/1071 1072/1072/1072 1038/1038/1038
f 1070/1070/1070 1071/1071/1071 1038/1038/1038
f 1038/1038/1038 1073/1073/1073 1074/1074/1074
g Combined Mesh (root: scene)_34
f 1090/1090/1090 1087/1087/1087 1088/1088/1088
f 1089/1089/1089 1087/1087/1087 1090/1090/1090
g Combined Mesh (root: scene)_35
f 1094/1094/1094 1091/1091/1091 1092/1092/1092
f 1093/1093/1093 1091/1091/1091 1094/1094/1094
g Combined Mesh (root: scene)_36
f 1098/1098/1098 1095/1095/1095 1096/1096/1096
f 1097/1097/1097 1095/1095/1095 1098/1098/1098
g Combined Mesh (root: scene)_37
f 1102/1102/1102 1099/1099/1099 1100/1100/1100
f 1101/1101/1101 1099/1099/1099 1102/1102/1102
g Combined Mesh (root: scene)_38
f 1106/1106/1106 1103/1103/1103 1104/1104/1104
f 1105/1105/1105 1103/1103/1103 1106/1106/1106
g Combined Mesh (root: scene)_39
f 1130/1130/1130 1136/1136/1136 1135/1135/1135
f 1131/1131/1131 1136/1136/1136 1130/1130/1130
f 1125/1125/1125 1131/1131/1131 1130/1130/1130
f 1126/1126/1126 1131/1131/1131 1125/1125/1125
f 1120/1120/1120 1126/1126/1126 1125/1125/1125
f 1121/1121/1121 1126/1126/1126 1120/1120/1120
f 1115/1115/1115 1121/1121/1121 1120/1120/1120
f 1116/1116/1116 1121/1121/1121 1115/1115/1115
f 1110/1110/1110 1116/1116/1116 1115/1115/1115
f 1111/1111/1111 1116/1116/1116 1110/1110/1110
f 1113/1113/1113 1107/1107/1107 1108/1108/1108
f 1112/1112/1112 1107/1107/1107 1113/1113/1113
f 1118/1118/1118 1112/1112/1112 1113/1113/1113
f 1117/1117/1117 1112/1112/1112 1118/1118/1118
f 1123/1123/1123 1117/1117/1117 1118/1118/1118
f 1122/1122/1122 1117/1117/1117 1123/1123/1123
f 1128/1128/1128 1122/1122/1122 1123/1123/1123
f 1127/1127/1127 1122/1122/1122 1128/1128/1128
f 1133/1133/1133 1127/1127/1127 1128/1128/1128
f 1132/1132/1132 1127/1127/1127 1133/1133/1133
f 1128/1128/1128 1134/1134/1134 1133/1133/1133
f 1129/1129/1129 1134/1134/1134 1128/1128/1128
f 1123/1123/1123 1129/1129/1129 1128/1128/1128
f 1124/1124/1124 1129/1129/1129 1123/1123/1123
f 1118/1118/1118 1124/1124/1124 1123/1123/1123
f 1119/1119/1119 1124/1124/1124 1118/1118/1118
f 1113/1113/1113 1119/1119/1119 1118/1118/1118
f 1114/1114/1114 1119/1119/1119 1113/1113/1113
f 1108/1108/1108 1114/1114/1114 1113/1113/1113
f 1109/1109/1109 1114/1114/1114 1108/1108/1108
f 1129/1129/1129 1135/1135/1135 1134/1134/1134
f 1130/1130/1130 1135/1135/1135 1129/1129/1129
f 1124/1124/1124 1130/1130/1130 1129/1129/1129
f 1125/1125/1125 1130/1130/1130 1124/1124/1124
f 1119/1119/1119 1125/1125/1125 1124/1124/1124
f 1120/1120/1120 1125/1125/1125 1119/1119/1119
f 1114/1114/1114 1120/1120/1120 1119/1119/1119
f 1115/1115/1115 1120/1120/1120 1114/1114/1114
f 1109/1109/1109 1115/1115/1115 1114/1114/1114
f 1110/1110/1110 1115/1115/1115 1109/1109/1109
g Combined Mesh (root: scene)_40
f 1150/1150/1150 1148/1148/1148 1149/1149/1149
f 1151/1151/1151 1148/1148/1148 1150/1150/1150
f 1142/1142/1142 1139/1139/1139 1140/1140/1140
f 1141/1141/1141 1139/1139/1139 1142/1142/1142
f 1223/1223/1223 1143/1143/1143 1137/1137/1137
f 1224/1224/1224 1143/1143/1143 1223/1223/1223
f 1201/1201/1201 1200/1200/1200 1202/1202/1202
f 1203/1203/1203 1200/1200/1200 1201/1201/1201
f 1204/1204/1204 1225/1225/1225 1205/1205/1205
f 1226/1226/1226 1225/1225/1225 1204/1204/1204
f 1227/1227/1227 1206/1206/1206 1207/1207/1207
f 1228/1228/1228 1206/1206/1206 1227/1227/1227
f 1208/1208/1208 1229/1229/1229 1209/1209/1209
f 1230/1230/1230 1229/1229/1229 1208/1208/1208
f 1154/1154/1154 1155/1155/1155 1165/1165/1165
f 1164/1164/1164 1154/1154/1154 1165/1165/1165
f 1153/1153/1153 1154/1154/1154 1164/1164/1164
f 1163/1163/1163 1153/1153/1153 1164/1164/1164
f 1152/1152/1152 1153/1153/1153 1163/1163/1163
f 1162/1162/1162 1152/1152/1152 1163/1163/1163
f 1157/1157/1157 1158/1158/1158 1168/1168/1168
f 1167/1167/1167 1157/1157/1157 1168/1168/1168
f 1156/1156/1156 1157/1157/1157 1167/1167/1167
f 1166/1166/1166 1156/1156/1156 1167/1167/1167
f 1231/1231/1231 1156/1156/1156 1166/1166/1166
f 1232/1232/1232 1231/1231/1231 1166/1166/1166
f 1171/1171/1171 1172/1172/1172 1182/1182/1182
f 1181/1181/1181 1171/1171/1171 1182/1182/1182
f 1170/1170/1170 1171/1171/1171 1181/1181/1181
f 1180/1180/1180 1170/1170/1170 1181/1181/1181
f 1174/1174/1174 1175/1175/1175 1185/1185/1185
f 1184/1184/1184 1174/1174/1174 1185/1185/1185
f 1173/1173/1173 1174/1174/1174 1184/1184/1184
f 1183/1183/1183 1173/1173/1173 1184/1184/1184
f 1233/1233/1233 1173/1173/1173 1183/1183/1183
f 1234/1234/1234 1233/1233/1233 1183/1183/1183
f 1195/1195/1195 1196/1196/1196 1191/1191/1191
f 1190/1190/1190 1195/1195/1195 1191/1191/1191
f 1194/1194/1194 1195/1195/1195 1190/1190/1190
f 1189/1189/1189 1194/1194/1194 1190/1190/1190
f 1193/1193/1193 1194/1194/1194 1189/1189/1189
f 1188/1188/1188 1193/1193/1193 1189/1189/1189
f 1192/1192/1192 1193/1193/1193 1188/1188/1188
f 1187/1187/1187 1192/1192/1192 1188/1188/1188
f 1144/1144/1144 1197/1197/1197 1145/1145/1145
f 1199/1199/1199 1197/1197/1197 1144/1144/1144
f 1147/1147/1147 1199/1199/1199 1144/1144/1144
f 1198/1198/1198 1199/1199/1199 1147/1147/1147
f 1146/1146/1146 1198/1198/1198 1147/1147/1147
f 1138/1138/1138 1198/1198/1198 1146/1146/1146
f 1145/1145/1145 1138/1138/1138 1146/1146/1146
f 1197/1197/1197 1138/1138/1138 1145/1145/1145
f 1169/1169/1169 1160/1160/1160 1161/1161/1161
f 1159/1159/1159 1160/1160/1160 1169/1169/1169
f 1216/1216/1216 1159/1159/1159 1169/1169/1169
f 1169/1169/1169 1211/1211/1211 1212/1212/1212
f 1210/1210/1210 1211/1211/1211 1169/1169/1169
f 1161/1161/1161 1210/1210/1210 1169/1169/1169
f 1169/1169/1169 1214/1214/1214 1215/1215/1215
f 1213/1213/1213 1214/1214/1214 1169/1169/1169
f 1212/1212/1212 1213/1213/1213 1169/1169/1169
f 1169/1169/1169 1215/1215/1215 1216/1216/1216
f 1186/1186/1186 1177/1177/1177 1178/1178/1178
f 1176/1176/1176 1177/1177/1177 1186/1186/1186
f 1222/1222/1222 1176/1176/1176 1186/1186/1186
f 1186/1186/1186 1217/1217/1217 1218/1218/1218
f 1179/1179/1179 1217/1217/1217 1186/1186/1186
f 1178/1178/1178 1179/1179/1179 1186/1186/1186
f 1186/1186/1186 1220/1220/1220 1221/1221/1221
f 1219/1219/1219 1220/1220/1220 1186/1186/1186
f 1218/1218/1218 1219/1219/1219 1186/1186/1186
f 1186/1186/1186 1221/1221/1221 1222/1222/1222
g Combined Mesh (root: scene)_41
f 1238/1238/1238 1235/1235/1235 1236/1236/1236
f 1237/1237/1237 1235/1235/1235 1238/1238/1238
